sample_id,source,is_synthetic,synthetic_type,doc_id,section,category,title,published_at,text,topic,stance,sentiment,topic_id,stance_id,sentiment_id,date,year,is_boilerplate_candidate
manual_000000,manual,False,,9f6ce1f44b56aa106eff8bd6a023dc17763a206d,mp_decisions,press_release,О ключевой ставке Банка России,13 декабря 2013 г,О ключевой ставке Банка России.,Interest rate,Other,Other,1,2,5,2013-12-13,2013,True
manual_000001,manual,False,,9f6ce1f44b56aa106eff8bd6a023dc17763a206d,mp_decisions,press_release,О ключевой ставке Банка России,13 декабря 2013 г,"Совет директоров Банка России 13 декабря 2013 года принял решение сохранить ключевую ставку Банка России на уровне 5,50% годовых.",Interest rate,Backward-looking,Neutral,1,1,2,2013-12-13,2013,False
manual_000002,manual,False,,9f6ce1f44b56aa106eff8bd6a023dc17763a206d,mp_decisions,press_release,О ключевой ставке Банка России,13 декабря 2013 г,Указанное решение принято на основе оценки инфляционных рисков и перспектив экономического роста.,Interest rate,Backward-looking,Neutral,1,1,2,2013-12-13,2013,False
manual_000003,manual,False,,9f6ce1f44b56aa106eff8bd6a023dc17763a206d,mp_decisions,press_release,О ключевой ставке Банка России,13 декабря 2013 г,Динамика основных макроэкономических индикаторов свидетельствует о сохранении низких темпов роста российской экономики.,Economic activity,Backward-looking,Dovish,5,1,1,2013-12-13,2013,False
manual_000004,manual,False,,9f6ce1f44b56aa106eff8bd6a023dc17763a206d,mp_decisions,press_release,О ключевой ставке Банка России,13 декабря 2013 г,"Производственная активность и инвестиционный спрос остаются слабыми, а индикаторы предпринимательской уверенности указывают на отсутствие улучшения настроений производителей.",Economic activity,Backward-looking,Dovish,5,1,1,2013-12-13,2013,False
manual_000005,manual,False,,9f6ce1f44b56aa106eff8bd6a023dc17763a206d,mp_decisions,press_release,О ключевой ставке Банка России,13 декабря 2013 г,"Основным источником экономического роста по-прежнему является потребительская активность, поддерживаемая ростом реальной заработной платы и розничного кредитования.",Economic activity,Backward-looking,Hawkish,5,1,0,2013-12-13,2013,False
manual_000006,manual,False,,9f6ce1f44b56aa106eff8bd6a023dc17763a206d,mp_decisions,press_release,О ключевой ставке Банка России,13 декабря 2013 г,"По оценкам Банка России, совокупный выпуск остается несколько ниже своего потенциального уровня.",Economic activity,Backward-looking,Dovish,5,1,1,2013-12-13,2013,False
manual_000007,manual,False,,9f6ce1f44b56aa106eff8bd6a023dc17763a206d,mp_decisions,press_release,О ключевой ставке Банка России,13 декабря 2013 г,При этом безработица сохраняется на сравнительно невысоком уровне.,Labor market,Backward-looking,Hawkish,6,1,0,2013-12-13,2013,False
manual_000008,manual,False,,9f6ce1f44b56aa106eff8bd6a023dc17763a206d,mp_decisions,press_release,О ключевой ставке Банка России,13 декабря 2013 г,"В ноябре и начале декабря годовой темп прироста потребительских цен увеличился и по оценке на 9 декабря 2013 года составил 6,5%, что выше целевого диапазона по инфляции на текущий год.",Inflation,Backward-looking,Hawkish,0,1,0,2013-12-13,2013,False
manual_000009,manual,False,,9f6ce1f44b56aa106eff8bd6a023dc17763a206d,mp_decisions,press_release,О ключевой ставке Банка России,13 декабря 2013 г,"Повышение темпа инфляции обусловлено главным образом продолжившимся удорожанием плодоовощной продукции, не характерным для данного сезона, и продуктов животного происхождения.",Inflation,Backward-looking,Hawkish,0,1,0,2013-12-13,2013,False
manual_000010,manual,False,,9f6ce1f44b56aa106eff8bd6a023dc17763a206d,mp_decisions,press_release,О ключевой ставке Банка России,13 декабря 2013 г,"По итогам ноября базовая инфляция составила 5,6%.",Inflation,Backward-looking,Neutral,0,1,2,2013-12-13,2013,False
manual_000011,manual,False,,9f6ce1f44b56aa106eff8bd6a023dc17763a206d,mp_decisions,press_release,О ключевой ставке Банка России,13 декабря 2013 г,"Отсутствие выраженного давления на цены со стороны спроса в условиях нахождения совокупного выпуска несколько ниже своего потенциального уровня является одним из факторов, сдерживающих рост цен непродовольственных товаров в последние месяцы.",Inflation,Backward-looking,Dovish,0,1,1,2013-12-13,2013,False
manual_000012,manual,False,,9f6ce1f44b56aa106eff8bd6a023dc17763a206d,mp_decisions,press_release,О ключевой ставке Банка России,13 декабря 2013 г,"По оценкам Банка России, действие факторов, обусловивших ускорение роста цен, имеет краткосрочный характер.",Inflation,Forward-looking,Dovish,0,0,1,2013-12-13,2013,False
manual_000013,manual,False,,9f6ce1f44b56aa106eff8bd6a023dc17763a206d,mp_decisions,press_release,О ключевой ставке Банка России,13 декабря 2013 г,Банк России прогнозирует возобновление снижения темпов роста потребительских цен в первой половине 2014 года и достижение цели по инфляции во второй половине года.,Inflation,Forward-looking,Dovish,0,0,1,2013-12-13,2013,False
manual_000014,manual,False,,9f6ce1f44b56aa106eff8bd6a023dc17763a206d,mp_decisions,press_release,О ключевой ставке Банка России,13 декабря 2013 г,"Ожидается медленное восстановление внешнего спроса и сохранение слабой инвестиционной активности, что окажет сдерживающее влияния на динамику инфляции.",External conditions,Forward-looking,Dovish,7,0,1,2013-12-13,2013,False
manual_000015,manual,False,,9f6ce1f44b56aa106eff8bd6a023dc17763a206d,mp_decisions,press_release,О ключевой ставке Банка России,13 декабря 2013 г,"В то же время наблюдаемое повышение темпов роста потребительских цен может оказать влияние на ожидания субъектов экономики, что служит источником инфляционных рисков.",Expectations,Forward-looking,Risk-highlighting,4,0,3,2013-12-13,2013,False
manual_000016,manual,False,,9f6ce1f44b56aa106eff8bd6a023dc17763a206d,mp_decisions,press_release,О ключевой ставке Банка России,13 декабря 2013 г,В связи с этим важным условием достижения целевых ориентиров по инфляции в среднесрочной перспективе является формирование позитивных тенденций в динамике инфляционных ожиданий.,Expectations,Forward-looking,Neutral,4,0,2,2013-12-13,2013,False
manual_000017,manual,False,,9f6ce1f44b56aa106eff8bd6a023dc17763a206d,mp_decisions,press_release,О ключевой ставке Банка России,13 декабря 2013 г,Банк России продолжит мониторинг инфляционных рисков и рисков замедления экономической активности.,Inflation,Forward-looking,Risk-highlighting,0,0,3,2013-12-13,2013,False
manual_000018,manual,False,,9f6ce1f44b56aa106eff8bd6a023dc17763a206d,mp_decisions,press_release,О ключевой ставке Банка России,13 декабря 2013 г,При принятии решений Банк России будет ориентироваться на цели и прогнозы по инфляции и оценки перспектив экономического роста.,Interest rate,Forward-looking,Neutral,1,0,2,2013-12-13,2013,False
manual_000019,manual,False,,9f6ce1f44b56aa106eff8bd6a023dc17763a206d,mp_decisions,press_release,О ключевой ставке Банка России,13 декабря 2013 г,"Следующее заседание Совета директоров Банка России, на котором будут рассмотрены вопросы денежно-кредитной политики, предполагается провести 14 февраля 2014 года; планируемое время публикации пресс-релиза о решении Совета директоров Банка России — 13:30 по московскому времени.",Other,Other,Other,11,2,5,2013-12-13,2013,False
manual_000020,manual,False,,9f6ce1f44b56aa106eff8bd6a023dc17763a206d,mp_decisions,press_release,О ключевой ставке Банка России,13 декабря 2013 г,При использовании материала ссылка на Пресс-службу Банка России обязательна.,Other,Other,Other,11,2,5,2013-12-13,2013,True
manual_000021,manual,False,,9f6ce1f44b56aa106eff8bd6a023dc17763a206d,mp_decisions,press_release,О ключевой ставке Банка России,13 декабря 2013 г,13.12.2013 00:00:00,Other,Other,Other,11,2,5,2013-12-13,2013,True
manual_000022,manual,False,,67703c9340dd14a10726a138868452570dcac60b,mp_decisions,press_release,О ключевой ставке Банка России,8 ноября 2013 г,О ключевой ставке Банка России.,Interest rate,Other,Other,1,2,5,2013-11-08,2013,True
manual_000023,manual,False,,67703c9340dd14a10726a138868452570dcac60b,mp_decisions,press_release,О ключевой ставке Банка России,8 ноября 2013 г,"Совет директоров Банка России 8 ноября 2013 года принял решение сохранить ключевую ставку Банка России на уровне 5,50% годовых.",Interest rate,Backward-looking,Neutral,1,1,2,2013-11-08,2013,False
manual_000024,manual,False,,67703c9340dd14a10726a138868452570dcac60b,mp_decisions,press_release,О ключевой ставке Банка России,8 ноября 2013 г,Указанное решение принято на основе оценки инфляционных рисков и перспектив экономического роста.,Interest rate,Backward-looking,Neutral,1,1,2,2013-11-08,2013,False
manual_000025,manual,False,,67703c9340dd14a10726a138868452570dcac60b,mp_decisions,press_release,О ключевой ставке Банка России,8 ноября 2013 г,Динамика основных макроэкономических индикаторов указывает на сохранение низких темпов роста российской экономики.,Economic activity,Backward-looking,Dovish,5,1,1,2013-11-08,2013,False
manual_000026,manual,False,,67703c9340dd14a10726a138868452570dcac60b,mp_decisions,press_release,О ключевой ставке Банка России,8 ноября 2013 г,Производственная активность и инвестиционный спрос остаются слабыми.,Economic activity,Backward-looking,Dovish,5,1,1,2013-11-08,2013,False
manual_000027,manual,False,,67703c9340dd14a10726a138868452570dcac60b,mp_decisions,press_release,О ключевой ставке Банка России,8 ноября 2013 г,"Несмотря на улучшение отдельных индикаторов настроений производителей, делать вывод о переломе в их динамике пока преждевременно.",Economic activity,Backward-looking,Neutral,5,1,2,2013-11-08,2013,False
manual_000028,manual,False,,67703c9340dd14a10726a138868452570dcac60b,mp_decisions,press_release,О ключевой ставке Банка России,8 ноября 2013 г,"Основным источником экономического роста в настоящее время остается потребительская активность, поддерживаемая ростом реальной заработной платы и розничного кредитования.",Economic activity,Backward-looking,Hawkish,5,1,0,2013-11-08,2013,False
manual_000029,manual,False,,67703c9340dd14a10726a138868452570dcac60b,mp_decisions,press_release,О ключевой ставке Банка России,8 ноября 2013 г,"По оценкам Банка России, совокупный выпуск остается несколько ниже своего потенциального уровня.",Economic activity,Backward-looking,Dovish,5,1,1,2013-11-08,2013,False
manual_000030,manual,False,,67703c9340dd14a10726a138868452570dcac60b,mp_decisions,press_release,О ключевой ставке Банка России,8 ноября 2013 г,При этом безработица сохраняется на сравнительно низком уровне.,Labor market,Backward-looking,Hawkish,6,1,0,2013-11-08,2013,False
manual_000031,manual,False,,67703c9340dd14a10726a138868452570dcac60b,mp_decisions,press_release,О ключевой ставке Банка России,8 ноября 2013 г,"В связи со слабой инвестиционной активностью и медленным восстановлением внешнего спроса Банк России ожидает сохранения низких темпов роста российской экономики в среднесрочной перспективе, при этом существенного углубления отрицательного разрыва выпуска не прогнозируется.",Economic activity,Forward-looking,Dovish,5,0,1,2013-11-08,2013,False
manual_000032,manual,False,,67703c9340dd14a10726a138868452570dcac60b,mp_decisions,press_release,О ключевой ставке Банка России,8 ноября 2013 г,"В октябре годовой темп прироста потребительских цен увеличился, составив 6,3%, что выше целевого диапазона по инфляции на текущий год.",Inflation,Backward-looking,Hawkish,0,1,0,2013-11-08,2013,False
manual_000033,manual,False,,67703c9340dd14a10726a138868452570dcac60b,mp_decisions,press_release,О ключевой ставке Банка России,8 ноября 2013 г,"Повышение месячного темпа инфляции в октябре обусловлено немонетарными факторами, в том числе удорожанием плодоовощной продукции, не характерным для данного сезона, а также ускорением роста цен на отдельные продукты животного происхождения.",Inflation,Backward-looking,Hawkish,0,1,0,2013-11-08,2013,False
manual_000034,manual,False,,67703c9340dd14a10726a138868452570dcac60b,mp_decisions,press_release,О ключевой ставке Банка России,8 ноября 2013 г,"По итогам октября базовая инфляция сохранилась на уровне 5,5%.",Inflation,Backward-looking,Neutral,0,1,2,2013-11-08,2013,False
manual_000035,manual,False,,67703c9340dd14a10726a138868452570dcac60b,mp_decisions,press_release,О ключевой ставке Банка России,8 ноября 2013 г,"Отсутствие выраженного давления на цены со стороны спроса в условиях нахождения совокупного выпуска несколько ниже своего потенциального уровня является одним из факторов, сдерживающих рост цен непродовольственных товаров и динамику базовой инфляции в последние месяцы.",Inflation,Backward-looking,Dovish,0,1,1,2013-11-08,2013,False
manual_000036,manual,False,,67703c9340dd14a10726a138868452570dcac60b,mp_decisions,press_release,О ключевой ставке Банка России,8 ноября 2013 г,"По оценкам Банка России, действие факторов, обусловивших ускорение роста продовольственных цен, имеет краткосрочный характер, и в 2014 году при сохранении указанных макроэкономических тенденций прогнозируется дальнейшее снижение инфляции.",Inflation,Forward-looking,Dovish,0,0,1,2013-11-08,2013,False
manual_000037,manual,False,,67703c9340dd14a10726a138868452570dcac60b,mp_decisions,press_release,О ключевой ставке Банка России,8 ноября 2013 г,При этом важным условием достижения целевых ориентиров по инфляции в среднесрочной перспективе является формирование более выраженных позитивных тенденций в динамике инфляционных ожиданий.,Expectations,Forward-looking,Neutral,4,0,2,2013-11-08,2013,False
manual_000038,manual,False,,67703c9340dd14a10726a138868452570dcac60b,mp_decisions,press_release,О ключевой ставке Банка России,8 ноября 2013 г,Банк России продолжит мониторинг инфляционных рисков и рисков замедления экономической активности.,Inflation,Forward-looking,Risk-highlighting,0,0,3,2013-11-08,2013,False
manual_000039,manual,False,,67703c9340dd14a10726a138868452570dcac60b,mp_decisions,press_release,О ключевой ставке Банка России,8 ноября 2013 г,При принятии решений Банк России будет ориентироваться на цели и прогнозы по инфляции и оценки перспектив экономического роста.,Interest rate,Forward-looking,Neutral,1,0,2,2013-11-08,2013,False
manual_000040,manual,False,,67703c9340dd14a10726a138868452570dcac60b,mp_decisions,press_release,О ключевой ставке Банка России,8 ноября 2013 г,"Следующее заседание Совета директоров Банка России, на котором будут рассмотрены вопросы денежно-кредитной политики, предполагается провести 13 декабря 2013 года; планируемое время публикации пресс-релиза о решении Совета директоров Банка России — 13:30 по московскому времени.",Other,Other,Other,11,2,5,2013-11-08,2013,False
manual_000041,manual,False,,67703c9340dd14a10726a138868452570dcac60b,mp_decisions,press_release,О ключевой ставке Банка России,8 ноября 2013 г,Процентные ставки по основным операциям Банка России 1 (% годовых).,Monetary conditions,Other,Other,2,2,5,2013-11-08,2013,False
manual_000042,manual,False,,67703c9340dd14a10726a138868452570dcac60b,mp_decisions,press_release,О ключевой ставке Банка России,8 ноября 2013 г,1 Информация о ставках по всем операциям Банка России представлена в таблице «Процентные ставки по операциям Банка России».,Monetary conditions,Other,Other,2,2,5,2013-11-08,2013,False
manual_000043,manual,False,,67703c9340dd14a10726a138868452570dcac60b,mp_decisions,press_release,О ключевой ставке Банка России,8 ноября 2013 г,"2 Плавающая процентная ставка, привязанная к уровню ключевой ставки Банка России.",Interest rate,Other,Other,1,2,5,2013-11-08,2013,False
manual_000044,manual,False,,67703c9340dd14a10726a138868452570dcac60b,mp_decisions,press_release,О ключевой ставке Банка России,8 ноября 2013 г,При использовании материала ссылка на Пресс-службу Банка России обязательна.,Other,Other,Other,11,2,5,2013-11-08,2013,True
manual_000045,manual,False,,67703c9340dd14a10726a138868452570dcac60b,mp_decisions,press_release,О ключевой ставке Банка России,8 ноября 2013 г,08.11.2013 00:00:00,Other,Other,Other,11,2,5,2013-11-08,2013,True
manual_000046,manual,False,,c57fcccbad561737608275c5a6f5f255b3151179,mp_decisions,press_release,О ключевой ставке Банка России,14 октября 2013 г,О ключевой ставке Банка России.,Interest rate,Other,Other,1,2,5,2013-10-14,2013,True
manual_000047,manual,False,,c57fcccbad561737608275c5a6f5f255b3151179,mp_decisions,press_release,О ключевой ставке Банка России,14 октября 2013 г,"Пресс-служба Банка России сообщает, что Совет директоров Банка России 14 октября 2013 года принял решение сохранить ключевую ставку Банка России на уровне 5,50% годовых.",Interest rate,Backward-looking,Neutral,1,1,2,2013-10-14,2013,False
manual_000048,manual,False,,c57fcccbad561737608275c5a6f5f255b3151179,mp_decisions,press_release,О ключевой ставке Банка России,14 октября 2013 г,Указанное решение принято на основе оценки инфляционных рисков и перспектив экономического роста.,Interest rate,Backward-looking,Neutral,1,1,2,2013-10-14,2013,False
manual_000049,manual,False,,c57fcccbad561737608275c5a6f5f255b3151179,mp_decisions,press_release,О ключевой ставке Банка России,14 октября 2013 г,Динамика основных макроэкономических индикаторов указывает на сохранение низких темпов роста российской экономики.,Economic activity,Backward-looking,Dovish,5,1,1,2013-10-14,2013,False
manual_000050,manual,False,,c57fcccbad561737608275c5a6f5f255b3151179,mp_decisions,press_release,О ключевой ставке Банка России,14 октября 2013 г,"Показатели производственной активности и инвестиционного спроса остаются низкими, а индикаторы предпринимательской уверенности отражают дальнейшее ухудшение настроений производителей.",Economic activity,Backward-looking,Dovish,5,1,1,2013-10-14,2013,False
manual_000051,manual,False,,c57fcccbad561737608275c5a6f5f255b3151179,mp_decisions,press_release,О ключевой ставке Банка России,14 октября 2013 г,Тем не менее безработица сохраняется на сравнительно низком уровне.,Labor market,Backward-looking,Hawkish,6,1,0,2013-10-14,2013,False
manual_000052,manual,False,,c57fcccbad561737608275c5a6f5f255b3151179,mp_decisions,press_release,О ключевой ставке Банка России,14 октября 2013 г,"Основным источником экономического роста в настоящее время остается потребительская активность, поддерживаемая ростом реальной заработной платы и розничного кредитования.",Economic activity,Backward-looking,Hawkish,5,1,0,2013-10-14,2013,False
manual_000053,manual,False,,c57fcccbad561737608275c5a6f5f255b3151179,mp_decisions,press_release,О ключевой ставке Банка России,14 октября 2013 г,Однако в связи со слабой инвестиционной активностью и медленным восстановлением внешнего спроса Банк России ожидает сохранения низких темпов роста российской экономики в среднесрочной перспективе.,Economic activity,Forward-looking,Dovish,5,0,1,2013-10-14,2013,False
manual_000054,manual,False,,c57fcccbad561737608275c5a6f5f255b3151179,mp_decisions,press_release,О ключевой ставке Банка России,14 октября 2013 г,"По оценкам Банка России, совокупный выпуск остается несколько ниже своего потенциального уровня, при этом существенного углубления отрицательного разрыва выпуска не прогнозируется.",Economic activity,Forward-looking,Dovish,5,0,1,2013-10-14,2013,False
manual_000055,manual,False,,c57fcccbad561737608275c5a6f5f255b3151179,mp_decisions,press_release,О ключевой ставке Банка России,14 октября 2013 г,"В сентябре и начале октября годовой темп прироста потребительских цен существенно снизился и по оценке на 7 октября 2013 года составил 6,0%, что соответствует верхней границе целевого диапазона по инфляции на текущий год.",Inflation,Backward-looking,Dovish,0,1,1,2013-10-14,2013,False
manual_000056,manual,False,,c57fcccbad561737608275c5a6f5f255b3151179,mp_decisions,press_release,О ключевой ставке Банка России,14 октября 2013 г,В сентябре сокращение годовых темпов роста цен наблюдалось во всех сегментах потребительского рынка.,Inflation,Backward-looking,Dovish,0,1,1,2013-10-14,2013,False
manual_000057,manual,False,,c57fcccbad561737608275c5a6f5f255b3151179,mp_decisions,press_release,О ключевой ставке Банка России,14 октября 2013 г,При этом в связи с изменением сроков индексации регулируемых цен и тарифов значительный вклад в замедление инфляции внесла динамика цен на услуги.,Inflation,Backward-looking,Dovish,0,1,1,2013-10-14,2013,False
manual_000058,manual,False,,c57fcccbad561737608275c5a6f5f255b3151179,mp_decisions,press_release,О ключевой ставке Банка России,14 октября 2013 г,"По итогам сентября годовой темп базовой инфляции сохранился на уровне 5,5%.",Inflation,Backward-looking,Neutral,0,1,2,2013-10-14,2013,False
manual_000059,manual,False,,c57fcccbad561737608275c5a6f5f255b3151179,mp_decisions,press_release,О ключевой ставке Банка России,14 октября 2013 г,Отсутствие выраженного давления на цены со стороны спроса в условиях нахождения совокупного выпуска несколько ниже своего потенциального уровня является одним из факторов снижения базовой инфляции в последние месяцы.,Inflation,Backward-looking,Dovish,0,1,1,2013-10-14,2013,False
manual_000060,manual,False,,c57fcccbad561737608275c5a6f5f255b3151179,mp_decisions,press_release,О ключевой ставке Банка России,14 октября 2013 г,"По оценкам Банка России, с учетом улучшения ситуации на продовольственном рынке ввиду благоприятных данных по сбору урожая основных сельскохозяйственных культур инфляция продолжит замедляться, оставаясь в рамках целевого диапазона до конца года.",Inflation,Forward-looking,Dovish,0,0,1,2013-10-14,2013,False
manual_000061,manual,False,,c57fcccbad561737608275c5a6f5f255b3151179,mp_decisions,press_release,О ключевой ставке Банка России,14 октября 2013 г,В 2014 году при сохранении наблюдаемых макроэкономических тенденций прогнозируется дальнейшее снижение инфляции.,Inflation,Forward-looking,Dovish,0,0,1,2013-10-14,2013,False
manual_000062,manual,False,,c57fcccbad561737608275c5a6f5f255b3151179,mp_decisions,press_release,О ключевой ставке Банка России,14 октября 2013 г,При этом важным условием достижения целевых ориентиров по инфляции в среднесрочной перспективе является формирование более выраженных позитивных тенденций в динамике инфляционных ожиданий.,Expectations,Forward-looking,Neutral,4,0,2,2013-10-14,2013,False
manual_000063,manual,False,,c57fcccbad561737608275c5a6f5f255b3151179,mp_decisions,press_release,О ключевой ставке Банка России,14 октября 2013 г,Банк России продолжит мониторинг инфляционных рисков и рисков замедления экономической активности.,Inflation,Forward-looking,Risk-highlighting,0,0,3,2013-10-14,2013,False
manual_000064,manual,False,,c57fcccbad561737608275c5a6f5f255b3151179,mp_decisions,press_release,О ключевой ставке Банка России,14 октября 2013 г,При принятии решений Банк России будет ориентироваться на цели по инфляции и оценки перспектив экономического роста.,Interest rate,Forward-looking,Neutral,1,0,2,2013-10-14,2013,False
manual_000065,manual,False,,c57fcccbad561737608275c5a6f5f255b3151179,mp_decisions,press_release,О ключевой ставке Банка России,14 октября 2013 г,"Следующее заседание Совета директоров Банка России, на котором будут рассмотрены вопросы денежно-кредитной политики, предполагается провести 8 ноября 2013 года; планируемое время публикации пресс-релиза о решении Совета директоров Банка России — 13:30 по московскому времени.",Other,Other,Other,11,2,5,2013-10-14,2013,False
manual_000066,manual,False,,c57fcccbad561737608275c5a6f5f255b3151179,mp_decisions,press_release,О ключевой ставке Банка России,14 октября 2013 г,При использовании материала ссылка на Пресс-службу Банка России обязательна.,Other,Other,Other,11,2,5,2013-10-14,2013,True
manual_000067,manual,False,,c57fcccbad561737608275c5a6f5f255b3151179,mp_decisions,press_release,О ключевой ставке Банка России,14 октября 2013 г,14.10.2013 00:00:00,Other,Other,Other,11,2,5,2013-10-14,2013,True
manual_000068,manual,False,,4dfb237682ded58ac25296d427cb37a2759d2f75,mp_decisions,press_release,О ключевой ставке Банка России,3 марта 2014 г,О ключевой ставке Банка России.,Interest rate,Other,Other,1,2,5,2014-03-03,2014,True
manual_000069,manual,False,,4dfb237682ded58ac25296d427cb37a2759d2f75,mp_decisions,press_release,О ключевой ставке Банка России,3 марта 2014 г,"Совет директоров Банка России с 11.00 мск 3 марта 2014 года принял решение временно повысить ключевую ставку до 7,0% годовых.",Interest rate,Backward-looking,Hawkish,1,1,0,2014-03-03,2014,False
manual_000070,manual,False,,4dfb237682ded58ac25296d427cb37a2759d2f75,mp_decisions,press_release,О ключевой ставке Банка России,3 марта 2014 г,"Решение направлено на предотвращение возникновения рисков для инфляции и финансовой стабильности, связанных с наблюдаемым в последнее время повышенным уровнем волатильности на финансовых рынках.",Interest rate,Forward-looking,Risk-highlighting,1,0,3,2014-03-03,2014,False
manual_000071,manual,False,,4dfb237682ded58ac25296d427cb37a2759d2f75,mp_decisions,press_release,О ключевой ставке Банка России,3 марта 2014 г,Следующее заседание Совета директоров Банка России по вопросам денежно-кредитной политики состоится 14 марта 2014 года.,Other,Other,Other,11,2,5,2014-03-03,2014,False
manual_000072,manual,False,,4dfb237682ded58ac25296d427cb37a2759d2f75,mp_decisions,press_release,О ключевой ставке Банка России,3 марта 2014 г,Процентные ставки по операциям Банка России (% годовых).,Monetary conditions,Other,Other,2,2,5,2014-03-03,2014,False
manual_000073,manual,False,,4dfb237682ded58ac25296d427cb37a2759d2f75,mp_decisions,press_release,О ключевой ставке Банка России,3 марта 2014 г,При использовании материала ссылка на Пресс-службу Банка России обязательна.,Other,Other,Other,11,2,5,2014-03-03,2014,True
manual_000074,manual,False,,4dfb237682ded58ac25296d427cb37a2759d2f75,mp_decisions,press_release,О ключевой ставке Банка России,3 марта 2014 г,03.03.2014 00:00:00,Other,Other,Other,11,2,5,2014-03-03,2014,True
manual_000075,manual,False,,d645f6335e71e7f20ed84972eb861d88465b8a35,mp_decisions,press_release,О ключевой ставке Банка России,14 февраля 2014 г,О ключевой ставке Банка России.,Interest rate,Other,Other,1,2,5,2014-02-14,2014,True
manual_000076,manual,False,,d645f6335e71e7f20ed84972eb861d88465b8a35,mp_decisions,press_release,О ключевой ставке Банка России,14 февраля 2014 г,"Совет директоров Банка России 14 февраля 2014 года принял решение сохранить ключевую ставку на уровне 5,50% годовых.",Interest rate,Backward-looking,Neutral,1,1,2,2014-02-14,2014,False
manual_000077,manual,False,,d645f6335e71e7f20ed84972eb861d88465b8a35,mp_decisions,press_release,О ключевой ставке Банка России,14 февраля 2014 г,"Указанное решение принято на основе анализа текущих тенденций и макроэкономического прогноза, согласно которому при неизменной направленности денежно-кредитной политики инфляция будет близка к целевому уровню в конце 2014 года на фоне невысоких темпов роста российской экономики.",Interest rate,Forward-looking,Neutral,1,0,2,2014-02-14,2014,False
manual_000078,manual,False,,d645f6335e71e7f20ed84972eb861d88465b8a35,mp_decisions,press_release,О ключевой ставке Банка России,14 февраля 2014 г,"Продолжается медленное восстановление мировой экономики, при этом тенденции в различных регионах остаются разнонаправленными.",External conditions,Backward-looking,Neutral,7,1,2,2014-02-14,2014,False
manual_000079,manual,False,,d645f6335e71e7f20ed84972eb861d88465b8a35,mp_decisions,press_release,О ключевой ставке Банка России,14 февраля 2014 г,Слабый экономический рост в странах — торговых партнерах России ограничивает спрос на товары российского экспорта и оказывает сдерживающее влияние на отечественную экономику.,External conditions,Backward-looking,Dovish,7,1,1,2014-02-14,2014,False
manual_000080,manual,False,,d645f6335e71e7f20ed84972eb861d88465b8a35,mp_decisions,press_release,О ключевой ставке Банка России,14 февраля 2014 г,В то же время цены на нефть сохраняются на стабильно высоком уровне.,External conditions,Backward-looking,Hawkish,7,1,0,2014-02-14,2014,False
manual_000081,manual,False,,d645f6335e71e7f20ed84972eb861d88465b8a35,mp_decisions,press_release,О ключевой ставке Банка России,14 февраля 2014 г,Темпы роста российской экономики остаются низкими.,Economic activity,Backward-looking,Dovish,5,1,1,2014-02-14,2014,False
manual_000082,manual,False,,d645f6335e71e7f20ed84972eb861d88465b8a35,mp_decisions,press_release,О ключевой ставке Банка России,14 февраля 2014 г,Продолжается стагнация промышленного производства.,Economic activity,Backward-looking,Dovish,5,1,1,2014-02-14,2014,False
manual_000083,manual,False,,d645f6335e71e7f20ed84972eb861d88465b8a35,mp_decisions,press_release,О ключевой ставке Банка России,14 февраля 2014 г,При этом индикаторы предпринимательской уверенности указывают на отсутствие улучшения настроений производителей.,Economic activity,Backward-looking,Dovish,5,1,1,2014-02-14,2014,False
manual_000084,manual,False,,d645f6335e71e7f20ed84972eb861d88465b8a35,mp_decisions,press_release,О ключевой ставке Банка России,14 февраля 2014 г,Слабая инвестиционная активность обусловлена общей экономической неопределенностью и снижением прибылей компаний реального сектора.,Economic activity,Backward-looking,Dovish,5,1,1,2014-02-14,2014,False
manual_000085,manual,False,,d645f6335e71e7f20ed84972eb861d88465b8a35,mp_decisions,press_release,О ключевой ставке Банка России,14 февраля 2014 г,Основным источником экономического роста по-прежнему является потребительский спрос.,Economic activity,Backward-looking,Hawkish,5,1,0,2014-02-14,2014,False
manual_000086,manual,False,,d645f6335e71e7f20ed84972eb861d88465b8a35,mp_decisions,press_release,О ключевой ставке Банка России,14 февраля 2014 г,Поддержку ему оказывает рост розничного кредитования и реальной заработной платы.,Credit,Backward-looking,Hawkish,3,1,0,2014-02-14,2014,False
manual_000087,manual,False,,d645f6335e71e7f20ed84972eb861d88465b8a35,mp_decisions,press_release,О ключевой ставке Банка России,14 февраля 2014 г,Совокупный выпуск товаров и услуг остается несколько ниже своего потенциального уровня.,Economic activity,Backward-looking,Dovish,5,1,1,2014-02-14,2014,False
manual_000088,manual,False,,d645f6335e71e7f20ed84972eb861d88465b8a35,mp_decisions,press_release,О ключевой ставке Банка России,14 февраля 2014 г,В условиях низкой экономической активности увеличения спроса на банковские кредиты не наблюдалось.,Economic activity,Backward-looking,Dovish,5,1,1,2014-02-14,2014,False
manual_000089,manual,False,,d645f6335e71e7f20ed84972eb861d88465b8a35,mp_decisions,press_release,О ключевой ставке Банка России,14 февраля 2014 г,Это способствовало некоторому снижению процентных ставок по кредитам банков и ставок по вкладам населения.,Monetary conditions,Backward-looking,Neutral,2,1,2,2014-02-14,2014,False
manual_000090,manual,False,,d645f6335e71e7f20ed84972eb861d88465b8a35,mp_decisions,press_release,О ключевой ставке Банка России,14 февраля 2014 г,"Динамика кредитования нефинансовых организаций оставалась стабильной, несмотря на продолжающееся ужесточение требований к финансовому положению заемщика и качеству обеспечения по кредитам.",Credit,Backward-looking,Neutral,3,1,2,2014-02-14,2014,False
manual_000091,manual,False,,d645f6335e71e7f20ed84972eb861d88465b8a35,mp_decisions,press_release,О ключевой ставке Банка России,14 февраля 2014 г,"Темпы роста кредитования населения продолжили снижаться, однако были по-прежнему высокими.",Credit,Backward-looking,Neutral,3,1,2,2014-02-14,2014,False
manual_000092,manual,False,,d645f6335e71e7f20ed84972eb861d88465b8a35,mp_decisions,press_release,О ключевой ставке Банка России,14 февраля 2014 г,"По оценкам Банка России, текущая динамика кредитования не является фактором, сдерживающим экономический рост.",Credit,Backward-looking,Hawkish,3,1,0,2014-02-14,2014,False
manual_000093,manual,False,,d645f6335e71e7f20ed84972eb861d88465b8a35,mp_decisions,press_release,О ключевой ставке Банка России,14 февраля 2014 г,"В декабре 2013 года годовой темп прироста потребительских цен составил 6,5%, что выше целевого диапазона на указанный период.",Inflation,Backward-looking,Hawkish,0,1,0,2014-02-14,2014,False
manual_000094,manual,False,,d645f6335e71e7f20ed84972eb861d88465b8a35,mp_decisions,press_release,О ключевой ставке Банка России,14 февраля 2014 г,Ускорение инфляции в IV квартале 2013 года было преимущественно обусловлено увеличением темпов роста цен плодовоовощной продукции и продуктов животного происхождения.,Inflation,Backward-looking,Hawkish,0,1,0,2014-02-14,2014,False
manual_000095,manual,False,,d645f6335e71e7f20ed84972eb861d88465b8a35,mp_decisions,press_release,О ключевой ставке Банка России,14 февраля 2014 г,"По оценкам Банка России, вклад этого фактора составил 0,5 процентного пункта.",Inflation,Backward-looking,Neutral,0,1,2,2014-02-14,2014,False
manual_000096,manual,False,,d645f6335e71e7f20ed84972eb861d88465b8a35,mp_decisions,press_release,О ключевой ставке Банка России,14 февраля 2014 г,Вместе с тем в начале 2014 года годовой темп прироста потребительских цен снизился.,Inflation,Backward-looking,Dovish,0,1,1,2014-02-14,2014,False
manual_000097,manual,False,,d645f6335e71e7f20ed84972eb861d88465b8a35,mp_decisions,press_release,О ключевой ставке Банка России,14 февраля 2014 г,"По оценке, на 10 февраля 2014 года он составил 6,1%.",Inflation,Backward-looking,Neutral,0,1,2,2014-02-14,2014,False
manual_000098,manual,False,,d645f6335e71e7f20ed84972eb861d88465b8a35,mp_decisions,press_release,О ключевой ставке Банка России,14 февраля 2014 г,Причиной замедления инфляции стало снижение темпов роста продовольственных цен.,Inflation,Backward-looking,Dovish,0,1,1,2014-02-14,2014,False
manual_000099,manual,False,,d645f6335e71e7f20ed84972eb861d88465b8a35,mp_decisions,press_release,О ключевой ставке Банка России,14 февраля 2014 г,Базовая инфляция во втором полугодии 2013 года и в начале 2014 года оставалась стабильной.,Inflation,Backward-looking,Neutral,0,1,2,2014-02-14,2014,False
manual_000100,manual,False,,d645f6335e71e7f20ed84972eb861d88465b8a35,mp_decisions,press_release,О ключевой ставке Банка России,14 февраля 2014 г,"По прогнозам, в первом полугодии 2014 года действие факторов, обусловивших ускорение инфляции в конце 2013 года, будет исчерпано.",Inflation,Forward-looking,Dovish,0,0,1,2014-02-14,2014,False
manual_000101,manual,False,,d645f6335e71e7f20ed84972eb861d88465b8a35,mp_decisions,press_release,О ключевой ставке Банка России,14 февраля 2014 г,В условиях медленного восстановления внешнего спроса и слабой инвестиционной активности совокупный выпуск товаров и услуг сохранится ниже потенциального уровня.,External conditions,Forward-looking,Dovish,7,0,1,2014-02-14,2014,False
manual_000102,manual,False,,d645f6335e71e7f20ed84972eb861d88465b8a35,mp_decisions,press_release,О ключевой ставке Банка России,14 февраля 2014 г,Это будет способствовать снижению темпов роста потребительских цен.,Inflation,Forward-looking,Dovish,0,0,1,2014-02-14,2014,False
manual_000103,manual,False,,d645f6335e71e7f20ed84972eb861d88465b8a35,mp_decisions,press_release,О ключевой ставке Банка России,14 февраля 2014 г,"Сдерживающее влияние на инфляцию в 2014 году будут также оказывать относительно низкие темпы роста денежных агрегатов, сформировавшиеся в 2012 году и в целом сохранившиеся по итогам 2013 года.",Inflation,Forward-looking,Dovish,0,0,1,2014-02-14,2014,False
manual_000104,manual,False,,d645f6335e71e7f20ed84972eb861d88465b8a35,mp_decisions,press_release,О ключевой ставке Банка России,14 февраля 2014 г,"С учетом указанных тенденций при данном уровне ключевой ставки Банк России ожидает, что темпы прироста потребительских цен продолжат снижаться и выйдут на целевой уровень 5,0% в конце 2014 года.",Interest rate,Forward-looking,Dovish,1,0,1,2014-02-14,2014,False
manual_000105,manual,False,,d645f6335e71e7f20ed84972eb861d88465b8a35,mp_decisions,press_release,О ключевой ставке Банка России,14 февраля 2014 г,"Основным источником неопределенности для данного прогноза являются инфляционные риски, связанные с ускорением роста цен в конце 2013 года и наблюдаемым ослаблением национальной валюты.",Inflation,Forward-looking,Risk-highlighting,0,0,3,2014-02-14,2014,False
manual_000106,manual,False,,d645f6335e71e7f20ed84972eb861d88465b8a35,mp_decisions,press_release,О ключевой ставке Банка России,14 февраля 2014 г,"Если негативное воздействие указанных факторов распространится на цены широкого круга товаров и услуг и на ожидания населения, повышается вероятность отклонения инфляции от среднесрочных целевых ориентиров.",Inflation,Forward-looking,Risk-highlighting,0,0,3,2014-02-14,2014,False
manual_000107,manual,False,,d645f6335e71e7f20ed84972eb861d88465b8a35,mp_decisions,press_release,О ключевой ставке Банка России,14 февраля 2014 г,В этом случае Банк России будет готов ужесточить денежно-кредитную политику.,Interest rate,Forward-looking,Hawkish,1,0,0,2014-02-14,2014,False
manual_000108,manual,False,,d645f6335e71e7f20ed84972eb861d88465b8a35,mp_decisions,press_release,О ключевой ставке Банка России,14 февраля 2014 г,Следующее заседание Совета директоров Банка России состоится 14 марта 2014 года.,Other,Other,Other,11,2,5,2014-02-14,2014,False
manual_000109,manual,False,,d645f6335e71e7f20ed84972eb861d88465b8a35,mp_decisions,press_release,О ключевой ставке Банка России,14 февраля 2014 г,Планируемое время публикации пресс-релиза о решении Совета директоров Банка России — 13:30 по московскому времени.,Other,Other,Other,11,2,5,2014-02-14,2014,False
manual_000110,manual,False,,d645f6335e71e7f20ed84972eb861d88465b8a35,mp_decisions,press_release,О ключевой ставке Банка России,14 февраля 2014 г,Процентные ставки по основным операциям Банка России 1 (% годовых).,Monetary conditions,Other,Other,2,2,5,2014-02-14,2014,False
manual_000111,manual,False,,d645f6335e71e7f20ed84972eb861d88465b8a35,mp_decisions,press_release,О ключевой ставке Банка России,14 февраля 2014 г,"5,50 (ключевая ставка).",Interest rate,Other,Other,1,2,5,2014-02-14,2014,True
manual_000112,manual,False,,d645f6335e71e7f20ed84972eb861d88465b8a35,mp_decisions,press_release,О ключевой ставке Банка России,14 февраля 2014 г,При использовании материала ссылка на Пресс-службу Банка России обязательна.,Other,Other,Other,11,2,5,2014-02-14,2014,True
manual_000113,manual,False,,d645f6335e71e7f20ed84972eb861d88465b8a35,mp_decisions,press_release,О ключевой ставке Банка России,14 февраля 2014 г,14.02.2014 00:00:00,Other,Other,Other,11,2,5,2014-02-14,2014,True
manual_000114,manual,False,,53dbd7bd8cc3a0bc9e5657c2b76aa40f7eb88c6e,decision_key_rate,summary,Резюме обсуждения ключевой ставки,27.02.2024,Участники обсуждения в ходе подготовки к решению по ключевой ставке 16 февраля 2024 года заслушали доклады Департамента денежно-кредитной политики и Департамента исследований и прогнозирования.,Interest rate,Backward-looking,Neutral,1,1,2,2024-02-27,2024,False
manual_000115,manual,False,,53dbd7bd8cc3a0bc9e5657c2b76aa40f7eb88c6e,decision_key_rate,summary,Резюме обсуждения ключевой ставки,27.02.2024,"Департаменты представили свои предложения по базовому макроэкономическому прогнозу на 2024–2026 годы и его вариациям, учитывая последние поступившие данные и складывающиеся тенденции.",Economic activity,Forward-looking,Neutral,5,0,2,2024-02-27,2024,False
manual_000116,manual,False,,53dbd7bd8cc3a0bc9e5657c2b76aa40f7eb88c6e,decision_key_rate,summary,Резюме обсуждения ключевой ставки,27.02.2024,Главные управления Банка России представили доклады о ситуации в регионах.,Economic activity,Backward-looking,Neutral,5,1,2,2024-02-27,2024,False
manual_000117,manual,False,,53dbd7bd8cc3a0bc9e5657c2b76aa40f7eb88c6e,decision_key_rate,summary,Резюме обсуждения ключевой ставки,27.02.2024,Дополнительно участники обсуждения рассмотрели информацию Департамента финансовой стабильности и Департамента организации международных расчетов.,Financial sector & Macroprudential policy,Backward-looking,Neutral,10,1,2,2024-02-27,2024,False
manual_000118,manual,False,,53dbd7bd8cc3a0bc9e5657c2b76aa40f7eb88c6e,decision_key_rate,summary,Резюме обсуждения ключевой ставки,27.02.2024,Материал отражает ключевые моменты обсуждения при подготовке решения.,Other,Other,Other,11,2,5,2024-02-27,2024,False
manual_000119,manual,False,,53dbd7bd8cc3a0bc9e5657c2b76aa40f7eb88c6e,decision_key_rate,summary,Резюме обсуждения ключевой ставки,27.02.2024,"Рост ВВП в 2023 году составил 3,6%.",Economic activity,Backward-looking,Neutral,5,1,2,2024-02-27,2024,False
manual_000120,manual,False,,53dbd7bd8cc3a0bc9e5657c2b76aa40f7eb88c6e,decision_key_rate,summary,Резюме обсуждения ключевой ставки,27.02.2024,"Уровень ВВП сложился существенно выше прогноза, в том числе в связи с пересмотром данных за 2021 и 2022 годы.",Economic activity,Backward-looking,Hawkish,5,1,0,2024-02-27,2024,False
manual_000121,manual,False,,53dbd7bd8cc3a0bc9e5657c2b76aa40f7eb88c6e,decision_key_rate,summary,Резюме обсуждения ключевой ставки,27.02.2024,"Основной вклад в рост ВВП внес внутренний спрос (инвестиции, изменение запасов материальных оборотных средств и потребление домохозяйств).",Economic activity,Backward-looking,Hawkish,5,1,0,2024-02-27,2024,False
manual_000122,manual,False,,53dbd7bd8cc3a0bc9e5657c2b76aa40f7eb88c6e,decision_key_rate,summary,Резюме обсуждения ключевой ставки,27.02.2024,"По оперативным данным, в начале года экономическая активность оставалась высокой, но несколько замедлила рост.",Economic activity,Backward-looking,Dovish,5,1,1,2024-02-27,2024,False
manual_000123,manual,False,,53dbd7bd8cc3a0bc9e5657c2b76aa40f7eb88c6e,decision_key_rate,summary,Резюме обсуждения ключевой ставки,27.02.2024,"Хотя безработица находится на историческом минимуме (в декабре — 2,8% с сезонной корректировкой (с.к.)), напряженность на рынке труда перестала нарастать.",Labor market,Backward-looking,Dovish,6,1,1,2024-02-27,2024,False
manual_000124,manual,False,,53dbd7bd8cc3a0bc9e5657c2b76aa40f7eb88c6e,decision_key_rate,summary,Резюме обсуждения ключевой ставки,27.02.2024,"Годовая инфляция в 2023 году составила 7,4%.",Inflation,Backward-looking,Hawkish,0,1,0,2024-02-27,2024,False
manual_000125,manual,False,,53dbd7bd8cc3a0bc9e5657c2b76aa40f7eb88c6e,decision_key_rate,summary,Резюме обсуждения ключевой ставки,27.02.2024,В декабре 2023 — январе 2024 года текущий рост цен замедлился по сравнению с пиковыми значениями в осенние месяцы.,Inflation,Backward-looking,Dovish,0,1,1,2024-02-27,2024,False
manual_000126,manual,False,,53dbd7bd8cc3a0bc9e5657c2b76aa40f7eb88c6e,decision_key_rate,summary,Резюме обсуждения ключевой ставки,27.02.2024,"Ценовые ожидания предприятий и инфляционные ожидания населения снизились, но оставались на повышенных уровнях.",Expectations,Backward-looking,Hawkish,4,1,0,2024-02-27,2024,False
manual_000127,manual,False,,53dbd7bd8cc3a0bc9e5657c2b76aa40f7eb88c6e,decision_key_rate,summary,Резюме обсуждения ключевой ставки,27.02.2024,"Участники обсуждения отметили, что если во время декабрьского заседания были вопросы относительно степени и скорости подстройки экономики и инфляции к повышениям ключевой ставки, то в последние месяцы стало очевидно, что действие трансмиссионного механизма денежно-кредитной политики ускорилось по всем каналам.",Interest rate,Backward-looking,Hawkish,1,1,0,2024-02-27,2024,False
manual_000128,manual,False,,53dbd7bd8cc3a0bc9e5657c2b76aa40f7eb88c6e,decision_key_rate,summary,Резюме обсуждения ключевой ставки,27.02.2024,"В частности, возросли ставки на кредитном и депозитном рынках, скорректировались импорт и курс рубля, снизились инфляционные ожидания всех экономических агентов, сократились темпы расширения кредитных портфелей, активно росли сбережения.",Monetary conditions,Backward-looking,Dovish,2,1,1,2024-02-27,2024,False
manual_000129,manual,False,,53dbd7bd8cc3a0bc9e5657c2b76aa40f7eb88c6e,decision_key_rate,summary,Резюме обсуждения ключевой ставки,27.02.2024,"Инфляционное давление постепенно ослабевает, что является следствием ужесточения денежно-кредитной политики.",Inflation,Backward-looking,Dovish,0,1,1,2024-02-27,2024,False
manual_000130,manual,False,,53dbd7bd8cc3a0bc9e5657c2b76aa40f7eb88c6e,decision_key_rate,summary,Резюме обсуждения ключевой ставки,27.02.2024,"Вместе с тем, хотя все участники согласились с этим выводом, у них были различные суждения относительно интенсивности дезинфляции с учетом сохраняющихся высоких инфляционных рисков и общей неопределенности.",Inflation,Forward-looking,Risk-highlighting,0,0,3,2024-02-27,2024,False
manual_000131,manual,False,,53dbd7bd8cc3a0bc9e5657c2b76aa40f7eb88c6e,decision_key_rate,summary,Резюме обсуждения ключевой ставки,27.02.2024,"С одной стороны, рост цен существенно замедлился: 6,5% с сезонной корректировкой в годовом выражении (с.к.г.) в среднем в декабре — январе против 11,3% с.к.г. в среднем в июле — ноябре 2023 года.",Inflation,Backward-looking,Dovish,0,1,1,2024-02-27,2024,False
manual_000132,manual,False,,53dbd7bd8cc3a0bc9e5657c2b76aa40f7eb88c6e,decision_key_rate,summary,Резюме обсуждения ключевой ставки,27.02.2024,Замедление роста цен происходило по широкому кругу товаров и услуг.,Inflation,Backward-looking,Dovish,0,1,1,2024-02-27,2024,False
manual_000133,manual,False,,53dbd7bd8cc3a0bc9e5657c2b76aa40f7eb88c6e,decision_key_rate,summary,Резюме обсуждения ключевой ставки,27.02.2024,"Как следствие, заметно снизились оценки устойчивой инфляции, в том числе базовой (7,0% с.к.г. в среднем в декабре — январе против 9,8% с.к.г. в среднем в июле — ноябре 2023 года).",Inflation,Backward-looking,Dovish,0,1,1,2024-02-27,2024,False
manual_000134,manual,False,,53dbd7bd8cc3a0bc9e5657c2b76aa40f7eb88c6e,decision_key_rate,summary,Резюме обсуждения ключевой ставки,27.02.2024,"С другой стороны, было высказано мнение, что замедление инфляции в большой степени связано с разовыми факторами.",Inflation,Backward-looking,Risk-highlighting,0,1,3,2024-02-27,2024,False
manual_000135,manual,False,,53dbd7bd8cc3a0bc9e5657c2b76aa40f7eb88c6e,decision_key_rate,summary,Резюме обсуждения ключевой ставки,27.02.2024,"К примеру, в декабре — январе темпы роста цен на отдельных продовольственных рынках понизились благодаря улучшению ситуации с предложением.",Inflation,Backward-looking,Dovish,0,1,1,2024-02-27,2024,False
manual_000136,manual,False,,53dbd7bd8cc3a0bc9e5657c2b76aa40f7eb88c6e,decision_key_rate,summary,Резюме обсуждения ключевой ставки,27.02.2024,"Кроме того, хотя в эти месяцы вес быстро дорожающих категорий потребительской корзины в общем индексе начал снижаться, темпы этого снижения меньше, чем были темпы его роста во второй половине 2023 года.",Inflation,Backward-looking,Hawkish,0,1,0,2024-02-27,2024,False
manual_000137,manual,False,,53dbd7bd8cc3a0bc9e5657c2b76aa40f7eb88c6e,decision_key_rate,summary,Резюме обсуждения ключевой ставки,27.02.2024,Это может быть признаком сохранения инерции в устойчивой части инфляции.,Inflation,Forward-looking,Risk-highlighting,0,0,3,2024-02-27,2024,False
manual_000138,manual,False,,53dbd7bd8cc3a0bc9e5657c2b76aa40f7eb88c6e,decision_key_rate,summary,Резюме обсуждения ключевой ставки,27.02.2024,"Участники отметили, что в целом инфляционное давление в январе оставалось примерно таким же, как в декабре.",Inflation,Backward-looking,Neutral,0,1,2,2024-02-27,2024,False
manual_000139,manual,False,,53dbd7bd8cc3a0bc9e5657c2b76aa40f7eb88c6e,decision_key_rate,summary,Резюме обсуждения ключевой ставки,27.02.2024,"Единственным исключением стал сектор услуг, где рост цен (за вычетом ЖКУ) существенно ускорился (11,5% с.к.г. против 5,4% с.к.г. в декабре).",Inflation,Backward-looking,Hawkish,0,1,0,2024-02-27,2024,False
manual_000140,manual,False,,53dbd7bd8cc3a0bc9e5657c2b76aa40f7eb88c6e,decision_key_rate,summary,Резюме обсуждения ключевой ставки,27.02.2024,В основном это ускорение связано с удорожанием санаторно-курортных услуг.,Inflation,Backward-looking,Hawkish,0,1,0,2024-02-27,2024,False
manual_000141,manual,False,,53dbd7bd8cc3a0bc9e5657c2b76aa40f7eb88c6e,decision_key_rate,summary,Резюме обсуждения ключевой ставки,27.02.2024,"Участники обсуждения предположили, что могла измениться сезонность в динамике цен на услуги внутреннего туризма из-за того, что россияне переориентировались с зарубежных поездок на поездки по стране.",Inflation,Backward-looking,Neutral,0,1,2,2024-02-27,2024,False
manual_000142,manual,False,,53dbd7bd8cc3a0bc9e5657c2b76aa40f7eb88c6e,decision_key_rate,summary,Резюме обсуждения ключевой ставки,27.02.2024,"Участники согласились, что динамика цен на платные услуги в целом является важным индикатором изменения спроса (в том числе под влиянием денежно-кредитной политики).",Inflation,Backward-looking,Neutral,0,1,2,2024-02-27,2024,False
manual_000143,manual,False,,53dbd7bd8cc3a0bc9e5657c2b76aa40f7eb88c6e,decision_key_rate,summary,Резюме обсуждения ключевой ставки,27.02.2024,"Пока сложно дать однозначную оценку того, устойчивыми или разовыми факторами определяется такая динамика цен на платные услуги.",Inflation,Backward-looking,Risk-highlighting,0,1,3,2024-02-27,2024,False
manual_000144,manual,False,,53dbd7bd8cc3a0bc9e5657c2b76aa40f7eb88c6e,decision_key_rate,summary,Резюме обсуждения ключевой ставки,27.02.2024,"В ходе дискуссии обсуждались риски того, что в сложившихся обстоятельствах инфляция может надолго закрепиться на повышенном уровне.",Inflation,Forward-looking,Risk-highlighting,0,0,3,2024-02-27,2024,False
manual_000145,manual,False,,53dbd7bd8cc3a0bc9e5657c2b76aa40f7eb88c6e,decision_key_rate,summary,Резюме обсуждения ключевой ставки,27.02.2024,"Начиная с пандемии инфляция большую часть времени была повышенной в силу факторов как на стороне спроса, так и на стороне предложения.",Inflation,Backward-looking,Hawkish,0,1,0,2024-02-27,2024,False
manual_000146,manual,False,,53dbd7bd8cc3a0bc9e5657c2b76aa40f7eb88c6e,decision_key_rate,summary,Резюме обсуждения ключевой ставки,27.02.2024,"Инфляционные ожидания населения и ценовые ожидания предприятий хотя и снизились с пиковых значений, но остаются высокими и незаякоренными.",Expectations,Backward-looking,Hawkish,4,1,0,2024-02-27,2024,False
manual_000147,manual,False,,53dbd7bd8cc3a0bc9e5657c2b76aa40f7eb88c6e,decision_key_rate,summary,Резюме обсуждения ключевой ставки,27.02.2024,В результате возвращение инфляции к 4% может характеризоваться значительной инерцией и требовать продолжительного периода жестких денежно-кредитных условий.,Inflation,Forward-looking,Hawkish,0,0,0,2024-02-27,2024,False
manual_000148,manual,False,,53dbd7bd8cc3a0bc9e5657c2b76aa40f7eb88c6e,decision_key_rate,summary,Резюме обсуждения ключевой ставки,27.02.2024,"Участники обсуждения отметили, что в 2023 году уровень ВВП в российской экономике сложился существенно выше октябрьских оценок.",Economic activity,Backward-looking,Hawkish,5,1,0,2024-02-27,2024,False
manual_000149,manual,False,,53dbd7bd8cc3a0bc9e5657c2b76aa40f7eb88c6e,decision_key_rate,summary,Резюме обсуждения ключевой ставки,27.02.2024,"Во-первых, Росстат повысил показатели по динамике экономической активности в 2021–2022 годах.",Economic activity,Backward-looking,Neutral,5,1,2,2024-02-27,2024,False
manual_000150,manual,False,,53dbd7bd8cc3a0bc9e5657c2b76aa40f7eb88c6e,decision_key_rate,summary,Резюме обсуждения ключевой ставки,27.02.2024,"Во-вторых, значительный вклад в рост ВВП в 2023 году внесло увеличение инвестиций (ВНОК) и запасов (МОС).",Economic activity,Backward-looking,Hawkish,5,1,0,2024-02-27,2024,False
manual_000151,manual,False,,53dbd7bd8cc3a0bc9e5657c2b76aa40f7eb88c6e,decision_key_rate,summary,Резюме обсуждения ключевой ставки,27.02.2024,"Участники согласились, что прирост МОС за 2023 год не следует однозначно интерпретировать как «навес» складских запасов потребительских и/или инвестиционных товаров, использование которых в 2024 году может замедлить рост ВВП.",Economic activity,Forward-looking,Neutral,5,0,2,2024-02-27,2024,False
manual_000152,manual,False,,53dbd7bd8cc3a0bc9e5657c2b76aa40f7eb88c6e,decision_key_rate,summary,Резюме обсуждения ключевой ставки,27.02.2024,Однако этот компонент заслуживает дополнительного внимания при анализе статистики ВВП в течение 2024 года.,Economic activity,Forward-looking,Neutral,5,0,2,2024-02-27,2024,False
manual_000153,manual,False,,53dbd7bd8cc3a0bc9e5657c2b76aa40f7eb88c6e,decision_key_rate,summary,Резюме обсуждения ключевой ставки,27.02.2024,"Опираясь на данные мониторинга предприятий и качественные наблюдения экономических тенденций в регионах, участники обсуждения согласились, что в конце 2023 года выпуск товаров и услуг в целом продолжил расширяться.",Economic activity,Backward-looking,Hawkish,5,1,0,2024-02-27,2024,False
manual_000154,manual,False,,53dbd7bd8cc3a0bc9e5657c2b76aa40f7eb88c6e,decision_key_rate,summary,Резюме обсуждения ключевой ставки,27.02.2024,При этом тенденции в отдельных отраслях различались.,Economic activity,Backward-looking,Neutral,5,1,2,2024-02-27,2024,False
manual_000155,manual,False,,53dbd7bd8cc3a0bc9e5657c2b76aa40f7eb88c6e,decision_key_rate,summary,Резюме обсуждения ключевой ставки,27.02.2024,"Так, сокращение в сельском хозяйстве было связано со сдвигом уборки урожая на более ранние даты в прошедшем году, а в железнодорожных перевозках — со снижением объемов экспорта угля и нефтепродуктов.",Economic activity,Backward-looking,Neutral,5,1,2,2024-02-27,2024,False
manual_000156,manual,False,,53dbd7bd8cc3a0bc9e5657c2b76aa40f7eb88c6e,decision_key_rate,summary,Резюме обсуждения ключевой ставки,27.02.2024,"Автоперевозки, напротив, росли ускоренным темпом.",Economic activity,Backward-looking,Hawkish,5,1,0,2024-02-27,2024,False
manual_000157,manual,False,,53dbd7bd8cc3a0bc9e5657c2b76aa40f7eb88c6e,decision_key_rate,summary,Резюме обсуждения ключевой ставки,27.02.2024,"По информации Волго-Вятского главного управления, автопроизводителям удалось расшить узкие места в закупках автокомпонентов, которые ранее сдерживали производство легковых автомобилей.",Economic activity,Backward-looking,Neutral,5,1,2,2024-02-27,2024,False
manual_000158,manual,False,,53dbd7bd8cc3a0bc9e5657c2b76aa40f7eb88c6e,decision_key_rate,summary,Резюме обсуждения ключевой ставки,27.02.2024,Наращивалось производство автомобилей и на ранее простаивавших мощностях автозаводов в Центральной России и на Северо-Западе.,Economic activity,Backward-looking,Hawkish,5,1,0,2024-02-27,2024,False
manual_000159,manual,False,,53dbd7bd8cc3a0bc9e5657c2b76aa40f7eb88c6e,decision_key_rate,summary,Резюме обсуждения ключевой ставки,27.02.2024,В целом выпуск в обрабатывающей промышленности продолжал увеличиваться.,Economic activity,Backward-looking,Hawkish,5,1,0,2024-02-27,2024,False
manual_000160,manual,False,,53dbd7bd8cc3a0bc9e5657c2b76aa40f7eb88c6e,decision_key_rate,summary,Резюме обсуждения ключевой ставки,27.02.2024,"Индикатор бизнес-климата, по февральским оценкам, указывает на дальнейшее расширение деловой активности.",Economic activity,Forward-looking,Hawkish,5,0,0,2024-02-27,2024,False
manual_000161,manual,False,,53dbd7bd8cc3a0bc9e5657c2b76aa40f7eb88c6e,decision_key_rate,summary,Резюме обсуждения ключевой ставки,27.02.2024,"Устойчивость инфляционного давления зависит от экономических условий, от того, где экономика находится относительно своего потенциала, поэтому участники детально обсудили характер сильного роста ВВП в 2023 году.",Economic activity,Backward-looking,Hawkish,5,1,0,2024-02-27,2024,False
manual_000162,manual,False,,53dbd7bd8cc3a0bc9e5657c2b76aa40f7eb88c6e,decision_key_rate,summary,Резюме обсуждения ключевой ставки,27.02.2024,"Такой рост мог быть связан как с большим приростом потенциала экономики (например, вследствие повышения эффективности труда, ввода новых мощностей, использования новых технологий), так и с бо́льшим положительным разрывом выпуска (ситуация, в которой экономика растет быстрее своих объективных возможностей и предложение не успевает за спросом).",Economic activity,Backward-looking,Risk-highlighting,5,1,3,2024-02-27,2024,False
manual_000163,manual,False,,53dbd7bd8cc3a0bc9e5657c2b76aa40f7eb88c6e,decision_key_rate,summary,Резюме обсуждения ключевой ставки,27.02.2024,"Во время прошлых обсуждений участники, скорее, соглашались, что преобладающая доля наблюдаемого роста экономики объясняется именно положительным разрывом выпуска.",Economic activity,Backward-looking,Hawkish,5,1,0,2024-02-27,2024,False
manual_000164,manual,False,,53dbd7bd8cc3a0bc9e5657c2b76aa40f7eb88c6e,decision_key_rate,summary,Резюме обсуждения ключевой ставки,27.02.2024,"Он возник из-за увеличения внутреннего спроса, подпитываемого в том числе ускоренным расширением кредита и высокими государственными расходами.",Economic activity,Backward-looking,Hawkish,5,1,0,2024-02-27,2024,False
manual_000165,manual,False,,53dbd7bd8cc3a0bc9e5657c2b76aa40f7eb88c6e,decision_key_rate,summary,Резюме обсуждения ключевой ставки,27.02.2024,"О положительном разрыве сигнализировали ускоренный рост инфляции, высокая загрузка производственных мощностей, перегрев на рынке труда.",Inflation,Backward-looking,Hawkish,0,1,0,2024-02-27,2024,False
manual_000166,manual,False,,53dbd7bd8cc3a0bc9e5657c2b76aa40f7eb88c6e,decision_key_rate,summary,Резюме обсуждения ключевой ставки,27.02.2024,"В ходе февральской дискуссии было высказано предположение, что вклад увеличения потенциала мог быть выше, чем Банк России оценивал прежде.",Economic activity,Backward-looking,Dovish,5,1,1,2024-02-27,2024,False
manual_000167,manual,False,,53dbd7bd8cc3a0bc9e5657c2b76aa40f7eb88c6e,decision_key_rate,summary,Резюме обсуждения ключевой ставки,27.02.2024,Аргументами в пользу этого могут быть снижение инфляционного давления в последние месяцы и отсутствие нарастания напряженности на рынке труда.,Inflation,Backward-looking,Dovish,0,1,1,2024-02-27,2024,False
manual_000168,manual,False,,53dbd7bd8cc3a0bc9e5657c2b76aa40f7eb88c6e,decision_key_rate,summary,Резюме обсуждения ключевой ставки,27.02.2024,Публикация обновленных квартальных данных по динамике ВВП за 2021–2023 годы в апреле даст важную дополнительную информацию для оценки экономической динамики и ретроспективного анализа.,Economic activity,Forward-looking,Neutral,5,0,2,2024-02-27,2024,False
manual_000169,manual,False,,d633142cdc70d207bbbe68de035a18a28c491ebd,decision_key_rate,statement,Заявление Председателя Банка России Эльвиры Набиуллиной по итогам заседания Совета директоров Банка России 16 февраля 2024 года,16.02.2024,Заявление Председателя Банка России Эльвиры Набиуллиной по итогам заседания Совета директоров Банка России 16 февраля 2024 года.,Other,Other,Other,11,2,5,2024-02-16,2024,True
manual_000170,manual,False,,d633142cdc70d207bbbe68de035a18a28c491ebd,decision_key_rate,statement,Заявление Председателя Банка России Эльвиры Набиуллиной по итогам заседания Совета директоров Банка России 16 февраля 2024 года,16.02.2024,Добрый день!,Other,Other,Other,11,2,5,2024-02-16,2024,True
manual_000171,manual,False,,d633142cdc70d207bbbe68de035a18a28c491ebd,decision_key_rate,statement,Заявление Председателя Банка России Эльвиры Набиуллиной по итогам заседания Совета директоров Банка России 16 февраля 2024 года,16.02.2024,"Сегодня мы приняли решение сохранить ключевую ставку на уровне 16,0% годовых.",Interest rate,Backward-looking,Hawkish,1,1,0,2024-02-16,2024,False
manual_000172,manual,False,,d633142cdc70d207bbbe68de035a18a28c491ebd,decision_key_rate,statement,Заявление Председателя Банка России Эльвиры Набиуллиной по итогам заседания Совета директоров Банка России 16 февраля 2024 года,16.02.2024,В прошлом году мы наблюдали резкое ускорение инфляции.,Inflation,Backward-looking,Hawkish,0,1,0,2024-02-16,2024,False
manual_000173,manual,False,,d633142cdc70d207bbbe68de035a18a28c491ebd,decision_key_rate,statement,Заявление Председателя Банка России Эльвиры Набиуллиной по итогам заседания Совета директоров Банка России 16 февраля 2024 года,16.02.2024,"Это означает, что экономика росла за рамками своих потенциальных возможностей.",Economic activity,Backward-looking,Hawkish,5,1,0,2024-02-16,2024,False
manual_000174,manual,False,,d633142cdc70d207bbbe68de035a18a28c491ebd,decision_key_rate,statement,Заявление Председателя Банка России Эльвиры Набиуллиной по итогам заседания Совета директоров Банка России 16 февраля 2024 года,16.02.2024,"Иначе говоря, разогретый спрос значительно превышал возможности роста производства.",Economic activity,Backward-looking,Hawkish,5,1,0,2024-02-16,2024,False
manual_000175,manual,False,,d633142cdc70d207bbbe68de035a18a28c491ebd,decision_key_rate,statement,Заявление Председателя Банка России Эльвиры Набиуллиной по итогам заседания Совета директоров Банка России 16 февраля 2024 года,16.02.2024,Мы отреагировали на это повышением ключевой ставки до 16%.,Interest rate,Backward-looking,Hawkish,1,1,0,2024-02-16,2024,False
manual_000176,manual,False,,d633142cdc70d207bbbe68de035a18a28c491ebd,decision_key_rate,statement,Заявление Председателя Банка России Эльвиры Набиуллиной по итогам заседания Совета директоров Банка России 16 февраля 2024 года,16.02.2024,Сегодня результаты работы трансмиссии денежно-кредитной политики видны вполне отчетливо.,Monetary conditions,Backward-looking,Confidence-building,2,1,4,2024-02-16,2024,False
manual_000177,manual,False,,d633142cdc70d207bbbe68de035a18a28c491ebd,decision_key_rate,statement,Заявление Председателя Банка России Эльвиры Набиуллиной по итогам заседания Совета директоров Банка России 16 февраля 2024 года,16.02.2024,Сформировались жесткие денежно-кредитные условия.,Monetary conditions,Backward-looking,Hawkish,2,1,0,2024-02-16,2024,False
manual_000178,manual,False,,d633142cdc70d207bbbe68de035a18a28c491ebd,decision_key_rate,statement,Заявление Председателя Банка России Эльвиры Набиуллиной по итогам заседания Совета директоров Банка России 16 февраля 2024 года,16.02.2024,"Под их влиянием сберегательная активность усиливается, а кредитная — постепенно охлаждается.",Monetary conditions,Backward-looking,Dovish,2,1,1,2024-02-16,2024,False
manual_000179,manual,False,,d633142cdc70d207bbbe68de035a18a28c491ebd,decision_key_rate,statement,Заявление Председателя Банка России Эльвиры Набиуллиной по итогам заседания Совета директоров Банка России 16 февраля 2024 года,16.02.2024,В результате темпы роста цен начали замедляться.,Inflation,Backward-looking,Dovish,0,1,1,2024-02-16,2024,False
manual_000180,manual,False,,d633142cdc70d207bbbe68de035a18a28c491ebd,decision_key_rate,statement,Заявление Председателя Банка России Эльвиры Набиуллиной по итогам заседания Совета директоров Банка России 16 февраля 2024 года,16.02.2024,"Вместе с тем неопределенность относительно скорости, с которой будут развиваться дезинфляционные процессы, сохраняется.",Inflation,Forward-looking,Risk-highlighting,0,0,3,2024-02-16,2024,False
manual_000181,manual,False,,d633142cdc70d207bbbe68de035a18a28c491ebd,decision_key_rate,statement,Заявление Председателя Банка России Эльвиры Набиуллиной по итогам заседания Совета директоров Банка России 16 февраля 2024 года,16.02.2024,Поэтому для устойчивого возвращения инфляции к цели нам потребуется поддерживать жесткие денежно-кредитные условия продолжительное время.,Monetary conditions,Forward-looking,Hawkish,2,0,0,2024-02-16,2024,False
manual_000182,manual,False,,d633142cdc70d207bbbe68de035a18a28c491ebd,decision_key_rate,statement,Заявление Председателя Банка России Эльвиры Набиуллиной по итогам заседания Совета директоров Банка России 16 февраля 2024 года,16.02.2024,"Наша политика позволит снизить инфляцию до 4,0–4,5% в этом году и закрепить ее на целевом уровне в дальнейшем.",Inflation,Forward-looking,Confidence-building,0,0,4,2024-02-16,2024,False
manual_000183,manual,False,,d633142cdc70d207bbbe68de035a18a28c491ebd,decision_key_rate,statement,Заявление Председателя Банка России Эльвиры Набиуллиной по итогам заседания Совета директоров Банка России 16 февраля 2024 года,16.02.2024,Перейду к аргументам сегодняшнего решения.,Other,Other,Other,11,2,5,2024-02-16,2024,False
manual_000184,manual,False,,d633142cdc70d207bbbe68de035a18a28c491ebd,decision_key_rate,statement,Заявление Председателя Банка России Эльвиры Набиуллиной по итогам заседания Совета директоров Банка России 16 февраля 2024 года,16.02.2024,Первое.,Other,Other,Other,11,2,5,2024-02-16,2024,True
manual_000185,manual,False,,d633142cdc70d207bbbe68de035a18a28c491ebd,decision_key_rate,statement,Заявление Председателя Банка России Эльвиры Набиуллиной по итогам заседания Совета директоров Банка России 16 февраля 2024 года,16.02.2024,Инфляция.,Other,Other,Other,11,2,5,2024-02-16,2024,True
manual_000186,manual,False,,d633142cdc70d207bbbe68de035a18a28c491ebd,decision_key_rate,statement,Заявление Председателя Банка России Эльвиры Набиуллиной по итогам заседания Совета директоров Банка России 16 февраля 2024 года,16.02.2024,Пиковые значения текущего роста цен пройдены осенью.,Inflation,Backward-looking,Dovish,0,1,1,2024-02-16,2024,False
manual_000187,manual,False,,d633142cdc70d207bbbe68de035a18a28c491ebd,decision_key_rate,statement,Заявление Председателя Банка России Эльвиры Набиуллиной по итогам заседания Совета директоров Банка России 16 февраля 2024 года,16.02.2024,Ослабление инфляционных тенденций прежде всего связано с ужесточением денежно-кредитной политики.,Inflation,Backward-looking,Dovish,0,1,1,2024-02-16,2024,False
manual_000188,manual,False,,d633142cdc70d207bbbe68de035a18a28c491ebd,decision_key_rate,statement,Заявление Председателя Банка России Эльвиры Набиуллиной по итогам заседания Совета директоров Банка России 16 февраля 2024 года,16.02.2024,"Ее дезинфляционный импульс идет и по процентному, и по валютному каналу, и по каналу ожиданий.",Monetary conditions,Backward-looking,Dovish,2,1,1,2024-02-16,2024,False
manual_000189,manual,False,,d633142cdc70d207bbbe68de035a18a28c491ebd,decision_key_rate,statement,Заявление Председателя Банка России Эльвиры Набиуллиной по итогам заседания Совета директоров Банка России 16 февраля 2024 года,16.02.2024,Повышение ключевой ставки привело к увеличению ставок по кредитам и депозитам и транслировалось в замедление кредитования и активный рост вкладов.,Interest rate,Backward-looking,Dovish,1,1,1,2024-02-16,2024,False
manual_000190,manual,False,,d633142cdc70d207bbbe68de035a18a28c491ebd,decision_key_rate,statement,Заявление Председателя Банка России Эльвиры Набиуллиной по итогам заседания Совета директоров Банка России 16 февраля 2024 года,16.02.2024,"Что касается валютного канала, то высокая ставка делала привлекательнее рублевые активы, сдерживала спрос на импорт и, соответственно, иностранную валюту.",Interest rate,Backward-looking,Dovish,1,1,1,2024-02-16,2024,False
manual_000191,manual,False,,d633142cdc70d207bbbe68de035a18a28c491ebd,decision_key_rate,statement,Заявление Председателя Банка России Эльвиры Набиуллиной по итогам заседания Совета директоров Банка России 16 февраля 2024 года,16.02.2024,Это внесло вклад в стабилизацию курса рубля.,Exchange rate,Backward-looking,Confidence-building,9,1,4,2024-02-16,2024,False
manual_000192,manual,False,,d633142cdc70d207bbbe68de035a18a28c491ebd,decision_key_rate,statement,Заявление Председателя Банка России Эльвиры Набиуллиной по итогам заседания Совета директоров Банка России 16 февраля 2024 года,16.02.2024,Перенос его летнего ослабления в цены завершился.,Inflation,Backward-looking,Dovish,0,1,1,2024-02-16,2024,False
manual_000193,manual,False,,d633142cdc70d207bbbe68de035a18a28c491ebd,decision_key_rate,statement,Заявление Председателя Банка России Эльвиры Набиуллиной по итогам заседания Совета директоров Банка России 16 февраля 2024 года,16.02.2024,"Наконец, начали снижаться с крайне высоких значений оценки будущей инфляции со стороны участников финансового рынка, населения и предприятий.",Expectations,Backward-looking,Dovish,4,1,1,2024-02-16,2024,False
manual_000194,manual,False,,d633142cdc70d207bbbe68de035a18a28c491ebd,decision_key_rate,statement,Заявление Председателя Банка России Эльвиры Набиуллиной по итогам заседания Совета директоров Банка России 16 февраля 2024 года,16.02.2024,В декабре и январе мы увидели снижение месячных темпов роста цен с исключением сезонности по сравнению с осенними значениями.,Inflation,Backward-looking,Dovish,0,1,1,2024-02-16,2024,False
manual_000195,manual,False,,d633142cdc70d207bbbe68de035a18a28c491ebd,decision_key_rate,statement,Заявление Председателя Банка России Эльвиры Набиуллиной по итогам заседания Совета директоров Банка России 16 февраля 2024 года,16.02.2024,Причем во многом за счет устойчивых компонентов.,Inflation,Backward-looking,Dovish,0,1,1,2024-02-16,2024,False
manual_000196,manual,False,,d633142cdc70d207bbbe68de035a18a28c491ebd,decision_key_rate,statement,Заявление Председателя Банка России Эльвиры Набиуллиной по итогам заседания Совета директоров Банка России 16 февраля 2024 года,16.02.2024,Базовая инфляция замедлилась.,Inflation,Backward-looking,Dovish,0,1,1,2024-02-16,2024,False
manual_000197,manual,False,,d633142cdc70d207bbbe68de035a18a28c491ebd,decision_key_rate,statement,Заявление Председателя Банка России Эльвиры Набиуллиной по итогам заседания Совета директоров Банка России 16 февраля 2024 года,16.02.2024,"В январе в целом темпы роста цен остались примерно такими же, как в декабре.",Inflation,Backward-looking,Neutral,0,1,2,2024-02-16,2024,False
manual_000198,manual,False,,d633142cdc70d207bbbe68de035a18a28c491ebd,decision_key_rate,statement,Заявление Председателя Банка России Эльвиры Набиуллиной по итогам заседания Совета директоров Банка России 16 февраля 2024 года,16.02.2024,"Исключение составили услуги без ЖКУ, которые в январе дорожали быстрее.",Inflation,Backward-looking,Hawkish,0,1,0,2024-02-16,2024,False
manual_000199,manual,False,,d633142cdc70d207bbbe68de035a18a28c491ebd,decision_key_rate,statement,Заявление Председателя Банка России Эльвиры Набиуллиной по итогам заседания Совета директоров Банка России 16 февраля 2024 года,16.02.2024,Рост здесь во многом связан с удорожанием санаторно-курортных услуг и поездок.,Inflation,Backward-looking,Hawkish,0,1,0,2024-02-16,2024,False
manual_000200,manual,False,,d633142cdc70d207bbbe68de035a18a28c491ebd,decision_key_rate,statement,Заявление Председателя Банка России Эльвиры Набиуллиной по итогам заседания Совета директоров Банка России 16 февраля 2024 года,16.02.2024,"Вероятно, из-за переориентации россиян на поездки по стране мог усилиться сезонный рост цен на внутренний туризм.",Inflation,Backward-looking,Hawkish,0,1,0,2024-02-16,2024,False
manual_000201,manual,False,,d633142cdc70d207bbbe68de035a18a28c491ebd,decision_key_rate,statement,Заявление Председателя Банка России Эльвиры Набиуллиной по итогам заседания Совета директоров Банка России 16 февраля 2024 года,16.02.2024,"Таким образом, дезинфляционные процессы в устойчивой части инфляции уже заметны.",Inflation,Backward-looking,Dovish,0,1,1,2024-02-16,2024,False
manual_000202,manual,False,,d633142cdc70d207bbbe68de035a18a28c491ebd,decision_key_rate,statement,Заявление Председателя Банка России Эльвиры Набиуллиной по итогам заседания Совета директоров Банка России 16 февраля 2024 года,16.02.2024,"Они могут идти неравномерно, но, по базовому прогнозу, в результате жесткой денежно-кредитной политики приведут к инфляции 4,0–4,5% к концу текущего года.",Inflation,Forward-looking,Confidence-building,0,0,4,2024-02-16,2024,False
manual_000203,manual,False,,d633142cdc70d207bbbe68de035a18a28c491ebd,decision_key_rate,statement,Заявление Председателя Банка России Эльвиры Набиуллиной по итогам заседания Совета директоров Банка России 16 февраля 2024 года,16.02.2024,Второе.,Other,Other,Other,11,2,5,2024-02-16,2024,True
manual_000204,manual,False,,d633142cdc70d207bbbe68de035a18a28c491ebd,decision_key_rate,statement,Заявление Председателя Банка России Эльвиры Набиуллиной по итогам заседания Совета директоров Банка России 16 февраля 2024 года,16.02.2024,Экономика.,Other,Other,Other,11,2,5,2024-02-16,2024,True
manual_000205,manual,False,,d633142cdc70d207bbbe68de035a18a28c491ebd,decision_key_rate,statement,Заявление Председателя Банка России Эльвиры Набиуллиной по итогам заседания Совета директоров Банка России 16 февраля 2024 года,16.02.2024,"В прошлом году рост ВВП составил 3,6%, что существенно выше нашего прогноза.",Economic activity,Backward-looking,Hawkish,5,1,0,2024-02-16,2024,False
manual_000206,manual,False,,d633142cdc70d207bbbe68de035a18a28c491ebd,decision_key_rate,statement,Заявление Председателя Банка России Эльвиры Набиуллиной по итогам заседания Совета директоров Банка России 16 февраля 2024 года,16.02.2024,Основным драйвером стал внутренний спрос.,Economic activity,Backward-looking,Hawkish,5,1,0,2024-02-16,2024,False
manual_000207,manual,False,,d633142cdc70d207bbbe68de035a18a28c491ebd,decision_key_rate,statement,Заявление Председателя Банка России Эльвиры Набиуллиной по итогам заседания Совета директоров Банка России 16 февраля 2024 года,16.02.2024,"Особенно сильно увеличились инвестиции, что связано со структурной трансформацией экономики.",Economic activity,Backward-looking,Neutral,5,1,2,2024-02-16,2024,False
manual_000208,manual,False,,d633142cdc70d207bbbe68de035a18a28c491ebd,decision_key_rate,statement,Заявление Председателя Банка России Эльвиры Набиуллиной по итогам заседания Совета директоров Банка России 16 февраля 2024 года,16.02.2024,"Оперативные данные указывают на продолжение инвестиционной активности, но меньшими темпами.",Economic activity,Backward-looking,Dovish,5,1,1,2024-02-16,2024,False
manual_000209,manual,False,,d633142cdc70d207bbbe68de035a18a28c491ebd,decision_key_rate,statement,Заявление Председателя Банка России Эльвиры Набиуллиной по итогам заседания Совета директоров Банка России 16 февраля 2024 года,16.02.2024,"Большой вклад в рост экономики внес потребительский спрос, поддержанный ростом зарплат и кредитования.",Economic activity,Backward-looking,Hawkish,5,1,0,2024-02-16,2024,False
manual_000210,manual,False,,d633142cdc70d207bbbe68de035a18a28c491ebd,decision_key_rate,statement,Заявление Председателя Банка России Эльвиры Набиуллиной по итогам заседания Совета директоров Банка России 16 февраля 2024 года,16.02.2024,Потребление росло высокими темпами до конца прошлого года.,Economic activity,Backward-looking,Hawkish,5,1,0,2024-02-16,2024,False
manual_000211,manual,False,,d633142cdc70d207bbbe68de035a18a28c491ebd,decision_key_rate,statement,Заявление Председателя Банка России Эльвиры Набиуллиной по итогам заседания Совета директоров Банка России 16 февраля 2024 года,16.02.2024,"Полной информации по началу года еще нет, но наши региональные подразделения отмечают признаки замедления роста потребительской активности в январе.",Economic activity,Backward-looking,Dovish,5,1,1,2024-02-16,2024,False
manual_000212,manual,False,,d633142cdc70d207bbbe68de035a18a28c491ebd,decision_key_rate,statement,Заявление Председателя Банка России Эльвиры Набиуллиной по итогам заседания Совета директоров Банка России 16 февраля 2024 года,16.02.2024,"Региональные различия в потребительской и деловой активности, кредитовании и инфляции подробно рассматриваются в нашем докладе «Региональная экономика».",Other,Other,Other,11,2,5,2024-02-16,2024,False
manual_000213,manual,False,,d633142cdc70d207bbbe68de035a18a28c491ebd,decision_key_rate,statement,Заявление Председателя Банка России Эльвиры Набиуллиной по итогам заседания Совета директоров Банка России 16 февраля 2024 года,16.02.2024,Сильный рост ВВП может отражать и более значимое восстановление потенциала экономики.,Economic activity,Backward-looking,Neutral,5,1,2,2024-02-16,2024,False
manual_000214,manual,False,,d633142cdc70d207bbbe68de035a18a28c491ebd,decision_key_rate,statement,Заявление Председателя Банка России Эльвиры Набиуллиной по итогам заседания Совета директоров Банка России 16 февраля 2024 года,16.02.2024,"Необходимость переключения на собственное производство стимулировала инвестиционный спрос, создание новых мощностей.",Economic activity,Backward-looking,Hawkish,5,1,0,2024-02-16,2024,False
manual_000215,manual,False,,d633142cdc70d207bbbe68de035a18a28c491ebd,decision_key_rate,statement,Заявление Председателя Банка России Эльвиры Набиуллиной по итогам заседания Совета директоров Банка России 16 февраля 2024 года,16.02.2024,В прошлом году активно строилась транспортная и логистическая инфраструктура.,Economic activity,Backward-looking,Neutral,5,1,2,2024-02-16,2024,False
manual_000216,manual,False,,d633142cdc70d207bbbe68de035a18a28c491ebd,decision_key_rate,statement,Заявление Председателя Банка России Эльвиры Набиуллиной по итогам заседания Совета директоров Банка России 16 февраля 2024 года,16.02.2024,"Есть примеры замещения импорта собственным производством в легкой и пищевой промышленности, производстве мебели и бытовой химии.",Economic activity,Backward-looking,Neutral,5,1,2,2024-02-16,2024,False
manual_000217,manual,False,,d633142cdc70d207bbbe68de035a18a28c491ebd,decision_key_rate,statement,Заявление Председателя Банка России Эльвиры Набиуллиной по итогам заседания Совета директоров Банка России 16 февраля 2024 года,16.02.2024,Тем не менее расширение потенциала экономики — это всегда процесс небыстрый.,Economic activity,Backward-looking,Neutral,5,1,2,2024-02-16,2024,False
manual_000218,manual,False,,d633142cdc70d207bbbe68de035a18a28c491ebd,decision_key_rate,statement,Заявление Председателя Банка России Эльвиры Набиуллиной по итогам заседания Совета директоров Банка России 16 февраля 2024 года,16.02.2024,"А общий спрос в экономике, подпитываемый госрасходами и ускоренным кредитованием, вырос заметно сильнее.",Fiscal policy,Backward-looking,Hawkish,8,1,0,2024-02-16,2024,False
manual_000219,manual,False,,d633142cdc70d207bbbe68de035a18a28c491ebd,decision_key_rate,statement,Заявление Председателя Банка России Эльвиры Набиуллиной по итогам заседания Совета директоров Банка России 16 февраля 2024 года,16.02.2024,"В итоге даже с учетом повышения возможностей производства избыточный навес спроса (иначе говоря, перегрев экономики) выливался в ускоренный рост цен.",Economic activity,Backward-looking,Hawkish,5,1,0,2024-02-16,2024,False
manual_000220,manual,False,,d633142cdc70d207bbbe68de035a18a28c491ebd,decision_key_rate,statement,Заявление Председателя Банка России Эльвиры Набиуллиной по итогам заседания Совета директоров Банка России 16 февраля 2024 года,16.02.2024,"Вероятно, пик этого перегрева пришелся на осень.",Economic activity,Backward-looking,Dovish,5,1,1,2024-02-16,2024,False
manual_000221,manual,False,,d633142cdc70d207bbbe68de035a18a28c491ebd,decision_key_rate,statement,Заявление Председателя Банка России Эльвиры Набиуллиной по итогам заседания Совета директоров Банка России 16 февраля 2024 года,16.02.2024,Решения по ключевой ставке способствовали появлению первых признаков возвращения экономики на траекторию более сбалансированного роста.,Interest rate,Backward-looking,Confidence-building,1,1,4,2024-02-16,2024,False
manual_000222,manual,False,,d633142cdc70d207bbbe68de035a18a28c491ebd,decision_key_rate,statement,Заявление Председателя Банка России Эльвиры Набиуллиной по итогам заседания Совета директоров Банка России 16 февраля 2024 года,16.02.2024,Мы судим об этом по некоторому ослаблению инфляционного давления в последние два месяца и по отсутствию явного нарастания напряженности на рынке труда.,Inflation,Backward-looking,Dovish,0,1,1,2024-02-16,2024,False
manual_000223,manual,False,,d633142cdc70d207bbbe68de035a18a28c491ebd,decision_key_rate,statement,Заявление Председателя Банка России Эльвиры Набиуллиной по итогам заседания Совета директоров Банка России 16 февраля 2024 года,16.02.2024,"Спрос на продукцию компаний растет несколько меньшими темпами, чем раньше.",Economic activity,Backward-looking,Dovish,5,1,1,2024-02-16,2024,False
manual_000224,manual,False,,d633142cdc70d207bbbe68de035a18a28c491ebd,decision_key_rate,statement,Заявление Председателя Банка России Эльвиры Набиуллиной по итогам заседания Совета директоров Банка России 16 февраля 2024 года,16.02.2024,"По данным нашего мониторинга, такие оценки дают предприятия большинства отраслей.",Economic activity,Backward-looking,Neutral,5,1,2,2024-02-16,2024,False
manual_000225,manual,False,,d633142cdc70d207bbbe68de035a18a28c491ebd,decision_key_rate,statement,Заявление Председателя Банка России Эльвиры Набиуллиной по итогам заседания Совета директоров Банка России 16 февраля 2024 года,16.02.2024,"А в отраслях, производящих инвестиционные товары, оценки роста спроса остаются высокими.",Economic activity,Backward-looking,Hawkish,5,1,0,2024-02-16,2024,False
manual_000226,manual,False,,d633142cdc70d207bbbe68de035a18a28c491ebd,decision_key_rate,statement,Заявление Председателя Банка России Эльвиры Набиуллиной по итогам заседания Совета директоров Банка России 16 февраля 2024 года,16.02.2024,"При этом ожидания компаний по спросу остаются вблизи исторически высоких уровней, за исключением добычи.",Expectations,Backward-looking,Hawkish,4,1,0,2024-02-16,2024,False
manual_000227,manual,False,,d633142cdc70d207bbbe68de035a18a28c491ebd,decision_key_rate,statement,Заявление Председателя Банка России Эльвиры Набиуллиной по итогам заседания Совета директоров Банка России 16 февраля 2024 года,16.02.2024,"Кроме того, дефицит трудовых ресурсов создает стимулы для компаний инвестировать в автоматизацию труда и повышение его эффективности.",Labor market,Backward-looking,Hawkish,6,1,0,2024-02-16,2024,False
manual_000228,manual,False,,d633142cdc70d207bbbe68de035a18a28c491ebd,decision_key_rate,statement,Заявление Председателя Банка России Эльвиры Набиуллиной по итогам заседания Совета директоров Банка России 16 февраля 2024 года,16.02.2024,В этом году экономика будет расти более умеренными темпами.,Economic activity,Forward-looking,Dovish,5,0,1,2024-02-16,2024,False
manual_000229,manual,False,,d633142cdc70d207bbbe68de035a18a28c491ebd,decision_key_rate,statement,Заявление Председателя Банка России Эльвиры Набиуллиной по итогам заседания Совета директоров Банка России 16 февраля 2024 года,16.02.2024,"Тем не менее мы повысили оценку роста ВВП в сравнении с октябрьским прогнозом до 1,0–2,0% за счет потребления домохозяйств.",Economic activity,Forward-looking,Hawkish,5,0,0,2024-02-16,2024,False
manual_000230,manual,False,,d633142cdc70d207bbbe68de035a18a28c491ebd,decision_key_rate,statement,Заявление Председателя Банка России Эльвиры Набиуллиной по итогам заседания Совета директоров Банка России 16 февраля 2024 года,16.02.2024,В следующем году экономика вернется к устойчивым темпам.,Economic activity,Forward-looking,Confidence-building,5,0,4,2024-02-16,2024,False
manual_000231,manual,False,,d633142cdc70d207bbbe68de035a18a28c491ebd,decision_key_rate,statement,Заявление Председателя Банка России Эльвиры Набиуллиной по итогам заседания Совета директоров Банка России 16 февраля 2024 года,16.02.2024,"С учетом роста потенциала и структурных изменений мы оцениваем их в 1,5–2,5% в год.",Economic activity,Forward-looking,Neutral,5,0,2,2024-02-16,2024,False
manual_000232,manual,False,,d633142cdc70d207bbbe68de035a18a28c491ebd,decision_key_rate,statement,Заявление Председателя Банка России Эльвиры Набиуллиной по итогам заседания Совета директоров Банка России 16 февраля 2024 года,16.02.2024,Это соответствует целевой инфляции.,Inflation,Forward-looking,Confidence-building,0,0,4,2024-02-16,2024,False
manual_000233,manual,False,,d633142cdc70d207bbbe68de035a18a28c491ebd,decision_key_rate,statement,Заявление Председателя Банка России Эльвиры Набиуллиной по итогам заседания Совета директоров Банка России 16 февраля 2024 года,16.02.2024,Третье.,Other,Other,Other,11,2,5,2024-02-16,2024,True
manual_000234,manual,False,,d633142cdc70d207bbbe68de035a18a28c491ebd,decision_key_rate,statement,Заявление Председателя Банка России Эльвиры Набиуллиной по итогам заседания Совета директоров Банка России 16 февраля 2024 года,16.02.2024,Денежно-кредитные условия продолжили ужесточаться.,Monetary conditions,Backward-looking,Hawkish,2,1,0,2024-02-16,2024,False
manual_000235,manual,False,,d633142cdc70d207bbbe68de035a18a28c491ebd,decision_key_rate,statement,Заявление Председателя Банка России Эльвиры Набиуллиной по итогам заседания Совета директоров Банка России 16 февраля 2024 года,16.02.2024,"Кривая ОФЗ приобрела более выраженный отрицательный наклон, то есть ставки на длинные сроки ниже, чем на короткие.",Monetary conditions,Backward-looking,Neutral,2,1,2,2024-02-16,2024,False
manual_000236,manual,False,,d633142cdc70d207bbbe68de035a18a28c491ebd,decision_key_rate,statement,Заявление Председателя Банка России Эльвиры Набиуллиной по итогам заседания Совета директоров Банка России 16 февраля 2024 года,16.02.2024,"Доходности на коротком конце остаются высокими, что отражает ожидания участников рынка по длительности периода высоких ставок.",Monetary conditions,Backward-looking,Hawkish,2,1,0,2024-02-16,2024,False
manual_000237,manual,False,,d633142cdc70d207bbbe68de035a18a28c491ebd,decision_key_rate,statement,Заявление Председателя Банка России Эльвиры Набиуллиной по итогам заседания Совета директоров Банка России 16 февраля 2024 года,16.02.2024,"Долгосрочные доходности, напротив, уменьшились.",Monetary conditions,Backward-looking,Neutral,2,1,2,2024-02-16,2024,False
manual_000238,manual,False,,d633142cdc70d207bbbe68de035a18a28c491ebd,decision_key_rate,statement,Заявление Председателя Банка России Эльвиры Набиуллиной по итогам заседания Совета директоров Банка России 16 февраля 2024 года,16.02.2024,Это говорит о снижении инфляционных ожиданий финансового рынка.,Expectations,Backward-looking,Dovish,4,1,1,2024-02-16,2024,False
manual_000239,manual,False,,d633142cdc70d207bbbe68de035a18a28c491ebd,decision_key_rate,statement,Заявление Председателя Банка России Эльвиры Набиуллиной по итогам заседания Совета директоров Банка России 16 февраля 2024 года,16.02.2024,На кредитном и депозитном рынках ставки продолжали увеличиваться.,Monetary conditions,Backward-looking,Hawkish,2,1,0,2024-02-16,2024,False
manual_000240,manual,False,,d633142cdc70d207bbbe68de035a18a28c491ebd,decision_key_rate,statement,Заявление Председателя Банка России Эльвиры Набиуллиной по итогам заседания Совета директоров Банка России 16 февраля 2024 года,16.02.2024,Потребительское кредитование существенно замедлилось в условиях роста ставок и усиления макропруденциальных мер.,Credit,Backward-looking,Dovish,3,1,1,2024-02-16,2024,False
manual_000241,manual,False,,d633142cdc70d207bbbe68de035a18a28c491ebd,decision_key_rate,statement,Заявление Председателя Банка России Эльвиры Набиуллиной по итогам заседания Совета директоров Банка России 16 февраля 2024 года,16.02.2024,Выдачи новых ипотечных кредитов с поправкой на сезонность в последнее время сокращаются.,Credit,Backward-looking,Dovish,3,1,1,2024-02-16,2024,False
manual_000242,manual,False,,d633142cdc70d207bbbe68de035a18a28c491ebd,decision_key_rate,statement,Заявление Председателя Банка России Эльвиры Набиуллиной по итогам заседания Совета директоров Банка России 16 февраля 2024 года,16.02.2024,"В рыночном сегменте, где наша денежно-кредитная политика действует без искажений, уменьшение темпов происходит быстрее.",Credit,Backward-looking,Dovish,3,1,1,2024-02-16,2024,False
manual_000243,manual,False,,d633142cdc70d207bbbe68de035a18a28c491ebd,decision_key_rate,statement,Заявление Председателя Банка России Эльвиры Набиуллиной по итогам заседания Совета директоров Банка России 16 февраля 2024 года,16.02.2024,"В льготной ипотеке темпы выдач ниже, чем осенние пики, что связано с изменением параметров льготных программ.",Fiscal policy,Backward-looking,Dovish,8,1,1,2024-02-16,2024,False
manual_000244,manual,False,,d633142cdc70d207bbbe68de035a18a28c491ebd,decision_key_rate,statement,Заявление Председателя Банка России Эльвиры Набиуллиной по итогам заседания Совета директоров Банка России 16 февраля 2024 года,16.02.2024,Но пока темпы выдач остаются высокими — на уровне начала прошлого года.,Credit,Backward-looking,Hawkish,3,1,0,2024-02-16,2024,False
manual_000245,manual,False,,d633142cdc70d207bbbe68de035a18a28c491ebd,decision_key_rate,statement,Заявление Председателя Банка России Эльвиры Набиуллиной по итогам заседания Совета директоров Банка России 16 февраля 2024 года,16.02.2024,Темпы роста корпоративного портфеля замедлились по сравнению с серединой прошлого года.,Credit,Backward-looking,Dovish,3,1,1,2024-02-16,2024,False
manual_000246,manual,False,,d633142cdc70d207bbbe68de035a18a28c491ebd,decision_key_rate,statement,Заявление Председателя Банка России Эльвиры Набиуллиной по итогам заседания Совета директоров Банка России 16 февраля 2024 года,16.02.2024,"Корпоративное кредитование продолжит расти, хотя и меньшими темпами, чем в прошлом году.",Credit,Forward-looking,Neutral,3,0,2,2024-02-16,2024,False
manual_000247,manual,False,,d633142cdc70d207bbbe68de035a18a28c491ebd,decision_key_rate,statement,Заявление Председателя Банка России Эльвиры Набиуллиной по итогам заседания Совета директоров Банка России 16 февраля 2024 года,16.02.2024,Норма сбережений в конце прошлого года возросла.,Monetary conditions,Backward-looking,Dovish,2,1,1,2024-02-16,2024,False
manual_000248,manual,False,,d633142cdc70d207bbbe68de035a18a28c491ebd,decision_key_rate,statement,Заявление Председателя Банка России Эльвиры Набиуллиной по итогам заседания Совета директоров Банка России 16 февраля 2024 года,16.02.2024,В начале этого года сберегательная активность также остается высокой.,Monetary conditions,Backward-looking,Dovish,2,1,1,2024-02-16,2024,False
manual_000249,manual,False,,d633142cdc70d207bbbe68de035a18a28c491ebd,decision_key_rate,statement,Заявление Председателя Банка России Эльвиры Набиуллиной по итогам заседания Совета директоров Банка России 16 февраля 2024 года,16.02.2024,"Существенные темпы роста доходов позволяют гражданам одновременно и больше потреблять, и больше сберегать.",Economic activity,Backward-looking,Neutral,5,1,2,2024-02-16,2024,False
manual_000250,manual,False,,d633142cdc70d207bbbe68de035a18a28c491ebd,decision_key_rate,statement,Заявление Председателя Банка России Эльвиры Набиуллиной по итогам заседания Совета директоров Банка России 16 февраля 2024 года,16.02.2024,"Но все же высокие ставки, особенно на фоне снижения инфляционных ожиданий, будут делать сбережения более предпочтительными.",Monetary conditions,Forward-looking,Dovish,2,0,1,2024-02-16,2024,False
manual_000251,manual,False,,d633142cdc70d207bbbe68de035a18a28c491ebd,decision_key_rate,statement,Заявление Председателя Банка России Эльвиры Набиуллиной по итогам заседания Совета директоров Банка России 16 февраля 2024 года,16.02.2024,Перейду к внешним условиям.,Other,Other,Other,11,2,5,2024-02-16,2024,False
manual_000252,manual,False,,d633142cdc70d207bbbe68de035a18a28c491ebd,decision_key_rate,statement,Заявление Председателя Банка России Эльвиры Набиуллиной по итогам заседания Совета директоров Банка России 16 февраля 2024 года,16.02.2024,Ситуация в мировой экономике в целом складывается немного лучше ожиданий.,External conditions,Backward-looking,Neutral,7,1,2,2024-02-16,2024,False
manual_000253,manual,False,,d633142cdc70d207bbbe68de035a18a28c491ebd,decision_key_rate,statement,Заявление Председателя Банка России Эльвиры Набиуллиной по итогам заседания Совета директоров Банка России 16 февраля 2024 года,16.02.2024,"Но поскольку основным драйвером роста выступает нематериалоемкий сектор услуг, это не ведет к значимому повышению спроса на товары сырьевого экспорта.",External conditions,Backward-looking,Dovish,7,1,1,2024-02-16,2024,False
manual_000254,manual,False,,d633142cdc70d207bbbe68de035a18a28c491ebd,decision_key_rate,statement,Заявление Председателя Банка России Эльвиры Набиуллиной по итогам заседания Совета директоров Банка России 16 февраля 2024 года,16.02.2024,"Экспорт в конце прошлого года сократился за счет как цен, так и объемов.",External conditions,Backward-looking,Neutral,7,1,2,2024-02-16,2024,False
manual_000255,manual,False,,d633142cdc70d207bbbe68de035a18a28c491ebd,decision_key_rate,statement,Заявление Председателя Банка России Эльвиры Набиуллиной по итогам заседания Совета директоров Банка России 16 февраля 2024 года,16.02.2024,Определенную роль в этом сыграли дополнительные сложности в проведении внешнеторговых операций в части расчетов и логистики.,External conditions,Backward-looking,Risk-highlighting,7,1,3,2024-02-16,2024,False
manual_000256,manual,False,,d633142cdc70d207bbbe68de035a18a28c491ebd,decision_key_rate,statement,Заявление Председателя Банка России Эльвиры Набиуллиной по итогам заседания Совета директоров Банка России 16 февраля 2024 года,16.02.2024,Во втором квартале рынок нефти может перейти к профициту.,External conditions,Forward-looking,Risk-highlighting,7,0,3,2024-02-16,2024,False
manual_000257,manual,False,,d633142cdc70d207bbbe68de035a18a28c491ebd,decision_key_rate,statement,Заявление Председателя Банка России Эльвиры Набиуллиной по итогам заседания Совета директоров Банка России 16 февраля 2024 года,16.02.2024,"Страны, не входящие в ОПЕК+, планируют активно наращивать добычу.",External conditions,Forward-looking,Neutral,7,0,2,2024-02-16,2024,False
manual_000258,manual,False,,d633142cdc70d207bbbe68de035a18a28c491ebd,decision_key_rate,statement,Заявление Председателя Банка России Эльвиры Набиуллиной по итогам заседания Совета директоров Банка России 16 февраля 2024 года,16.02.2024,Это может оказать дополнительное давление на цены.,External conditions,Forward-looking,Risk-highlighting,7,0,3,2024-02-16,2024,False
manual_000259,manual,False,,d633142cdc70d207bbbe68de035a18a28c491ebd,decision_key_rate,statement,Заявление Председателя Банка России Эльвиры Набиуллиной по итогам заседания Совета директоров Банка России 16 февраля 2024 года,16.02.2024,"Учитывая эти тенденции, мы пересмотрели прогноз по внешней торговле.",External conditions,Forward-looking,Neutral,7,0,2,2024-02-16,2024,False
manual_000260,manual,False,,d633142cdc70d207bbbe68de035a18a28c491ebd,decision_key_rate,statement,Заявление Председателя Банка России Эльвиры Набиуллиной по итогам заседания Совета директоров Банка России 16 февраля 2024 года,16.02.2024,"Оценка экспорта на этот год снижена, прогноз импорта изменился незначительно.",External conditions,Forward-looking,Neutral,7,0,2,2024-02-16,2024,False
manual_000261,manual,False,,d633142cdc70d207bbbe68de035a18a28c491ebd,decision_key_rate,statement,Заявление Председателя Банка России Эльвиры Набиуллиной по итогам заседания Совета директоров Банка России 16 февраля 2024 года,16.02.2024,"В результате профицит торгового баланса будет меньше, чем в прошлом году, и ниже октябрьского прогноза.",External conditions,Forward-looking,Neutral,7,0,2,2024-02-16,2024,False
manual_000262,manual,False,,d633142cdc70d207bbbe68de035a18a28c491ebd,decision_key_rate,statement,Заявление Председателя Банка России Эльвиры Набиуллиной по итогам заседания Совета директоров Банка России 16 февраля 2024 года,16.02.2024,Проинфляционные риски остаются значительными.,Inflation,Forward-looking,Risk-highlighting,0,0,3,2024-02-16,2024,False
manual_000263,manual,False,,d633142cdc70d207bbbe68de035a18a28c491ebd,decision_key_rate,statement,Заявление Председателя Банка России Эльвиры Набиуллиной по итогам заседания Совета директоров Банка России 16 февраля 2024 года,16.02.2024,"Во-первых, это риски со стороны внешних условий.",External conditions,Forward-looking,Risk-highlighting,7,0,3,2024-02-16,2024,False
manual_000264,manual,False,,d633142cdc70d207bbbe68de035a18a28c491ebd,decision_key_rate,statement,Заявление Председателя Банка России Эльвиры Набиуллиной по итогам заседания Совета директоров Банка России 16 февраля 2024 года,16.02.2024,К ним можно отнести вторичные санкции и ухудшение конъюнктуры на товарных рынках.,External conditions,Forward-looking,Risk-highlighting,7,0,3,2024-02-16,2024,False
manual_000265,manual,False,,d633142cdc70d207bbbe68de035a18a28c491ebd,decision_key_rate,statement,Заявление Председателя Банка России Эльвиры Набиуллиной по итогам заседания Совета директоров Банка России 16 февраля 2024 года,16.02.2024,"Во-вторых, риски со стороны инфляционных ожиданий.",Expectations,Forward-looking,Risk-highlighting,4,0,3,2024-02-16,2024,False
manual_000266,manual,False,,d633142cdc70d207bbbe68de035a18a28c491ebd,decision_key_rate,statement,Заявление Председателя Банка России Эльвиры Набиуллиной по итогам заседания Совета директоров Банка России 16 февраля 2024 года,16.02.2024,Высокие и незаякоренные ожидания более чувствительны к временным эпизодам роста цен на отдельные товары или услуги.,Expectations,Forward-looking,Risk-highlighting,4,0,3,2024-02-16,2024,False
manual_000267,manual,False,,d633142cdc70d207bbbe68de035a18a28c491ebd,decision_key_rate,statement,Заявление Председателя Банка России Эльвиры Набиуллиной по итогам заседания Совета директоров Банка России 16 февраля 2024 года,16.02.2024,Это может создавать вторичные эффекты для инфляции.,Expectations,Forward-looking,Risk-highlighting,4,0,3,2024-02-16,2024,False
manual_000268,manual,False,,d633142cdc70d207bbbe68de035a18a28c491ebd,decision_key_rate,statement,Заявление Председателя Банка России Эльвиры Набиуллиной по итогам заседания Совета директоров Банка России 16 февраля 2024 года,16.02.2024,"В-третьих, кредитование может слабее откликаться на жесткие денежно-кредитные условия в случае сохранения масштабных льготных программ.",Fiscal policy,Forward-looking,Risk-highlighting,8,0,3,2024-02-16,2024,False
manual_000269,manual,False,,d633142cdc70d207bbbe68de035a18a28c491ebd,decision_key_rate,statement,Заявление Председателя Банка России Эльвиры Набиуллиной по итогам заседания Совета директоров Банка России 16 февраля 2024 года,16.02.2024,"Наконец, риски связаны с тем, что повышение производительности труда может сильнее отставать от роста зарплат в условиях сохраняющейся напряженности на рынке труда.",Labor market,Forward-looking,Risk-highlighting,6,0,3,2024-02-16,2024,False
manual_000270,manual,False,,d633142cdc70d207bbbe68de035a18a28c491ebd,decision_key_rate,statement,Заявление Председателя Банка России Эльвиры Набиуллиной по итогам заседания Совета директоров Банка России 16 февраля 2024 года,16.02.2024,Отмечу также дезинфляционные риски.,Inflation,Forward-looking,Risk-highlighting,0,0,3,2024-02-16,2024,False
manual_000271,manual,False,,d633142cdc70d207bbbe68de035a18a28c491ebd,decision_key_rate,statement,Заявление Председателя Банка России Эльвиры Набиуллиной по итогам заседания Совета директоров Банка России 16 февраля 2024 года,16.02.2024,"Спрос может замедляться быстрее, чем это заложено в наш базовый прогноз.",Economic activity,Forward-looking,Risk-highlighting,5,0,3,2024-02-16,2024,False
manual_000272,manual,False,,d633142cdc70d207bbbe68de035a18a28c491ebd,decision_key_rate,statement,Заявление Председателя Банка России Эльвиры Набиуллиной по итогам заседания Совета директоров Банка России 16 февраля 2024 года,16.02.2024,"Кроме того, если рост экономики в большей мере сложился за счет расширения потенциала, а не циклической компоненты, это может формировать меньшее инфляционное давление.",Economic activity,Forward-looking,Risk-highlighting,5,0,3,2024-02-16,2024,False
manual_000273,manual,False,,d633142cdc70d207bbbe68de035a18a28c491ebd,decision_key_rate,statement,Заявление Председателя Банка России Эльвиры Набиуллиной по итогам заседания Совета директоров Банка России 16 февраля 2024 года,16.02.2024,В заключение — о перспективах нашей политики.,Other,Other,Other,11,2,5,2024-02-16,2024,False
manual_000274,manual,False,,d633142cdc70d207bbbe68de035a18a28c491ebd,decision_key_rate,statement,Заявление Председателя Банка России Эльвиры Набиуллиной по итогам заседания Совета директоров Банка России 16 февраля 2024 года,16.02.2024,Мы повысили прогноз среднегодовой ключевой ставки на 1 процентный пункт.,Interest rate,Forward-looking,Hawkish,1,0,0,2024-02-16,2024,False
manual_000275,manual,False,,d633142cdc70d207bbbe68de035a18a28c491ebd,decision_key_rate,statement,Заявление Председателя Банка России Эльвиры Набиуллиной по итогам заседания Совета директоров Банка России 16 февраля 2024 года,16.02.2024,"В этом году средняя за год ставка будет находиться в диапазоне 13,5–15,5% годовых, в следующем году — 8,0–10,0% годовых.",Interest rate,Forward-looking,Hawkish,1,0,0,2024-02-16,2024,False
manual_000276,manual,False,,d633142cdc70d207bbbe68de035a18a28c491ebd,decision_key_rate,statement,Заявление Председателя Банка России Эльвиры Набиуллиной по итогам заседания Совета директоров Банка России 16 февраля 2024 года,16.02.2024,Это отражает необходимость длительного поддержания жестких денежно-кредитных условий для устойчивого возвращения инфляции к 4%.,Monetary conditions,Forward-looking,Hawkish,2,0,0,2024-02-16,2024,False
manual_000277,manual,False,,d633142cdc70d207bbbe68de035a18a28c491ebd,decision_key_rate,statement,Заявление Председателя Банка России Эльвиры Набиуллиной по итогам заседания Совета директоров Банка России 16 февраля 2024 года,16.02.2024,"Да, мы видим пространство для снижения ключевой ставки, но наш прогноз предполагает, что возвращение ставки к нейтральным значениям будет идти плавно.",Interest rate,Forward-looking,Dovish,1,0,1,2024-02-16,2024,False
manual_000278,manual,False,,d633142cdc70d207bbbe68de035a18a28c491ebd,decision_key_rate,statement,Заявление Председателя Банка России Эльвиры Набиуллиной по итогам заседания Совета директоров Банка России 16 февраля 2024 года,16.02.2024,"Дальнейшая траектория ставки будет зависеть от того, насколько скорость и характер дезинфляционных процессов будут соответствовать задаче возвращения инфляции к цели к концу этого года.",Interest rate,Forward-looking,Risk-highlighting,1,0,3,2024-02-16,2024,False
manual_000279,manual,False,,d633142cdc70d207bbbe68de035a18a28c491ebd,decision_key_rate,statement,Заявление Председателя Банка России Эльвиры Набиуллиной по итогам заседания Совета директоров Банка России 16 февраля 2024 года,16.02.2024,"Более подробное описание дискуссии, которая состоялась при подготовке сегодняшнего решения, будет представлено в нашем новом материале — Резюме обсуждения ключевой ставки.",Other,Other,Other,11,2,5,2024-02-16,2024,False
manual_000280,manual,False,,d633142cdc70d207bbbe68de035a18a28c491ebd,decision_key_rate,statement,Заявление Председателя Банка России Эльвиры Набиуллиной по итогам заседания Совета директоров Банка России 16 февраля 2024 года,16.02.2024,Оно будет опубликовано 27 февраля.,Other,Other,Other,11,2,5,2024-02-16,2024,False
manual_000281,manual,False,,d633142cdc70d207bbbe68de035a18a28c491ebd,decision_key_rate,statement,Заявление Председателя Банка России Эльвиры Набиуллиной по итогам заседания Совета директоров Банка России 16 февраля 2024 года,16.02.2024,Спасибо за внимание!,Other,Other,Other,11,2,5,2024-02-16,2024,True
manual_000282,manual,False,,d633142cdc70d207bbbe68de035a18a28c491ebd,decision_key_rate,statement,Заявление Председателя Банка России Эльвиры Набиуллиной по итогам заседания Совета директоров Банка России 16 февраля 2024 года,16.02.2024,Сессия вопросов и ответов.,Other,Other,Other,11,2,5,2024-02-16,2024,False
manual_000283,manual,False,,d633142cdc70d207bbbe68de035a18a28c491ebd,decision_key_rate,statement,Заявление Председателя Банка России Эльвиры Набиуллиной по итогам заседания Совета директоров Банка России 16 февраля 2024 года,16.02.2024,ВОПРОС (агентство ТАСС):,Other,Other,Other,11,2,5,2024-02-16,2024,True
manual_000284,manual,False,,d633142cdc70d207bbbe68de035a18a28c491ebd,decision_key_rate,statement,Заявление Председателя Банка России Эльвиры Набиуллиной по итогам заседания Совета директоров Банка России 16 февраля 2024 года,16.02.2024,"Традиционно поинтересуемся, какие варианты сегодня рассматривались и насколько широк был консенсус?",Other,Other,Other,11,2,5,2024-02-16,2024,False
manual_000285,manual,False,,d633142cdc70d207bbbe68de035a18a28c491ebd,decision_key_rate,statement,Заявление Председателя Банка России Эльвиры Набиуллиной по итогам заседания Совета директоров Банка России 16 февраля 2024 года,16.02.2024,"И вы сказали, что если пространство есть, то к нему будет плавный подход, означает ли это, что в первом полугодии нам не стоит ожидать никакого смягчения?",Interest rate,Forward-looking,Neutral,1,0,2,2024-02-16,2024,False
manual_000286,manual,False,,d633142cdc70d207bbbe68de035a18a28c491ebd,decision_key_rate,statement,Заявление Председателя Банка России Эльвиры Набиуллиной по итогам заседания Совета директоров Банка России 16 февраля 2024 года,16.02.2024,Э.С. НАБИУЛЛИНА:,Other,Other,Other,11,2,5,2024-02-16,2024,True
manual_000287,manual,False,,d633142cdc70d207bbbe68de035a18a28c491ebd,decision_key_rate,statement,Заявление Председателя Банка России Эльвиры Набиуллиной по итогам заседания Совета директоров Банка России 16 февраля 2024 года,16.02.2024,Мы рассматривали два варианта решения по ставке: сохранить ставку и повысить ставку.,Interest rate,Backward-looking,Hawkish,1,1,0,2024-02-16,2024,False
manual_000288,manual,False,,d633142cdc70d207bbbe68de035a18a28c491ebd,decision_key_rate,statement,Заявление Председателя Банка России Эльвиры Набиуллиной по итогам заседания Совета директоров Банка России 16 февраля 2024 года,16.02.2024,"Аргументы мы приведем в резюме обсуждения, которое опубликуем через неделю, но в итоге консенсус сложился вокруг решения по сохранению ставки.",Interest rate,Forward-looking,Neutral,1,0,2,2024-02-16,2024,False
manual_000289,manual,False,,d633142cdc70d207bbbe68de035a18a28c491ebd,decision_key_rate,statement,Заявление Председателя Банка России Эльвиры Набиуллиной по итогам заседания Совета директоров Банка России 16 февраля 2024 года,16.02.2024,"Что касается пространства для снижения ставки, оно действительно есть.",Interest rate,Forward-looking,Dovish,1,0,1,2024-02-16,2024,False
manual_000290,manual,False,,d633142cdc70d207bbbe68de035a18a28c491ebd,decision_key_rate,statement,Заявление Председателя Банка России Эльвиры Набиуллиной по итогам заседания Совета директоров Банка России 16 февраля 2024 года,16.02.2024,"Но снижение, на наш взгляд, будет происходить постепенно и плавно.",Interest rate,Forward-looking,Dovish,1,0,1,2024-02-16,2024,False
manual_000291,manual,False,,d633142cdc70d207bbbe68de035a18a28c491ebd,decision_key_rate,statement,Заявление Председателя Банка России Эльвиры Набиуллиной по итогам заседания Совета директоров Банка России 16 февраля 2024 года,16.02.2024,"И кстати, снижение номинальной процентной ставки, ключевой, также может означать и сохранение жестких денежно-кредитных условий, если будут снижаться инфляционные ожидания.",Interest rate,Forward-looking,Neutral,1,0,2,2024-02-16,2024,False
manual_000292,manual,False,,d633142cdc70d207bbbe68de035a18a28c491ebd,decision_key_rate,statement,Заявление Председателя Банка России Эльвиры Набиуллиной по итогам заседания Совета директоров Банка России 16 февраля 2024 года,16.02.2024,Нужно смотреть на реальную ставку.,Monetary conditions,Forward-looking,Neutral,2,0,2,2024-02-16,2024,False
manual_000293,manual,False,,d633142cdc70d207bbbe68de035a18a28c491ebd,decision_key_rate,statement,Заявление Председателя Банка России Эльвиры Набиуллиной по итогам заседания Совета директоров Банка России 16 февраля 2024 года,16.02.2024,"Мы обсуждали с коллегами, когда может начаться первое снижение ключевой ставки.",Interest rate,Forward-looking,Dovish,1,0,1,2024-02-16,2024,False
manual_000294,manual,False,,d633142cdc70d207bbbe68de035a18a28c491ebd,decision_key_rate,statement,Заявление Председателя Банка России Эльвиры Набиуллиной по итогам заседания Совета директоров Банка России 16 февраля 2024 года,16.02.2024,"Разброс мнений был достаточно широкий, но большинство считает, что это скорее произойдет во второй половине этого года.",Interest rate,Forward-looking,Dovish,1,0,1,2024-02-16,2024,False
manual_000295,manual,False,,d633142cdc70d207bbbe68de035a18a28c491ebd,decision_key_rate,statement,Заявление Председателя Банка России Эльвиры Набиуллиной по итогам заседания Совета директоров Банка России 16 февраля 2024 года,16.02.2024,ВОПРОС (агентство «Интерфакс»):,Other,Other,Other,11,2,5,2024-02-16,2024,False
manual_000296,manual,False,,d633142cdc70d207bbbe68de035a18a28c491ebd,decision_key_rate,statement,Заявление Председателя Банка России Эльвиры Набиуллиной по итогам заседания Совета директоров Банка России 16 февраля 2024 года,16.02.2024,Можно ли сигнал о будущей направленности ДКП считать нейтральным?,Interest rate,Forward-looking,Neutral,1,0,2,2024-02-16,2024,False
manual_000297,manual,False,,d633142cdc70d207bbbe68de035a18a28c491ebd,decision_key_rate,statement,Заявление Председателя Банка России Эльвиры Набиуллиной по итогам заседания Совета директоров Банка России 16 февраля 2024 года,16.02.2024,Почему вы из пресс-релиза убрали четкую формулировку по направленности сигнала?,Interest rate,Backward-looking,Neutral,1,1,2,2024-02-16,2024,False
manual_000298,manual,False,,d633142cdc70d207bbbe68de035a18a28c491ebd,decision_key_rate,statement,Заявление Председателя Банка России Эльвиры Набиуллиной по итогам заседания Совета директоров Банка России 16 февраля 2024 года,16.02.2024,Будет ли это всегда?,Other,Forward-looking,Neutral,11,0,2,2024-02-16,2024,True
manual_000299,manual,False,,d633142cdc70d207bbbe68de035a18a28c491ebd,decision_key_rate,statement,Заявление Председателя Банка России Эльвиры Набиуллиной по итогам заседания Совета директоров Банка России 16 февраля 2024 года,16.02.2024,"И второй вопрос: по-прежнему вы ждете, что ситуация в инфляции развернется и годовая инфляция на пике окажется весной — летом этого года?",Inflation,Forward-looking,Neutral,0,0,2,2024-02-16,2024,False
manual_000300,manual,False,,d633142cdc70d207bbbe68de035a18a28c491ebd,decision_key_rate,statement,Заявление Председателя Банка России Эльвиры Набиуллиной по итогам заседания Совета директоров Банка России 16 февраля 2024 года,16.02.2024,"И что конкретно, какие факторы легли в основу вашего решения о повышении прогноза средней ставки на 2024–2025 годы?",Interest rate,Forward-looking,Hawkish,1,0,0,2024-02-16,2024,False
manual_000301,manual,False,,d633142cdc70d207bbbe68de035a18a28c491ebd,decision_key_rate,statement,Заявление Председателя Банка России Эльвиры Набиуллиной по итогам заседания Совета директоров Банка России 16 февраля 2024 года,16.02.2024,Э.С. НАБИУЛЛИНА:,Other,Other,Other,11,2,5,2024-02-16,2024,True
manual_000302,manual,False,,d633142cdc70d207bbbe68de035a18a28c491ebd,decision_key_rate,statement,Заявление Председателя Банка России Эльвиры Набиуллиной по итогам заседания Совета директоров Банка России 16 февраля 2024 года,16.02.2024,"Да, сигнал можно считать в принципе нейтральным.",Interest rate,Forward-looking,Neutral,1,0,2,2024-02-16,2024,False
manual_000303,manual,False,,d633142cdc70d207bbbe68de035a18a28c491ebd,decision_key_rate,statement,Заявление Председателя Банка России Эльвиры Набиуллиной по итогам заседания Совета директоров Банка России 16 февраля 2024 года,16.02.2024,"Если вы заметили, в связи с изменением формата публикации наших материалов мы также пресс-релиз изменили.",Other,Backward-looking,Other,11,1,5,2024-02-16,2024,False
manual_000304,manual,False,,d633142cdc70d207bbbe68de035a18a28c491ebd,decision_key_rate,statement,Заявление Председателя Банка России Эльвиры Набиуллиной по итогам заседания Совета директоров Банка России 16 февраля 2024 года,16.02.2024,"На самом деле, мне кажется, там можно увидеть, что сигнал в целом нейтральный.",Interest rate,Backward-looking,Neutral,1,1,2,2024-02-16,2024,False
manual_000305,manual,False,,d633142cdc70d207bbbe68de035a18a28c491ebd,decision_key_rate,statement,Заявление Председателя Банка России Эльвиры Набиуллиной по итогам заседания Совета директоров Банка России 16 февраля 2024 года,16.02.2024,"Во-первых, мы считаем, что пик текущей инфляции — месячной сезонно сглаженной — уже пройден, он пройден осенью прошлого года.",Inflation,Backward-looking,Dovish,0,1,1,2024-02-16,2024,False
manual_000306,manual,False,,d633142cdc70d207bbbe68de035a18a28c491ebd,decision_key_rate,statement,Заявление Председателя Банка России Эльвиры Набиуллиной по итогам заседания Совета директоров Банка России 16 февраля 2024 года,16.02.2024,"Что касается годовой инфляции, которая отражает рост цен за последние 12 месяцев, действительно, пик может быть весной.",Inflation,Forward-looking,Risk-highlighting,0,0,3,2024-02-16,2024,False
manual_000307,manual,False,,d633142cdc70d207bbbe68de035a18a28c491ebd,decision_key_rate,statement,Заявление Председателя Банка России Эльвиры Набиуллиной по итогам заседания Совета директоров Банка России 16 февраля 2024 года,16.02.2024,"Причем рост годового показателя инфляции от нынешнего уровня, на наш взгляд, может быть небольшим, в рамках нескольких десятых процентного пункта.",Inflation,Forward-looking,Risk-highlighting,0,0,3,2024-02-16,2024,False
manual_000308,manual,False,,d633142cdc70d207bbbe68de035a18a28c491ebd,decision_key_rate,statement,Заявление Председателя Банка России Эльвиры Набиуллиной по итогам заседания Совета директоров Банка России 16 февраля 2024 года,16.02.2024,"В начале июля предполагается повышение тарифов на услуги ЖКХ, то есть это может также отразиться на временном повышении показателя годовой инфляции.",Inflation,Forward-looking,Risk-highlighting,0,0,3,2024-02-16,2024,False
manual_000309,manual,False,,d633142cdc70d207bbbe68de035a18a28c491ebd,decision_key_rate,statement,Заявление Председателя Банка России Эльвиры Набиуллиной по итогам заседания Совета директоров Банка России 16 февраля 2024 года,16.02.2024,"Но в целом мы видим, что по этому году в результате проводимой нашей денежно-кредитной политики инфляция и в устойчивых компонентах продолжит снижаться, с тем чтобы годовая инфляция к концу года была 4–4,5%.",Inflation,Forward-looking,Confidence-building,0,0,4,2024-02-16,2024,False
manual_000310,manual,False,,d633142cdc70d207bbbe68de035a18a28c491ebd,decision_key_rate,statement,Заявление Председателя Банка России Эльвиры Набиуллиной по итогам заседания Совета директоров Банка России 16 февраля 2024 года,16.02.2024,"Алексей Борисович, по повышению прогноза по ключевой ставке предлагаю ответить.",Other,Other,Other,11,2,5,2024-02-16,2024,False
manual_000311,manual,False,,d633142cdc70d207bbbe68de035a18a28c491ebd,decision_key_rate,statement,Заявление Председателя Банка России Эльвиры Набиуллиной по итогам заседания Совета директоров Банка России 16 февраля 2024 года,16.02.2024,А.Б. ЗАБОТКИН:,Other,Other,Other,11,2,5,2024-02-16,2024,True
manual_000312,manual,False,,d633142cdc70d207bbbe68de035a18a28c491ebd,decision_key_rate,statement,Заявление Председателя Банка России Эльвиры Набиуллиной по итогам заседания Совета директоров Банка России 16 февраля 2024 года,16.02.2024,"Собственно говоря, повышение прогноза ключевой ставки на этот год и на следующий отражает то, что Совет директоров по итогам обсуждения и остальные участники подготовки решения, наверное, сейчас видят момент начала снижения ставки несколько позже, чем они это видели по состоянию на октябрьское заседание.",Interest rate,Forward-looking,Hawkish,1,0,0,2024-02-16,2024,False
manual_000313,manual,False,,d633142cdc70d207bbbe68de035a18a28c491ebd,decision_key_rate,statement,Заявление Председателя Банка России Эльвиры Набиуллиной по итогам заседания Совета директоров Банка России 16 февраля 2024 года,16.02.2024,"Соответственно, поскольку снижение начинается позже, то в среднем по этому году мы будем иметь более высокую ключевую ставку.",Interest rate,Forward-looking,Hawkish,1,0,0,2024-02-16,2024,False
manual_000314,manual,False,,d633142cdc70d207bbbe68de035a18a28c491ebd,decision_key_rate,statement,Заявление Председателя Банка России Эльвиры Набиуллиной по итогам заседания Совета директоров Банка России 16 февраля 2024 года,16.02.2024,"И поскольку в следующий год, наверное, войдем с несколько более высоким уровнем ключевой ставки, то и средняя за следующий год тоже будет выше.",Interest rate,Forward-looking,Hawkish,1,0,0,2024-02-16,2024,False
manual_000315,manual,False,,d633142cdc70d207bbbe68de035a18a28c491ebd,decision_key_rate,statement,Заявление Председателя Банка России Эльвиры Набиуллиной по итогам заседания Совета директоров Банка России 16 февраля 2024 года,16.02.2024,"Это связано с тем, что необходимо дополнительно оценить устойчивость и скорость снижения инфляционного давления.",Inflation,Forward-looking,Risk-highlighting,0,0,3,2024-02-16,2024,False
manual_000316,manual,False,,d633142cdc70d207bbbe68de035a18a28c491ebd,decision_key_rate,statement,Заявление Председателя Банка России Эльвиры Набиуллиной по итогам заседания Совета директоров Банка России 16 февраля 2024 года,16.02.2024,И по поводу формулировок сигнала.,Other,Other,Other,11,2,5,2024-02-16,2024,False
manual_000317,manual,False,,d633142cdc70d207bbbe68de035a18a28c491ebd,decision_key_rate,statement,Заявление Председателя Банка России Эльвиры Набиуллиной по итогам заседания Совета директоров Банка России 16 февраля 2024 года,16.02.2024,"Действительно, мы убрали стандартную длинную формулу с описанием того, из чего мы исходим.",Other,Backward-looking,Other,11,1,5,2024-02-16,2024,False
manual_000318,manual,False,,d633142cdc70d207bbbe68de035a18a28c491ebd,decision_key_rate,statement,Заявление Председателя Банка России Эльвиры Набиуллиной по итогам заседания Совета директоров Банка России 16 февраля 2024 года,16.02.2024,"Мы исходим ровно из тех же соображений, которые перечислялись в предыдущем формате пресс-релиза, но мы решили, что к текущему моменту уже все это хорошо усвоили.",Other,Backward-looking,Other,11,1,5,2024-02-16,2024,False
manual_000319,manual,False,,d633142cdc70d207bbbe68de035a18a28c491ebd,decision_key_rate,statement,Заявление Председателя Банка России Эльвиры Набиуллиной по итогам заседания Совета директоров Банка России 16 февраля 2024 года,16.02.2024,"И если будут направленные сигналы, они будут сформулированы теми же словами, которыми они формулировались и в прошлом.",Interest rate,Forward-looking,Neutral,1,0,2,2024-02-16,2024,False
manual_000320,manual,False,,d633142cdc70d207bbbe68de035a18a28c491ebd,decision_key_rate,statement,Заявление Председателя Банка России Эльвиры Набиуллиной по итогам заседания Совета директоров Банка России 16 февраля 2024 года,16.02.2024,Здесь никаких сюрпризов не будет.,Other,Forward-looking,Confidence-building,11,0,4,2024-02-16,2024,False
manual_000321,manual,False,,d633142cdc70d207bbbe68de035a18a28c491ebd,decision_key_rate,statement,Заявление Председателя Банка России Эльвиры Набиуллиной по итогам заседания Совета директоров Банка России 16 февраля 2024 года,16.02.2024,"ВОПРОС («Липецкая газета», Липецк):",Other,Other,Other,11,2,5,2024-02-16,2024,False
manual_000322,manual,False,,d633142cdc70d207bbbe68de035a18a28c491ebd,decision_key_rate,statement,Заявление Председателя Банка России Эльвиры Набиуллиной по итогам заседания Совета директоров Банка России 16 февраля 2024 года,16.02.2024,Центробанк не исключает снижения ключевой ставки в 2024 году.,Interest rate,Forward-looking,Dovish,1,0,1,2024-02-16,2024,False
manual_000323,manual,False,,d633142cdc70d207bbbe68de035a18a28c491ebd,decision_key_rate,statement,Заявление Председателя Банка России Эльвиры Набиуллиной по итогам заседания Совета директоров Банка России 16 февраля 2024 года,16.02.2024,"В связи с этим хочу спросить, какой вариант снижения вы считаете оптимальным в нынешней ситуации: последовательное пошаговое снижение или же одновременное существенное снижение, зеркальное прошлогоднему повышению ключевой ставки?",Interest rate,Forward-looking,Dovish,1,0,1,2024-02-16,2024,False
manual_000324,manual,False,,d633142cdc70d207bbbe68de035a18a28c491ebd,decision_key_rate,statement,Заявление Председателя Банка России Эльвиры Набиуллиной по итогам заседания Совета директоров Банка России 16 февраля 2024 года,16.02.2024,Э.С. НАБИУЛЛИНА:,Other,Other,Other,11,2,5,2024-02-16,2024,True
manual_000325,manual,False,,d633142cdc70d207bbbe68de035a18a28c491ebd,decision_key_rate,statement,Заявление Председателя Банка России Эльвиры Набиуллиной по итогам заседания Совета директоров Банка России 16 февраля 2024 года,16.02.2024,"В нынешней ситуации, поскольку речь идет о постепенном охлаждении инфляции после перегрева спроса, а не о быстром замедлении инфляции, как это, например, было после резкого скачка цен в 2014 году или в 2022 году, то наиболее вероятно, мы считаем, что снижение ключевой ставки будет в форме последовательных шагов, более плавное.",Interest rate,Forward-looking,Dovish,1,0,1,2024-02-16,2024,False
manual_000326,manual,False,,d633142cdc70d207bbbe68de035a18a28c491ebd,decision_key_rate,statement,Заявление Председателя Банка России Эльвиры Набиуллиной по итогам заседания Совета директоров Банка России 16 февраля 2024 года,16.02.2024,"Конечно, размер шагов будет определяться теми данными, которые мы будем получать о скорости замедления инфляции, об инфляционных ожиданиях, об инфляционных рисках.",Interest rate,Forward-looking,Risk-highlighting,1,0,3,2024-02-16,2024,False
manual_000327,manual,False,,d633142cdc70d207bbbe68de035a18a28c491ebd,decision_key_rate,statement,Заявление Председателя Банка России Эльвиры Набиуллиной по итогам заседания Совета директоров Банка России 16 февраля 2024 года,16.02.2024,"Если вспомнить резкое повышение ставки, которое произошло втором полугодии — в августе 2023 года, то оно было продиктовано необходимостью купировать риски усиления инфляционного давления.",Interest rate,Backward-looking,Hawkish,1,1,0,2024-02-16,2024,False
manual_000328,manual,False,,d633142cdc70d207bbbe68de035a18a28c491ebd,decision_key_rate,statement,Заявление Председателя Банка России Эльвиры Набиуллиной по итогам заседания Совета директоров Банка России 16 февраля 2024 года,16.02.2024,"И в силу того, как устроена экономика, поведение потребителей, поведение компаний, инфляция разгоняется обычно гораздо охотнее, чем тормозит.",Inflation,Backward-looking,Hawkish,0,1,0,2024-02-16,2024,False
manual_000329,manual,False,,d633142cdc70d207bbbe68de035a18a28c491ebd,decision_key_rate,statement,Заявление Председателя Банка России Эльвиры Набиуллиной по итогам заседания Совета директоров Банка России 16 февраля 2024 года,16.02.2024,"И поэтому Центральный банк, который решает задачу ценовой стабильности, обычно повышает ставку быстрее, чтобы купировать все эти риски, чем потом ее снижает.",Interest rate,Backward-looking,Hawkish,1,1,0,2024-02-16,2024,False
manual_000330,manual,False,,d633142cdc70d207bbbe68de035a18a28c491ebd,decision_key_rate,statement,Заявление Председателя Банка России Эльвиры Набиуллиной по итогам заседания Совета директоров Банка России 16 февраля 2024 года,16.02.2024,ВОПРОС (проект Bitkogan):,Other,Other,Other,11,2,5,2024-02-16,2024,True
manual_000331,manual,False,,d633142cdc70d207bbbe68de035a18a28c491ebd,decision_key_rate,statement,Заявление Председателя Банка России Эльвиры Набиуллиной по итогам заседания Совета директоров Банка России 16 февраля 2024 года,16.02.2024,"Как вы уже неоднократно сказали, Банк России повысил прогноз по ставке на 2024 год.",Interest rate,Forward-looking,Hawkish,1,0,0,2024-02-16,2024,False
manual_000332,manual,False,,d633142cdc70d207bbbe68de035a18a28c491ebd,decision_key_rate,statement,Заявление Председателя Банка России Эльвиры Набиуллиной по итогам заседания Совета директоров Банка России 16 февраля 2024 года,16.02.2024,Как это скажется на российской экономике?,Economic activity,Forward-looking,Neutral,5,0,2,2024-02-16,2024,False
manual_000333,manual,False,,d633142cdc70d207bbbe68de035a18a28c491ebd,decision_key_rate,statement,Заявление Председателя Банка России Эльвиры Набиуллиной по итогам заседания Совета директоров Банка России 16 февраля 2024 года,16.02.2024,И стоит ли нам ждать рецессии?,Economic activity,Forward-looking,Risk-highlighting,5,0,3,2024-02-16,2024,False
manual_000334,manual,False,,d633142cdc70d207bbbe68de035a18a28c491ebd,decision_key_rate,statement,Заявление Председателя Банка России Эльвиры Набиуллиной по итогам заседания Совета директоров Банка России 16 февраля 2024 года,16.02.2024,Э.С. НАБИУЛЛИНА:,Other,Other,Other,11,2,5,2024-02-16,2024,True
manual_000335,manual,False,,d633142cdc70d207bbbe68de035a18a28c491ebd,decision_key_rate,statement,Заявление Председателя Банка России Эльвиры Набиуллиной по итогам заседания Совета директоров Банка России 16 февраля 2024 года,16.02.2024,"Нужно повышать ставки своевременно, чтобы не возникало рисков рецессии, чтобы тот дисбаланс роста спроса и не догоняющего рост спроса производства товаров и услуг не приводил к постоянному резкому раскручиванию инфляции, которую потом пришлось бы снижать гораздо большим и длительным повышением ставок, которое может привести к рецессии.",Interest rate,Forward-looking,Risk-highlighting,1,0,3,2024-02-16,2024,False
manual_000336,manual,False,,d633142cdc70d207bbbe68de035a18a28c491ebd,decision_key_rate,statement,Заявление Председателя Банка России Эльвиры Набиуллиной по итогам заседания Совета директоров Банка России 16 февраля 2024 года,16.02.2024,Наш базовый прогноз не предполагает рецессии.,Economic activity,Forward-looking,Confidence-building,5,0,4,2024-02-16,2024,False
manual_000337,manual,False,,d633142cdc70d207bbbe68de035a18a28c491ebd,decision_key_rate,statement,Заявление Председателя Банка России Эльвиры Набиуллиной по итогам заседания Совета директоров Банка России 16 февраля 2024 года,16.02.2024,А.Б. ЗАБОТКИН:,Other,Other,Other,11,2,5,2024-02-16,2024,True
manual_000338,manual,False,,d633142cdc70d207bbbe68de035a18a28c491ebd,decision_key_rate,statement,Заявление Председателя Банка России Эльвиры Набиуллиной по итогам заседания Совета директоров Банка России 16 февраля 2024 года,16.02.2024,"Я хочу подчеркнуть, что прогноз роста ВВП на этот год повышен до 1–2%, притом что факт прошлого года был выше, чем предыдущий прогноз.",Economic activity,Forward-looking,Hawkish,5,0,0,2024-02-16,2024,False
manual_000339,manual,False,,d633142cdc70d207bbbe68de035a18a28c491ebd,decision_key_rate,statement,Заявление Председателя Банка России Эльвиры Набиуллиной по итогам заседания Совета директоров Банка России 16 февраля 2024 года,16.02.2024,"Соответственно, то, как об этом надо думать, это то, что экономика входит в этот год с большим импульсом к росту, что, соответственно, создает более длительный и более устойчивый период инфляционного давления.",Economic activity,Forward-looking,Hawkish,5,0,0,2024-02-16,2024,False
manual_000340,manual,False,,d633142cdc70d207bbbe68de035a18a28c491ebd,decision_key_rate,statement,Заявление Председателя Банка России Эльвиры Набиуллиной по итогам заседания Совета директоров Банка России 16 февраля 2024 года,16.02.2024,"И соответственно, в ответ на это ставка будет держаться на текущем уровне, возможно, дольше, чем она держалась до этого.",Interest rate,Forward-looking,Hawkish,1,0,0,2024-02-16,2024,False
manual_000341,manual,False,,d633142cdc70d207bbbe68de035a18a28c491ebd,decision_key_rate,statement,Заявление Председателя Банка России Эльвиры Набиуллиной по итогам заседания Совета директоров Банка России 16 февраля 2024 года,16.02.2024,"Степень жесткости денежно-кредитных условий будет повыше, но при этом прогноз ВВП тоже будет выше.",Monetary conditions,Forward-looking,Hawkish,2,0,0,2024-02-16,2024,False
manual_000342,manual,False,,d633142cdc70d207bbbe68de035a18a28c491ebd,decision_key_rate,statement,Заявление Председателя Банка России Эльвиры Набиуллиной по итогам заседания Совета директоров Банка России 16 февраля 2024 года,16.02.2024,"ВОПРОС (онлайн-издание JustMedia, Екатеринбург):",Other,Other,Other,11,2,5,2024-02-16,2024,False
manual_000343,manual,False,,d633142cdc70d207bbbe68de035a18a28c491ebd,decision_key_rate,statement,Заявление Председателя Банка России Эльвиры Набиуллиной по итогам заседания Совета директоров Банка России 16 февраля 2024 года,16.02.2024,"Льготная ипотека была драйвером ипотечного рынка в 2023 году, и считается, что ставка стала причиной роста стоимости льготной программы.",Fiscal policy,Backward-looking,Neutral,8,1,2,2024-02-16,2024,False
manual_000344,manual,False,,d633142cdc70d207bbbe68de035a18a28c491ebd,decision_key_rate,statement,Заявление Председателя Банка России Эльвиры Набиуллиной по итогам заседания Совета директоров Банка России 16 февраля 2024 года,16.02.2024,Какова роль этого фактора при решении по ставке?,Interest rate,Backward-looking,Neutral,1,1,2,2024-02-16,2024,False
manual_000345,manual,False,,d633142cdc70d207bbbe68de035a18a28c491ebd,decision_key_rate,statement,Заявление Председателя Банка России Эльвиры Набиуллиной по итогам заседания Совета директоров Банка России 16 февраля 2024 года,16.02.2024,"Или Банк России считает, что ипотечный «пузырь» постепенно будет уходить благодаря макропруденциальным мерам?",Financial sector & Macroprudential policy,Forward-looking,Risk-highlighting,10,0,3,2024-02-16,2024,False
manual_000346,manual,False,,d633142cdc70d207bbbe68de035a18a28c491ebd,decision_key_rate,statement,Заявление Председателя Банка России Эльвиры Набиуллиной по итогам заседания Совета директоров Банка России 16 февраля 2024 года,16.02.2024,Э.С. НАБИУЛЛИНА:,Other,Other,Other,11,2,5,2024-02-16,2024,True
manual_000347,manual,False,,d633142cdc70d207bbbe68de035a18a28c491ebd,decision_key_rate,statement,Заявление Председателя Банка России Эльвиры Набиуллиной по итогам заседания Совета директоров Банка России 16 февраля 2024 года,16.02.2024,"Льготные программы кредитования — кстати, не только в ипотеке — создают такие сегменты кредитного рынка, которые менее чувствительны или даже нечувствительны к ключевой ставке.",Fiscal policy,Backward-looking,Hawkish,8,1,0,2024-02-16,2024,False
manual_000348,manual,False,,d633142cdc70d207bbbe68de035a18a28c491ebd,decision_key_rate,statement,Заявление Председателя Банка России Эльвиры Набиуллиной по итогам заседания Совета директоров Банка России 16 февраля 2024 года,16.02.2024,"И по сути дела, что это означает?",Other,Other,Other,11,2,5,2024-02-16,2024,False
manual_000349,manual,False,,d633142cdc70d207bbbe68de035a18a28c491ebd,decision_key_rate,statement,Заявление Председателя Банка России Эльвиры Набиуллиной по итогам заседания Совета директоров Банка России 16 февраля 2024 года,16.02.2024,"Это означает, что если мы ключевой ставкой оказываем влияние на совокупный спрос, на кредитную активность в целом, то Центральному банку приходится сильнее изменять денежно-кредитные условия, ставку в рыночной части кредитного рынка, то есть более значительно изменять свою ключевую ставку.",Interest rate,Forward-looking,Hawkish,1,0,0,2024-02-16,2024,False
manual_000350,manual,False,,d633142cdc70d207bbbe68de035a18a28c491ebd,decision_key_rate,statement,Заявление Председателя Банка России Эльвиры Набиуллиной по итогам заседания Совета директоров Банка России 16 февраля 2024 года,16.02.2024,И мы это учитываем при принятии решений по ключевой ставке.,Interest rate,Backward-looking,Neutral,1,1,2,2024-02-16,2024,False
manual_000351,manual,False,,d633142cdc70d207bbbe68de035a18a28c491ebd,decision_key_rate,statement,Заявление Председателя Банка России Эльвиры Набиуллиной по итогам заседания Совета директоров Банка России 16 февраля 2024 года,16.02.2024,"И конечно, вы правы, что есть проблема финансовой стабильности, и задача Центрального банка — поддерживать финансовую стабильность.",Financial sector & Macroprudential policy,Backward-looking,Risk-highlighting,10,1,3,2024-02-16,2024,False
manual_000352,manual,False,,d633142cdc70d207bbbe68de035a18a28c491ebd,decision_key_rate,statement,Заявление Председателя Банка России Эльвиры Набиуллиной по итогам заседания Совета директоров Банка России 16 февраля 2024 года,16.02.2024,А что это означает?,Other,Other,Other,11,2,5,2024-02-16,2024,True
manual_000353,manual,False,,d633142cdc70d207bbbe68de035a18a28c491ebd,decision_key_rate,statement,Заявление Председателя Банка России Эльвиры Набиуллиной по итогам заседания Совета директоров Банка России 16 февраля 2024 года,16.02.2024,"Это означает ограничение высокорискованных, поэтому потенциально плохих долгов в отдельных сегментах финансовой системы.",Financial sector & Macroprudential policy,Backward-looking,Risk-highlighting,10,1,3,2024-02-16,2024,False
manual_000354,manual,False,,d633142cdc70d207bbbe68de035a18a28c491ebd,decision_key_rate,statement,Заявление Председателя Банка России Эльвиры Набиуллиной по итогам заседания Совета директоров Банка России 16 февраля 2024 года,16.02.2024,"И мы это решаем за счет применения именно макропруденциальных мер, и макропруденциальные меры как раз и сдерживают накопление таких рисков.",Financial sector & Macroprudential policy,Backward-looking,Confidence-building,10,1,4,2024-02-16,2024,False
manual_000355,manual,False,,d633142cdc70d207bbbe68de035a18a28c491ebd,decision_key_rate,statement,Заявление Председателя Банка России Эльвиры Набиуллиной по итогам заседания Совета директоров Банка России 16 февраля 2024 года,16.02.2024,"Побочным результатом этого является то, что предотвращается избыточное надувание «пузыря» цен на эти активы, в том числе в данном случае на жилье.",Financial sector & Macroprudential policy,Backward-looking,Confidence-building,10,1,4,2024-02-16,2024,False
manual_000356,manual,False,,d633142cdc70d207bbbe68de035a18a28c491ebd,decision_key_rate,statement,Заявление Председателя Банка России Эльвиры Набиуллиной по итогам заседания Совета директоров Банка России 16 февраля 2024 года,16.02.2024,"Мы не считаем, что у нас сформировался ипотечный «пузырь», но у нас возросли риски на рынке ипотеки.",Financial sector & Macroprudential policy,Backward-looking,Risk-highlighting,10,1,3,2024-02-16,2024,False
manual_000357,manual,False,,d633142cdc70d207bbbe68de035a18a28c491ebd,decision_key_rate,statement,Заявление Председателя Банка России Эльвиры Набиуллиной по итогам заседания Совета директоров Банка России 16 февраля 2024 года,16.02.2024,Мы об этом говорим.,Other,Other,Other,11,2,5,2024-02-16,2024,True
manual_000358,manual,False,,d633142cdc70d207bbbe68de035a18a28c491ebd,decision_key_rate,statement,Заявление Председателя Банка России Эльвиры Набиуллиной по итогам заседания Совета директоров Банка России 16 февраля 2024 года,16.02.2024,"Мы видели признаки перегрева, когда повышенный спрос на ипотеку, который поддерживался в основном за счет льготных программ, приводил не столько к повышению доступности жилья для граждан, сколько к повышению цен.",Fiscal policy,Backward-looking,Hawkish,8,1,0,2024-02-16,2024,False
manual_000359,manual,False,,d633142cdc70d207bbbe68de035a18a28c491ebd,decision_key_rate,statement,Заявление Председателя Банка России Эльвиры Набиуллиной по итогам заседания Совета директоров Банка России 16 февраля 2024 года,16.02.2024,"И мы видим, что в прошлом году, например, в выдачах льготная ипотека составляла 60%, поэтому здесь применение макропруденциальных мер, сами решения Правительства по изменению параметров льготных программ, конечно, будут этот сегмент рынка охлаждать.",Fiscal policy,Forward-looking,Dovish,8,0,1,2024-02-16,2024,False
manual_000360,manual,False,,d633142cdc70d207bbbe68de035a18a28c491ebd,decision_key_rate,statement,Заявление Председателя Банка России Эльвиры Набиуллиной по итогам заседания Совета директоров Банка России 16 февраля 2024 года,16.02.2024,"Но мы видим, что рыночная ипотека адекватно, абсолютно нормально реагирует на наше решение по ключевой ставке.",Interest rate,Backward-looking,Confidence-building,1,1,4,2024-02-16,2024,False
manual_000361,manual,False,,d633142cdc70d207bbbe68de035a18a28c491ebd,decision_key_rate,statement,Заявление Председателя Банка России Эльвиры Набиуллиной по итогам заседания Совета директоров Банка России 16 февраля 2024 года,16.02.2024,ВОПРОС (агентство «РИА Новости»):,Other,Other,Other,11,2,5,2024-02-16,2024,False
manual_000362,manual,False,,d633142cdc70d207bbbe68de035a18a28c491ebd,decision_key_rate,statement,Заявление Председателя Банка России Эльвиры Набиуллиной по итогам заседания Совета директоров Банка России 16 февраля 2024 года,16.02.2024,"Центральный банк уже месяц назад говорил о том, что выступает против продления обязательной продажи валютной выручки экспортерами, но с учетом того, что курс рубля в последнее время ослабляется все-таки, не будете ли вы пересматривать свою позицию?",Exchange rate,Forward-looking,Risk-highlighting,9,0,3,2024-02-16,2024,False
manual_000363,manual,False,,d633142cdc70d207bbbe68de035a18a28c491ebd,decision_key_rate,statement,Заявление Председателя Банка России Эльвиры Набиуллиной по итогам заседания Совета директоров Банка России 16 февраля 2024 года,16.02.2024,Э.С. НАБИУЛЛИНА:,Other,Other,Other,11,2,5,2024-02-16,2024,True
manual_000364,manual,False,,d633142cdc70d207bbbe68de035a18a28c491ebd,decision_key_rate,statement,Заявление Председателя Банка России Эльвиры Набиуллиной по итогам заседания Совета директоров Банка России 16 февраля 2024 года,16.02.2024,"Как мы уже говорили, Банк России не видит таких весомых оснований для продления обязательной продажи валютной выручки.",Exchange rate,Backward-looking,Neutral,9,1,2,2024-02-16,2024,False
manual_000365,manual,False,,d633142cdc70d207bbbe68de035a18a28c491ebd,decision_key_rate,statement,Заявление Председателя Банка России Эльвиры Набиуллиной по итогам заседания Совета директоров Банка России 16 февраля 2024 года,16.02.2024,"На наш взгляд, важность меры по обязательной продаже валютной выручки для того, чтобы стабилизировать обменный курс, значимо уступает другим мерам, другим эффектам.",Exchange rate,Backward-looking,Neutral,9,1,2,2024-02-16,2024,False
manual_000366,manual,False,,d633142cdc70d207bbbe68de035a18a28c491ebd,decision_key_rate,statement,Заявление Председателя Банка России Эльвиры Набиуллиной по итогам заседания Совета директоров Банка России 16 февраля 2024 года,16.02.2024,"Основные эффекты были от повышения ключевой ставки, от ужесточения денежно-кредитной политики, которое, напомню, было предпринято нами, и в достаточно короткие сроки ключевая ставка выросла в 2 раза.",Interest rate,Backward-looking,Hawkish,1,1,0,2024-02-16,2024,False
manual_000367,manual,False,,d633142cdc70d207bbbe68de035a18a28c491ebd,decision_key_rate,statement,Заявление Председателя Банка России Эльвиры Набиуллиной по итогам заседания Совета директоров Банка России 16 февраля 2024 года,16.02.2024,"И именно повышение ключевой ставки повысило привлекательность сбережений в рублях, а не в валюте и сдержало также раскручивание спирали роста спроса на импорт.",Interest rate,Backward-looking,Dovish,1,1,1,2024-02-16,2024,False
manual_000368,manual,False,,d633142cdc70d207bbbe68de035a18a28c491ebd,decision_key_rate,statement,Заявление Председателя Банка России Эльвиры Набиуллиной по итогам заседания Совета директоров Банка России 16 февраля 2024 года,16.02.2024,"Также на курс в IV квартале, когда происходило его укрепление, стабилизация, влиял торговый баланс и рост выручки российских экспортеров.",External conditions,Backward-looking,Confidence-building,7,1,4,2024-02-16,2024,False
manual_000369,manual,False,,d633142cdc70d207bbbe68de035a18a28c491ebd,decision_key_rate,statement,Заявление Председателя Банка России Эльвиры Набиуллиной по итогам заседания Совета директоров Банка России 16 февраля 2024 года,16.02.2024,"У нас в августе — сентябре был рост цен на товары нашего экспорта, и с учетом лагов по транспортировке, по платежам эта валютная выручка поступала на рынок во второй половине осени.",External conditions,Backward-looking,Neutral,7,1,2,2024-02-16,2024,False
manual_000370,manual,False,,d633142cdc70d207bbbe68de035a18a28c491ebd,decision_key_rate,statement,Заявление Председателя Банка России Эльвиры Набиуллиной по итогам заседания Совета директоров Банка России 16 февраля 2024 года,16.02.2024,"Мы, конечно, анализируем эти данные, но, на наш взгляд, основное — это фундаментальные факторы, которые оказывают влияние на стабилизацию курса.",Exchange rate,Backward-looking,Confidence-building,9,1,4,2024-02-16,2024,False
manual_000371,manual,False,,d633142cdc70d207bbbe68de035a18a28c491ebd,decision_key_rate,statement,Заявление Председателя Банка России Эльвиры Набиуллиной по итогам заседания Совета директоров Банка России 16 февраля 2024 года,16.02.2024,"ВОПРОС (газета «Красный север», Вологда):",Other,Other,Other,11,2,5,2024-02-16,2024,False
manual_000372,manual,False,,d633142cdc70d207bbbe68de035a18a28c491ebd,decision_key_rate,statement,Заявление Председателя Банка России Эльвиры Набиуллиной по итогам заседания Совета директоров Банка России 16 февраля 2024 года,16.02.2024,"Одним из факторов, стимулирующих инфляцию, регулятор называет дисбаланс между внутренним спросом и предложением.",Economic activity,Backward-looking,Hawkish,5,1,0,2024-02-16,2024,False
manual_000373,manual,False,,d633142cdc70d207bbbe68de035a18a28c491ebd,decision_key_rate,statement,Заявление Председателя Банка России Эльвиры Набиуллиной по итогам заседания Совета директоров Банка России 16 февраля 2024 года,16.02.2024,"При этом в условиях высоких ставок деловая активность бизнеса снижается и, соответственно, замедляется рост производства товаров, что, соответственно, не лучшим образом отражается на предложении на рынке.",Monetary conditions,Backward-looking,Neutral,2,1,2,2024-02-16,2024,False
manual_000374,manual,False,,d633142cdc70d207bbbe68de035a18a28c491ebd,decision_key_rate,statement,Заявление Председателя Банка России Эльвиры Набиуллиной по итогам заседания Совета директоров Банка России 16 февраля 2024 года,16.02.2024,"Не видите ли вы противоречия между жесткой денежно-кредитной политикой, которую сегодня проводит Банк России, и целью по снижению инфляции?",Monetary conditions,Backward-looking,Neutral,2,1,2,2024-02-16,2024,False
manual_000375,manual,False,,d633142cdc70d207bbbe68de035a18a28c491ebd,decision_key_rate,statement,Заявление Председателя Банка России Эльвиры Набиуллиной по итогам заседания Совета директоров Банка России 16 февраля 2024 года,16.02.2024,Э.С. НАБИУЛЛИНА:,Other,Other,Other,11,2,5,2024-02-16,2024,True
manual_000376,manual,False,,d633142cdc70d207bbbe68de035a18a28c491ebd,decision_key_rate,statement,Заявление Председателя Банка России Эльвиры Набиуллиной по итогам заседания Совета директоров Банка России 16 февраля 2024 года,16.02.2024,"Нет, здесь нет противоречий, ставка действительно влияет как на потребление, спрос, так и на инвестиции.",Interest rate,Backward-looking,Neutral,1,1,2,2024-02-16,2024,False
manual_000377,manual,False,,d633142cdc70d207bbbe68de035a18a28c491ebd,decision_key_rate,statement,Заявление Председателя Банка России Эльвиры Набиуллиной по итогам заседания Совета директоров Банка России 16 февраля 2024 года,16.02.2024,Это верно.,Other,Other,Other,11,2,5,2024-02-16,2024,True
manual_000378,manual,False,,d633142cdc70d207bbbe68de035a18a28c491ebd,decision_key_rate,statement,Заявление Председателя Банка России Эльвиры Набиуллиной по итогам заседания Совета директоров Банка России 16 февраля 2024 года,16.02.2024,"Но спрос гораздо более чувствителен к ставке, чем предложение товаров и услуг, поэтому эффект от ужесточения денежно-кредитной политики строго дезинфляционный.",Interest rate,Backward-looking,Dovish,1,1,1,2024-02-16,2024,False
manual_000379,manual,False,,d633142cdc70d207bbbe68de035a18a28c491ebd,decision_key_rate,statement,Заявление Председателя Банка России Эльвиры Набиуллиной по итогам заседания Совета директоров Банка России 16 февраля 2024 года,16.02.2024,"Те страны, которые пытались опровергнуть эту истину, мы знаем такие примеры, они имеют и высокую инфляцию, и низкую доступность кредита.",Inflation,Backward-looking,Risk-highlighting,0,1,3,2024-02-16,2024,False
manual_000380,manual,False,,d633142cdc70d207bbbe68de035a18a28c491ebd,decision_key_rate,statement,Заявление Председателя Банка России Эльвиры Набиуллиной по итогам заседания Совета директоров Банка России 16 февраля 2024 года,16.02.2024,"На инвестиции, кстати, гораздо в большей степени влияет не текущий уровень ключевой ставки, а ожидания по будущей инфляции, которые закладываются в ставки по долгосрочным кредитам — долгосрочные ставки.",Expectations,Forward-looking,Neutral,4,0,2,2024-02-16,2024,False
manual_000381,manual,False,,d633142cdc70d207bbbe68de035a18a28c491ebd,decision_key_rate,statement,Заявление Председателя Банка России Эльвиры Набиуллиной по итогам заседания Совета директоров Банка России 16 февраля 2024 года,16.02.2024,"И кстати, если вы обратите внимание, у нас долгосрочные ставки росли уже начиная с осени 2022 года, то есть за три квартала до того, как мы начали повышать ключевую ставку.",Monetary conditions,Backward-looking,Neutral,2,1,2,2024-02-16,2024,False
manual_000382,manual,False,,d633142cdc70d207bbbe68de035a18a28c491ebd,decision_key_rate,statement,Заявление Председателя Банка России Эльвиры Набиуллиной по итогам заседания Совета директоров Банка России 16 февраля 2024 года,16.02.2024,"То есть участники рынка, у которых росли инфляционные ожидания, закладывали это в долгосрочные ставки.",Expectations,Backward-looking,Hawkish,4,1,0,2024-02-16,2024,False
manual_000383,manual,False,,d633142cdc70d207bbbe68de035a18a28c491ebd,decision_key_rate,statement,Заявление Председателя Банка России Эльвиры Набиуллиной по итогам заседания Совета директоров Банка России 16 февраля 2024 года,16.02.2024,И это происходило ровно из-за роста инфляционных ожиданий.,Expectations,Backward-looking,Hawkish,4,1,0,2024-02-16,2024,False
manual_000384,manual,False,,d633142cdc70d207bbbe68de035a18a28c491ebd,decision_key_rate,statement,Заявление Председателя Банка России Эльвиры Набиуллиной по итогам заседания Совета директоров Банка России 16 февраля 2024 года,16.02.2024,"А сейчас мы видим, что, наоборот, среднесрочные и долгосрочные ставки ниже нашей ключевой ставки.",Monetary conditions,Backward-looking,Neutral,2,1,2,2024-02-16,2024,False
manual_000385,manual,False,,d633142cdc70d207bbbe68de035a18a28c491ebd,decision_key_rate,statement,Заявление Председателя Банка России Эльвиры Набиуллиной по итогам заседания Совета директоров Банка России 16 февраля 2024 года,16.02.2024,"То есть участники рынка ожидают, что в результате жесткой денежно-кредитной политики инфляция будет снижаться, и это делает все более привлекательными вот эти долгосрочные ставки.",Expectations,Forward-looking,Dovish,4,0,1,2024-02-16,2024,False
manual_000386,manual,False,,d633142cdc70d207bbbe68de035a18a28c491ebd,decision_key_rate,statement,Заявление Председателя Банка России Эльвиры Набиуллиной по итогам заседания Совета директоров Банка России 16 февраля 2024 года,16.02.2024,"И хотела бы сказать, что у нас сейчас растет доля кредитов, которые компании берут под плавающую ставку, в том числе для финансирования инвестиционных проектов.",Credit,Backward-looking,Neutral,3,1,2,2024-02-16,2024,False
manual_000387,manual,False,,d633142cdc70d207bbbe68de035a18a28c491ebd,decision_key_rate,statement,Заявление Председателя Банка России Эльвиры Набиуллиной по итогам заседания Совета директоров Банка России 16 февраля 2024 года,16.02.2024,"Для инвестиционных проектов тоже важен не уровень сегодняшней ставки, не текущий уровень ключевой ставки, а то, какая ключевая ставка, если плавающие ставки привязаны к ключевой, какая плавающая ставка будет в среднем при реализации этого проекта.",Interest rate,Forward-looking,Neutral,1,0,2,2024-02-16,2024,False
manual_000388,manual,False,,d633142cdc70d207bbbe68de035a18a28c491ebd,decision_key_rate,statement,Заявление Председателя Банка России Эльвиры Набиуллиной по итогам заседания Совета директоров Банка России 16 февраля 2024 года,16.02.2024,"И чем больше есть уверенности, что денежно-кредитная политика, уровень нынешних ставок достаточен для того, чтобы вернуть инфляцию на место, тем больше уверенности, что кредитная ставка будет снижаться.",Monetary conditions,Forward-looking,Confidence-building,2,0,4,2024-02-16,2024,False
manual_000389,manual,False,,d633142cdc70d207bbbe68de035a18a28c491ebd,decision_key_rate,statement,Заявление Председателя Банка России Эльвиры Набиуллиной по итогам заседания Совета директоров Банка России 16 февраля 2024 года,16.02.2024,"И мы видим сейчас как раз рост спроса на кредиты по плавающей ставке, они закладывают потенциальное уменьшение ставки в результате того, что ценовая стабильность будет обеспечена.",Credit,Forward-looking,Confidence-building,3,0,4,2024-02-16,2024,False
manual_000390,manual,False,,d633142cdc70d207bbbe68de035a18a28c491ebd,decision_key_rate,statement,Заявление Председателя Банка России Эльвиры Набиуллиной по итогам заседания Совета директоров Банка России 16 февраля 2024 года,16.02.2024,"И конечно, хотела бы обратить внимание, мы об этом все время говорим, что сейчас ключевое ограничение — не доступность кредита, и наши опросы предприятий это показывают, а ограничения со стороны рабочей силы.",Labor market,Backward-looking,Hawkish,6,1,0,2024-02-16,2024,False
manual_000391,manual,False,,d633142cdc70d207bbbe68de035a18a28c491ebd,decision_key_rate,statement,Заявление Председателя Банка России Эльвиры Набиуллиной по итогам заседания Совета директоров Банка России 16 февраля 2024 года,16.02.2024,"И это одинаково относится и к производству потребительских товаров, и инвестиционных товаров, и промежуточных товаров.",Labor market,Backward-looking,Neutral,6,1,2,2024-02-16,2024,False
manual_000392,manual,False,,d633142cdc70d207bbbe68de035a18a28c491ebd,decision_key_rate,statement,Заявление Председателя Банка России Эльвиры Набиуллиной по итогам заседания Совета директоров Банка России 16 февраля 2024 года,16.02.2024,"Представьте, если за счет низких ставок на кредиты будет больше спрос на оборудование, то это оборудование, если его нельзя произвести больше в силу того, что есть ограничения по рабочей силе или по производственным мощностям, то оно просто будет дороже.",Labor market,Forward-looking,Hawkish,6,0,0,2024-02-16,2024,False
manual_000393,manual,False,,d633142cdc70d207bbbe68de035a18a28c491ebd,decision_key_rate,statement,Заявление Председателя Банка России Эльвиры Набиуллиной по итогам заседания Совета директоров Банка России 16 февраля 2024 года,16.02.2024,"И это все выльется в рост цен, а не в рост реального производства товаров и услуг.",Inflation,Forward-looking,Hawkish,0,0,0,2024-02-16,2024,False
manual_000394,manual,False,,d633142cdc70d207bbbe68de035a18a28c491ebd,decision_key_rate,statement,Заявление Председателя Банка России Эльвиры Набиуллиной по итогам заседания Совета директоров Банка России 16 февраля 2024 года,16.02.2024,"И что еще хотела бы отметить, когда мы говорим об инвестициях и производстве.",Other,Other,Other,11,2,5,2024-02-16,2024,False
manual_000395,manual,False,,d633142cdc70d207bbbe68de035a18a28c491ebd,decision_key_rate,statement,Заявление Председателя Банка России Эльвиры Набиуллиной по итогам заседания Совета директоров Банка России 16 февраля 2024 года,16.02.2024,"Во-первых, производство товаров и услуг не замедляется, об этом говорят темпы роста производства и наши прогнозы на будущее.",Economic activity,Forward-looking,Confidence-building,5,0,4,2024-02-16,2024,False
manual_000396,manual,False,,d633142cdc70d207bbbe68de035a18a28c491ebd,decision_key_rate,statement,Заявление Председателя Банка России Эльвиры Набиуллиной по итогам заседания Совета директоров Банка России 16 февраля 2024 года,16.02.2024,"Но основной источник финансирования инвестиций был и будет — это собственные средства предприятий, их прибыль.",Economic activity,Forward-looking,Neutral,5,0,2,2024-02-16,2024,False
manual_000397,manual,False,,d633142cdc70d207bbbe68de035a18a28c491ebd,decision_key_rate,statement,Заявление Председателя Банка России Эльвиры Набиуллиной по итогам заседания Совета директоров Банка России 16 февраля 2024 года,16.02.2024,"Кредит выдается только тогда, когда есть отдача на собственный капитал.",Credit,Backward-looking,Neutral,3,1,2,2024-02-16,2024,False
manual_000398,manual,False,,d633142cdc70d207bbbe68de035a18a28c491ebd,decision_key_rate,statement,Заявление Председателя Банка России Эльвиры Набиуллиной по итогам заседания Совета директоров Банка России 16 февраля 2024 года,16.02.2024,"Да, у нас есть предприятия закредитованные.",Credit,Backward-looking,Risk-highlighting,3,1,3,2024-02-16,2024,False
manual_000399,manual,False,,d633142cdc70d207bbbe68de035a18a28c491ebd,decision_key_rate,statement,Заявление Председателя Банка России Эльвиры Набиуллиной по итогам заседания Совета директоров Банка России 16 февраля 2024 года,16.02.2024,"Но это обычно неэффективные, убыточные предприятия, у которых собственные средства не растут, снижаются из-за убытков, они вынуждены больше и больше прибегать к долгу.",Credit,Backward-looking,Risk-highlighting,3,1,3,2024-02-16,2024,False
manual_000400,manual,False,,d633142cdc70d207bbbe68de035a18a28c491ebd,decision_key_rate,statement,Заявление Председателя Банка России Эльвиры Набиуллиной по итогам заседания Совета директоров Банка России 16 февраля 2024 года,16.02.2024,А источники финансирования инвестиций за счет прибыли у нас существенные.,Economic activity,Backward-looking,Confidence-building,5,1,4,2024-02-16,2024,False
manual_000401,manual,False,,d633142cdc70d207bbbe68de035a18a28c491ebd,decision_key_rate,statement,Заявление Председателя Банка России Эльвиры Набиуллиной по итогам заседания Совета директоров Банка России 16 февраля 2024 года,16.02.2024,"У нас по итогам прошлого года, если убрать банковский сектор (правда, у нас есть данные сейчас до ноября), то прибыль или сальдированный финансовый результат российских компаний превысил 34 трлн рублей.",Economic activity,Backward-looking,Confidence-building,5,1,4,2024-02-16,2024,False
manual_000402,manual,False,,d633142cdc70d207bbbe68de035a18a28c491ebd,decision_key_rate,statement,Заявление Председателя Банка России Эльвиры Набиуллиной по итогам заседания Совета директоров Банка России 16 февраля 2024 года,16.02.2024,Это примерно 3 трлн в месяц.,Economic activity,Backward-looking,Neutral,5,1,2,2024-02-16,2024,False
manual_000403,manual,False,,d633142cdc70d207bbbe68de035a18a28c491ebd,decision_key_rate,statement,Заявление Председателя Банка России Эльвиры Набиуллиной по итогам заседания Совета директоров Банка России 16 февраля 2024 года,16.02.2024,"Это рекордный результат, это на 16% выше, чем, например, в 2021 году.",Economic activity,Backward-looking,Confidence-building,5,1,4,2024-02-16,2024,False
manual_000404,manual,False,,d633142cdc70d207bbbe68de035a18a28c491ebd,decision_key_rate,statement,Заявление Председателя Банка России Эльвиры Набиуллиной по итогам заседания Совета директоров Банка России 16 февраля 2024 года,16.02.2024,"И пока нет признаков, чтобы он снижался.",Economic activity,Backward-looking,Confidence-building,5,1,4,2024-02-16,2024,False
manual_000405,manual,False,,d633142cdc70d207bbbe68de035a18a28c491ebd,decision_key_rate,statement,Заявление Председателя Банка России Эльвиры Набиуллиной по итогам заседания Совета директоров Банка России 16 февраля 2024 года,16.02.2024,"Поэтому ресурс инвестиций, финансирования проектов в экономике, конечно, есть.",Economic activity,Backward-looking,Confidence-building,5,1,4,2024-02-16,2024,False
manual_000406,manual,False,,d633142cdc70d207bbbe68de035a18a28c491ebd,decision_key_rate,statement,Заявление Председателя Банка России Эльвиры Набиуллиной по итогам заседания Совета директоров Банка России 16 февраля 2024 года,16.02.2024,"И мы полагаем, что инвестиционная активность будет поддержана этой прибылью и в условиях жесткой денежно-кредитной политики.",Economic activity,Forward-looking,Confidence-building,5,0,4,2024-02-16,2024,False
manual_000407,manual,False,,d633142cdc70d207bbbe68de035a18a28c491ebd,decision_key_rate,statement,Заявление Председателя Банка России Эльвиры Набиуллиной по итогам заседания Совета директоров Банка России 16 февраля 2024 года,16.02.2024,ВОПРОС (журнал Financial One):,Other,Other,Other,11,2,5,2024-02-16,2024,False
manual_000408,manual,False,,d633142cdc70d207bbbe68de035a18a28c491ebd,decision_key_rate,statement,Заявление Председателя Банка России Эльвиры Набиуллиной по итогам заседания Совета директоров Банка России 16 февраля 2024 года,16.02.2024,"Вот такой вопрос: относительно переноса ставки в экономике, то есть уже этот перенос произошел.",Interest rate,Backward-looking,Neutral,1,1,2,2024-02-16,2024,False
manual_000409,manual,False,,d633142cdc70d207bbbe68de035a18a28c491ebd,decision_key_rate,statement,Заявление Председателя Банка России Эльвиры Набиуллиной по итогам заседания Совета директоров Банка России 16 февраля 2024 года,16.02.2024,"То есть мы видим его и в кредитах, и в депозитах, и облигации тоже размещаются.",Monetary conditions,Backward-looking,Neutral,2,1,2,2024-02-16,2024,False
manual_000410,manual,False,,d633142cdc70d207bbbe68de035a18a28c491ebd,decision_key_rate,statement,Заявление Председателя Банка России Эльвиры Набиуллиной по итогам заседания Совета директоров Банка России 16 февраля 2024 года,16.02.2024,"То есть раньше был страх, что, когда поднимут ставку до такого уровня, экономика встанет, ну или не экономика, а финансовая система не сможет жить с такой ставкой.",Interest rate,Forward-looking,Risk-highlighting,1,0,3,2024-02-16,2024,False
manual_000411,manual,False,,d633142cdc70d207bbbe68de035a18a28c491ebd,decision_key_rate,statement,Заявление Председателя Банка России Эльвиры Набиуллиной по итогам заседания Совета директоров Банка России 16 февраля 2024 года,16.02.2024,"Мы видим, что в принципе все прекрасно работает, то есть и кредитная система работает, и облигации размещаются, то есть экономика живет.",Financial sector & Macroprudential policy,Backward-looking,Confidence-building,10,1,4,2024-02-16,2024,False
manual_000412,manual,False,,d633142cdc70d207bbbe68de035a18a28c491ebd,decision_key_rate,statement,Заявление Председателя Банка России Эльвиры Набиуллиной по итогам заседания Совета директоров Банка России 16 февраля 2024 года,16.02.2024,"И тут вопрос об отношении к ставке, то есть 16% — это высоко?",Interest rate,Backward-looking,Neutral,1,1,2,2024-02-16,2024,False
manual_000413,manual,False,,d633142cdc70d207bbbe68de035a18a28c491ebd,decision_key_rate,statement,Заявление Председателя Банка России Эльвиры Набиуллиной по итогам заседания Совета директоров Банка России 16 февраля 2024 года,16.02.2024,Стоит ли рассматривать эту ставку как высокую?,Interest rate,Backward-looking,Neutral,1,1,2,2024-02-16,2024,False
manual_000414,manual,False,,d633142cdc70d207bbbe68de035a18a28c491ebd,decision_key_rate,statement,Заявление Председателя Банка России Эльвиры Набиуллиной по итогам заседания Совета директоров Банка России 16 февраля 2024 года,16.02.2024,"Либо это просто некая ставка, которая работает в экономике и в принципе ее нельзя такой называть — высокой?",Interest rate,Backward-looking,Neutral,1,1,2,2024-02-16,2024,False
manual_000415,manual,False,,d633142cdc70d207bbbe68de035a18a28c491ebd,decision_key_rate,statement,Заявление Председателя Банка России Эльвиры Набиуллиной по итогам заседания Совета директоров Банка России 16 февраля 2024 года,16.02.2024,И еще вопрос тоже сопутствующий.,Other,Other,Other,11,2,5,2024-02-16,2024,False
manual_000416,manual,False,,d633142cdc70d207bbbe68de035a18a28c491ebd,decision_key_rate,statement,Заявление Председателя Банка России Эльвиры Набиуллиной по итогам заседания Совета директоров Банка России 16 февраля 2024 года,16.02.2024,"Те кредиты, которые выдаются с учетом ставки 16%, можно ли здесь видеть риски того, что возникнут проблемы с обслуживанием таких долгов?",Credit,Forward-looking,Risk-highlighting,3,0,3,2024-02-16,2024,False
manual_000417,manual,False,,d633142cdc70d207bbbe68de035a18a28c491ebd,decision_key_rate,statement,Заявление Председателя Банка России Эльвиры Набиуллиной по итогам заседания Совета директоров Банка России 16 февраля 2024 года,16.02.2024,Либо здесь нет каких-то особенных рисков и в принципе с этими долгами можно жить и хорошо обслуживать?,Credit,Forward-looking,Confidence-building,3,0,4,2024-02-16,2024,False
manual_000418,manual,False,,d633142cdc70d207bbbe68de035a18a28c491ebd,decision_key_rate,statement,Заявление Председателя Банка России Эльвиры Набиуллиной по итогам заседания Совета директоров Банка России 16 февраля 2024 года,16.02.2024,Э.С. НАБИУЛЛИНА:,Other,Other,Other,11,2,5,2024-02-16,2024,True
manual_000419,manual,False,,d633142cdc70d207bbbe68de035a18a28c491ebd,decision_key_rate,statement,Заявление Председателя Банка России Эльвиры Набиуллиной по итогам заседания Совета директоров Банка России 16 февраля 2024 года,16.02.2024,"Вы правы, что ставка в экономику транслируется, мы об этом говорим, но не все эффекты еще исчерпаны, то есть она действует с лагами.",Interest rate,Backward-looking,Neutral,1,1,2,2024-02-16,2024,False
manual_000420,manual,False,,d633142cdc70d207bbbe68de035a18a28c491ebd,decision_key_rate,statement,Заявление Председателя Банка России Эльвиры Набиуллиной по итогам заседания Совета директоров Банка России 16 февраля 2024 года,16.02.2024,Это будет продолжаться.,Interest rate,Forward-looking,Neutral,1,0,2,2024-02-16,2024,True
manual_000421,manual,False,,d633142cdc70d207bbbe68de035a18a28c491ebd,decision_key_rate,statement,Заявление Председателя Банка России Эльвиры Набиуллиной по итогам заседания Совета директоров Банка России 16 февраля 2024 года,16.02.2024,Что значит она высокая или денежно-кредитная политика жесткая?,Monetary conditions,Backward-looking,Neutral,2,1,2,2024-02-16,2024,False
manual_000422,manual,False,,d633142cdc70d207bbbe68de035a18a28c491ebd,decision_key_rate,statement,Заявление Председателя Банка России Эльвиры Набиуллиной по итогам заседания Совета директоров Банка России 16 февраля 2024 года,16.02.2024,"Она действительно жесткая, потому что эта ставка способствует снижению инфляции.",Interest rate,Backward-looking,Dovish,1,1,1,2024-02-16,2024,False
manual_000423,manual,False,,d633142cdc70d207bbbe68de035a18a28c491ebd,decision_key_rate,statement,Заявление Председателя Банка России Эльвиры Набиуллиной по итогам заседания Совета директоров Банка России 16 февраля 2024 года,16.02.2024,"Она замедляет темпы роста кредитования до сбалансированных, потому что в прошлом году были очень высокие темпы роста кредитования, рекордно высокие по многим направлениям.",Credit,Backward-looking,Dovish,3,1,1,2024-02-16,2024,False
manual_000424,manual,False,,d633142cdc70d207bbbe68de035a18a28c491ebd,decision_key_rate,statement,Заявление Председателя Банка России Эльвиры Набиуллиной по итогам заседания Совета директоров Банка России 16 февраля 2024 года,16.02.2024,"Поэтому да, эта политика жесткая, но она не препятствует тому, чтобы брать кредиты.",Monetary conditions,Backward-looking,Confidence-building,2,1,4,2024-02-16,2024,False
manual_000425,manual,False,,d633142cdc70d207bbbe68de035a18a28c491ebd,decision_key_rate,statement,Заявление Председателя Банка России Эльвиры Набиуллиной по итогам заседания Совета директоров Банка России 16 февраля 2024 года,16.02.2024,"То есть мы прогноз по кредитованию экономики и в части предприятий, и в части домохозяйств оставляем в положительной зоне.",Credit,Forward-looking,Confidence-building,3,0,4,2024-02-16,2024,False
manual_000426,manual,False,,d633142cdc70d207bbbe68de035a18a28c491ebd,decision_key_rate,statement,Заявление Председателя Банка России Эльвиры Набиуллиной по итогам заседания Совета директоров Банка России 16 февраля 2024 года,16.02.2024,"Темпы будут ниже, действительно, будут ниже, чем рекордно высокие, но кредит будет продолжать оставаться доступным и будет расти теми темпами, которые не будут приводить просто к росту цен.",Credit,Forward-looking,Dovish,3,0,1,2024-02-16,2024,False
manual_000427,manual,False,,d633142cdc70d207bbbe68de035a18a28c491ebd,decision_key_rate,statement,Заявление Председателя Банка России Эльвиры Набиуллиной по итогам заседания Совета директоров Банка России 16 февраля 2024 года,16.02.2024,"Что касается того, сталкиваются ли предприятия при повышении ставки с проблемами в обслуживании.",Credit,Backward-looking,Risk-highlighting,3,1,3,2024-02-16,2024,False
manual_000428,manual,False,,d633142cdc70d207bbbe68de035a18a28c491ebd,decision_key_rate,statement,Заявление Председателя Банка России Эльвиры Набиуллиной по итогам заседания Совета директоров Банка России 16 февраля 2024 года,16.02.2024,"Мы внимательно смотрим за этим, смотрим, нет ли угрозы возникновения рисков финансовой стабильности.",Financial sector & Macroprudential policy,Forward-looking,Risk-highlighting,10,0,3,2024-02-16,2024,False
manual_000429,manual,False,,d633142cdc70d207bbbe68de035a18a28c491ebd,decision_key_rate,statement,Заявление Председателя Банка России Эльвиры Набиуллиной по итогам заседания Совета директоров Банка России 16 февраля 2024 года,16.02.2024,Это очень важно.,Other,Other,Other,11,2,5,2024-02-16,2024,True
manual_000430,manual,False,,d633142cdc70d207bbbe68de035a18a28c491ebd,decision_key_rate,statement,Заявление Председателя Банка России Эльвиры Набиуллиной по итогам заседания Совета директоров Банка России 16 февраля 2024 года,16.02.2024,Таких рисков нет.,Financial sector & Macroprudential policy,Backward-looking,Confidence-building,10,1,4,2024-02-16,2024,True
manual_000431,manual,False,,d633142cdc70d207bbbe68de035a18a28c491ebd,decision_key_rate,statement,Заявление Председателя Банка России Эльвиры Набиуллиной по итогам заседания Совета директоров Банка России 16 февраля 2024 года,16.02.2024,Это видно и по заявкам на реструктуризацию кредитов.,Credit,Backward-looking,Confidence-building,3,1,4,2024-02-16,2024,False
manual_000432,manual,False,,d633142cdc70d207bbbe68de035a18a28c491ebd,decision_key_rate,statement,Заявление Председателя Банка России Эльвиры Набиуллиной по итогам заседания Совета директоров Банка России 16 февраля 2024 года,16.02.2024,У нас в случаях резкого повышения ставок в определенные периоды резко росло количество заявок на реструктуризацию кредитов.,Credit,Backward-looking,Risk-highlighting,3,1,3,2024-02-16,2024,False
manual_000433,manual,False,,d633142cdc70d207bbbe68de035a18a28c491ebd,decision_key_rate,statement,Заявление Председателя Банка России Эльвиры Набиуллиной по итогам заседания Совета директоров Банка России 16 февраля 2024 года,16.02.2024,Такого мы практически не наблюдаем.,Credit,Backward-looking,Confidence-building,3,1,4,2024-02-16,2024,False
manual_000434,manual,False,,d633142cdc70d207bbbe68de035a18a28c491ebd,decision_key_rate,statement,Заявление Председателя Банка России Эльвиры Набиуллиной по итогам заседания Совета директоров Банка России 16 февраля 2024 года,16.02.2024,"И мы видим, что действительно многие предприятия, а не граждане, берут кредиты по плавающей ставке.",Credit,Backward-looking,Neutral,3,1,2,2024-02-16,2024,False
manual_000435,manual,False,,d633142cdc70d207bbbe68de035a18a28c491ebd,decision_key_rate,statement,Заявление Председателя Банка России Эльвиры Набиуллиной по итогам заседания Совета директоров Банка России 16 февраля 2024 года,16.02.2024,"То есть они считают, что они сейчас могут обслуживать кредиты по достаточно высокой ставке, и ожидают ее дальнейшего снижения на протяжении периода этого кредита.",Credit,Forward-looking,Confidence-building,3,0,4,2024-02-16,2024,False
manual_000436,manual,False,,d633142cdc70d207bbbe68de035a18a28c491ebd,decision_key_rate,statement,Заявление Председателя Банка России Эльвиры Набиуллиной по итогам заседания Совета директоров Банка России 16 февраля 2024 года,16.02.2024,А.Б. ЗАБОТКИН:,Other,Other,Other,11,2,5,2024-02-16,2024,True
manual_000437,manual,False,,d633142cdc70d207bbbe68de035a18a28c491ebd,decision_key_rate,statement,Заявление Председателя Банка России Эльвиры Набиуллиной по итогам заседания Совета директоров Банка России 16 февраля 2024 года,16.02.2024,"Проблему для финансовой устойчивости заемщиков обычно представляют кредиты, которые были взяты по низким ставкам в период, когда проводилась очень мягкая денежно-кредитная политика.",Credit,Backward-looking,Risk-highlighting,3,1,3,2024-02-16,2024,False
manual_000438,manual,False,,d633142cdc70d207bbbe68de035a18a28c491ebd,decision_key_rate,statement,Заявление Председателя Банка России Эльвиры Набиуллиной по итогам заседания Совета директоров Банка России 16 февраля 2024 года,16.02.2024,"Потом ставки возросли, и эти компании по каким-то обстоятельствам не смогли погасить кредиты, им надо их рефинансировать.",Credit,Backward-looking,Risk-highlighting,3,1,3,2024-02-16,2024,False
manual_000439,manual,False,,d633142cdc70d207bbbe68de035a18a28c491ebd,decision_key_rate,statement,Заявление Председателя Банка России Эльвиры Набиуллиной по итогам заседания Совета директоров Банка России 16 февраля 2024 года,16.02.2024,"И им приходится их рефинансировать по тем ставкам, которые на самом деле неподъемные для той экономики бизнеса, которая закладывалась при реализации этих проектов, потому что она считалась исходя из того, что низкие ставки будут оставаться все время.",Credit,Backward-looking,Risk-highlighting,3,1,3,2024-02-16,2024,False
manual_000440,manual,False,,d633142cdc70d207bbbe68de035a18a28c491ebd,decision_key_rate,statement,Заявление Председателя Банка России Эльвиры Набиуллиной по итогам заседания Совета директоров Банка России 16 февраля 2024 года,16.02.2024,"Кредиты, которые выдаются по высокой ставке, они выдаются банками как раз с учетом очень придирчивого отношения к качеству заемщиков.",Credit,Backward-looking,Confidence-building,3,1,4,2024-02-16,2024,False
manual_000441,manual,False,,d633142cdc70d207bbbe68de035a18a28c491ebd,decision_key_rate,statement,Заявление Председателя Банка России Эльвиры Набиуллиной по итогам заседания Совета директоров Банка России 16 февраля 2024 года,16.02.2024,"И сами заемщики тоже стараются быть уверенными, что у них есть запас прочности, поэтому проблема с другой стороны.",Credit,Backward-looking,Confidence-building,3,1,4,2024-02-16,2024,False
manual_000442,manual,False,,d633142cdc70d207bbbe68de035a18a28c491ebd,decision_key_rate,statement,Заявление Председателя Банка России Эльвиры Набиуллиной по итогам заседания Совета директоров Банка России 16 февраля 2024 года,16.02.2024,Э.С. НАБИУЛЛИНА:,Other,Other,Other,11,2,5,2024-02-16,2024,True
manual_000443,manual,False,,d633142cdc70d207bbbe68de035a18a28c491ebd,decision_key_rate,statement,Заявление Председателя Банка России Эльвиры Набиуллиной по итогам заседания Совета директоров Банка России 16 февраля 2024 года,16.02.2024,"Еще один аргумент: наши диалоги с банками показывают, что они продолжают охотно выдавать кредиты, в том числе корпоративные, потому что они видят денежные потоки у компаний.",Credit,Backward-looking,Confidence-building,3,1,4,2024-02-16,2024,False
manual_000444,manual,False,,d633142cdc70d207bbbe68de035a18a28c491ebd,decision_key_rate,statement,Заявление Председателя Банка России Эльвиры Набиуллиной по итогам заседания Совета директоров Банка России 16 февраля 2024 года,16.02.2024,"Прибыль достаточно большая, то есть это создает подушку устойчивости для заемщиков, то есть экономика наша продолжает зарабатывать, и это также поддерживает темпы роста кредитования.",Credit,Backward-looking,Confidence-building,3,1,4,2024-02-16,2024,False
manual_000445,manual,False,,d633142cdc70d207bbbe68de035a18a28c491ebd,decision_key_rate,statement,Заявление Председателя Банка России Эльвиры Набиуллиной по итогам заседания Совета директоров Банка России 16 февраля 2024 года,16.02.2024,ВОПРОС (агентство «Рейтер»):,Other,Other,Other,11,2,5,2024-02-16,2024,False
manual_000446,manual,False,,d633142cdc70d207bbbe68de035a18a28c491ebd,decision_key_rate,statement,Заявление Председателя Банка России Эльвиры Набиуллиной по итогам заседания Совета директоров Банка России 16 февраля 2024 года,16.02.2024,"Мы рады видеть вас в добром здравии, несмотря на слухи, которые появлялись о вашем нездоровье, что в принципе неудивительно на такой должности.",Other,Other,Other,11,2,5,2024-02-16,2024,False
manual_000447,manual,False,,d633142cdc70d207bbbe68de035a18a28c491ebd,decision_key_rate,statement,Заявление Председателя Банка России Эльвиры Набиуллиной по итогам заседания Совета директоров Банка России 16 февраля 2024 года,16.02.2024,Вот глава ЦБ Турции не справилась с растущим давлением.,Other,Backward-looking,Neutral,11,1,2,2024-02-16,2024,False
manual_000448,manual,False,,d633142cdc70d207bbbe68de035a18a28c491ebd,decision_key_rate,statement,Заявление Председателя Банка России Эльвиры Набиуллиной по итогам заседания Совета директоров Банка России 16 февраля 2024 года,16.02.2024,Можете ли вы это как-то прокомментировать?,Other,Other,Other,11,2,5,2024-02-16,2024,False
manual_000449,manual,False,,d633142cdc70d207bbbe68de035a18a28c491ebd,decision_key_rate,statement,Заявление Председателя Банка России Эльвиры Набиуллиной по итогам заседания Совета директоров Банка России 16 февраля 2024 года,16.02.2024,"И второй вопрос связан с дефицитом юаневой ликвидности, который наблюдается у банков, видите ли вы его?",Financial sector & Macroprudential policy,Backward-looking,Risk-highlighting,10,1,3,2024-02-16,2024,False
manual_000450,manual,False,,d633142cdc70d207bbbe68de035a18a28c491ebd,decision_key_rate,statement,Заявление Председателя Банка России Эльвиры Набиуллиной по итогам заседания Совета директоров Банка России 16 февраля 2024 года,16.02.2024,И как с этим планируете бороться?,Financial sector & Macroprudential policy,Forward-looking,Neutral,10,0,2,2024-02-16,2024,False
manual_000451,manual,False,,d633142cdc70d207bbbe68de035a18a28c491ebd,decision_key_rate,statement,Заявление Председателя Банка России Эльвиры Набиуллиной по итогам заседания Совета директоров Банка России 16 февраля 2024 года,16.02.2024,"И третий вопрос про то, что западные страны обсуждают конфискацию золотовалютных резервов или же процентов от их использования.",External conditions,Forward-looking,Risk-highlighting,7,0,3,2024-02-16,2024,False
manual_000452,manual,False,,d633142cdc70d207bbbe68de035a18a28c491ebd,decision_key_rate,statement,Заявление Председателя Банка России Эльвиры Набиуллиной по итогам заседания Совета директоров Банка России 16 февраля 2024 года,16.02.2024,Какие ответные меры может предложить Россия?,External conditions,Forward-looking,Neutral,7,0,2,2024-02-16,2024,False
manual_000453,manual,False,,d633142cdc70d207bbbe68de035a18a28c491ebd,decision_key_rate,statement,Заявление Председателя Банка России Эльвиры Набиуллиной по итогам заседания Совета директоров Банка России 16 февраля 2024 года,16.02.2024,Э.С. НАБИУЛЛИНА:,Other,Other,Other,11,2,5,2024-02-16,2024,True
manual_000454,manual,False,,d633142cdc70d207bbbe68de035a18a28c491ebd,decision_key_rate,statement,Заявление Председателя Банка России Эльвиры Набиуллиной по итогам заседания Совета директоров Банка России 16 февраля 2024 года,16.02.2024,Позвольте первый вопрос не комментировать.,Other,Other,Other,11,2,5,2024-02-16,2024,False
manual_000455,manual,False,,d633142cdc70d207bbbe68de035a18a28c491ebd,decision_key_rate,statement,Заявление Председателя Банка России Эльвиры Набиуллиной по итогам заседания Совета директоров Банка России 16 февраля 2024 года,16.02.2024,По второму вопросу про дефицит юаней.,Other,Other,Other,11,2,5,2024-02-16,2024,False
manual_000456,manual,False,,d633142cdc70d207bbbe68de035a18a28c491ebd,decision_key_rate,statement,Заявление Председателя Банка России Эльвиры Набиуллиной по итогам заседания Совета директоров Банка России 16 февраля 2024 года,16.02.2024,"Никакого дефицита юаней нет, на наш взгляд.",Financial sector & Macroprudential policy,Backward-looking,Confidence-building,10,1,4,2024-02-16,2024,False
manual_000457,manual,False,,d633142cdc70d207bbbe68de035a18a28c491ebd,decision_key_rate,statement,Заявление Председателя Банка России Эльвиры Набиуллиной по итогам заседания Совета директоров Банка России 16 февраля 2024 года,16.02.2024,"Но действительно, у нас бывают периоды волатильности на юаневом рынке, спроса на юаневую ликвидность.",Financial sector & Macroprudential policy,Backward-looking,Risk-highlighting,10,1,3,2024-02-16,2024,False
manual_000458,manual,False,,d633142cdc70d207bbbe68de035a18a28c491ebd,decision_key_rate,statement,Заявление Председателя Банка России Эльвиры Набиуллиной по итогам заседания Совета директоров Банка России 16 февраля 2024 года,16.02.2024,Особенно это было в преддверии Нового года в Китае.,External conditions,Backward-looking,Neutral,7,1,2,2024-02-16,2024,False
manual_000459,manual,False,,d633142cdc70d207bbbe68de035a18a28c491ebd,decision_key_rate,statement,Заявление Председателя Банка России Эльвиры Набиуллиной по итогам заседания Совета директоров Банка России 16 февраля 2024 года,16.02.2024,Такая волатильность была и раньше по долларам и по евро.,Monetary conditions,Backward-looking,Neutral,2,1,2,2024-02-16,2024,False
manual_000460,manual,False,,d633142cdc70d207bbbe68de035a18a28c491ebd,decision_key_rate,statement,Заявление Председателя Банка России Эльвиры Набиуллиной по итогам заседания Совета директоров Банка России 16 февраля 2024 года,16.02.2024,"Для этого у нас есть инструменты, валютные свопы, и есть по юаням такой инструмент, он вполне работает, поэтому здесь проблем не видим.",Financial sector & Macroprudential policy,Backward-looking,Confidence-building,10,1,4,2024-02-16,2024,False
manual_000461,manual,False,,d633142cdc70d207bbbe68de035a18a28c491ebd,decision_key_rate,statement,Заявление Председателя Банка России Эльвиры Набиуллиной по итогам заседания Совета директоров Банка России 16 февраля 2024 года,16.02.2024,"И третий вопрос — по резервам, по потенциальной конфискации резервов.",Other,Other,Other,11,2,5,2024-02-16,2024,False
manual_000462,manual,False,,d633142cdc70d207bbbe68de035a18a28c491ebd,decision_key_rate,statement,Заявление Председателя Банка России Эльвиры Набиуллиной по итогам заседания Совета директоров Банка России 16 февраля 2024 года,16.02.2024,"Мы считаем, что это будет сильный негативный сигнал и другим центральным банкам и, по сути, нарушением базовых принципов защищенности резервов центральных банков.",External conditions,Forward-looking,Risk-highlighting,7,0,3,2024-02-16,2024,False
manual_000463,manual,False,,d633142cdc70d207bbbe68de035a18a28c491ebd,decision_key_rate,statement,Заявление Председателя Банка России Эльвиры Набиуллиной по итогам заседания Совета директоров Банка России 16 февраля 2024 года,16.02.2024,"В международном праве это один из ключевых принципов, базовых принципов — иммунитет активов центральных банков от принудительных мер взыскания.",External conditions,Backward-looking,Neutral,7,1,2,2024-02-16,2024,False
manual_000464,manual,False,,d633142cdc70d207bbbe68de035a18a28c491ebd,decision_key_rate,statement,Заявление Председателя Банка России Эльвиры Набиуллиной по итогам заседания Совета директоров Банка России 16 февраля 2024 года,16.02.2024,И этот иммунитет обеспечивает стабильность системы международных финансов.,External conditions,Backward-looking,Confidence-building,7,1,4,2024-02-16,2024,False
manual_000465,manual,False,,d633142cdc70d207bbbe68de035a18a28c491ebd,decision_key_rate,statement,Заявление Председателя Банка России Эльвиры Набиуллиной по итогам заседания Совета директоров Банка России 16 февраля 2024 года,16.02.2024,"Отступление от этого принципа, на наш взгляд, приведет к подрыву, пусть постепенному, но к подрыву системы международных финансов и позиции резервных валют в мире.",External conditions,Forward-looking,Risk-highlighting,7,0,3,2024-02-16,2024,False
manual_000466,manual,False,,d633142cdc70d207bbbe68de035a18a28c491ebd,decision_key_rate,statement,Заявление Председателя Банка России Эльвиры Набиуллиной по итогам заседания Совета директоров Банка России 16 февраля 2024 года,16.02.2024,"Мы со своей стороны будем принимать меры для того, чтобы защищать наши законные интересы.",External conditions,Forward-looking,Confidence-building,7,0,4,2024-02-16,2024,False
manual_000467,manual,False,,d633142cdc70d207bbbe68de035a18a28c491ebd,decision_key_rate,statement,Заявление Председателя Банка России Эльвиры Набиуллиной по итогам заседания Совета директоров Банка России 16 февраля 2024 года,16.02.2024,ВОПРОС (проект Law and Finance):,Other,Other,Other,11,2,5,2024-02-16,2024,False
manual_000468,manual,False,,d633142cdc70d207bbbe68de035a18a28c491ebd,decision_key_rate,statement,Заявление Председателя Банка России Эльвиры Набиуллиной по итогам заседания Совета директоров Банка России 16 февраля 2024 года,16.02.2024,"Скажите, пожалуйста, как ЦБ оценивает влияние на инфляцию расходов бюджета?",Fiscal policy,Backward-looking,Hawkish,8,1,0,2024-02-16,2024,False
manual_000469,manual,False,,d633142cdc70d207bbbe68de035a18a28c491ebd,decision_key_rate,statement,Заявление Председателя Банка России Эльвиры Набиуллиной по итогам заседания Совета директоров Банка России 16 февраля 2024 года,16.02.2024,"Мы видим по данным электронного бюджета, что расходы вновь увеличились в феврале, и в начале прошлого года Минфин также усиленно авансировал бюджетные расходы.",Fiscal policy,Backward-looking,Hawkish,8,1,0,2024-02-16,2024,False
manual_000470,manual,False,,d633142cdc70d207bbbe68de035a18a28c491ebd,decision_key_rate,statement,Заявление Председателя Банка России Эльвиры Набиуллиной по итогам заседания Совета директоров Банка России 16 февраля 2024 года,16.02.2024,Насколько связан всплеск инфляции в середине прошлого года с расходами в начале года и может ли повториться та же ситуация в этом году?,Fiscal policy,Forward-looking,Risk-highlighting,8,0,3,2024-02-16,2024,False
manual_000471,manual,False,,d633142cdc70d207bbbe68de035a18a28c491ebd,decision_key_rate,statement,Заявление Председателя Банка России Эльвиры Набиуллиной по итогам заседания Совета директоров Банка России 16 февраля 2024 года,16.02.2024,Что ЦБ может сказать на этот счет?,Other,Other,Other,11,2,5,2024-02-16,2024,False
manual_000472,manual,False,,d633142cdc70d207bbbe68de035a18a28c491ebd,decision_key_rate,statement,Заявление Председателя Банка России Эльвиры Набиуллиной по итогам заседания Совета директоров Банка России 16 февраля 2024 года,16.02.2024,Э.С. НАБИУЛЛИНА:,Other,Other,Other,11,2,5,2024-02-16,2024,True
manual_000473,manual,False,,d633142cdc70d207bbbe68de035a18a28c491ebd,decision_key_rate,statement,Заявление Председателя Банка России Эльвиры Набиуллиной по итогам заседания Совета директоров Банка России 16 февраля 2024 года,16.02.2024,"Ситуация с бюджетом, бюджетными расходами, бюджетным дефицитом — это тот фактор, который мы учитываем при принятии решения, потому что бюджетные расходы, скорее бюджетный дефицит, влияют на совокупный спрос.",Fiscal policy,Backward-looking,Hawkish,8,1,0,2024-02-16,2024,False
manual_000474,manual,False,,d633142cdc70d207bbbe68de035a18a28c491ebd,decision_key_rate,statement,Заявление Председателя Банка России Эльвиры Набиуллиной по итогам заседания Совета директоров Банка России 16 февраля 2024 года,16.02.2024,"Мы исходим из уже принятых решений, которые нам известны.",Fiscal policy,Backward-looking,Neutral,8,1,2,2024-02-16,2024,False
manual_000475,manual,False,,d633142cdc70d207bbbe68de035a18a28c491ebd,decision_key_rate,statement,Заявление Председателя Банка России Эльвиры Набиуллиной по итогам заседания Совета директоров Банка России 16 февраля 2024 года,16.02.2024,Что касается определенного всплеска в определенный месяц — такое может быть.,Fiscal policy,Forward-looking,Risk-highlighting,8,0,3,2024-02-16,2024,False
manual_000476,manual,False,,d633142cdc70d207bbbe68de035a18a28c491ebd,decision_key_rate,statement,Заявление Председателя Банка России Эльвиры Набиуллиной по итогам заседания Совета директоров Банка России 16 февраля 2024 года,16.02.2024,"У нас такое бывает, но для калибровки нашей политики, конечно, важнее динамика расходов в целом по году.",Fiscal policy,Backward-looking,Neutral,8,1,2,2024-02-16,2024,False
manual_000477,manual,False,,d633142cdc70d207bbbe68de035a18a28c491ebd,decision_key_rate,statement,Заявление Председателя Банка России Эльвиры Набиуллиной по итогам заседания Совета директоров Банка России 16 февраля 2024 года,16.02.2024,"Хотя мы учитываем, что вот такие временные колебания могут быть.",Fiscal policy,Forward-looking,Risk-highlighting,8,0,3,2024-02-16,2024,False
manual_000478,manual,False,,d633142cdc70d207bbbe68de035a18a28c491ebd,decision_key_rate,statement,Заявление Председателя Банка России Эльвиры Набиуллиной по итогам заседания Совета директоров Банка России 16 февраля 2024 года,16.02.2024,"Поэтому всегда говорили, что равномерность расходов бюджета — это достаточно важный фактор.",Fiscal policy,Backward-looking,Neutral,8,1,2,2024-02-16,2024,False
manual_000479,manual,False,,d633142cdc70d207bbbe68de035a18a28c491ebd,decision_key_rate,statement,Заявление Председателя Банка России Эльвиры Набиуллиной по итогам заседания Совета директоров Банка России 16 февраля 2024 года,16.02.2024,"Всплеск инфляции в прошлом году был во многом обусловлен одновременным сочетанием и мягкой денежно-кредитной политики, и мягкой бюджетной политики.",Fiscal policy,Backward-looking,Hawkish,8,1,0,2024-02-16,2024,False
manual_000480,manual,False,,d633142cdc70d207bbbe68de035a18a28c491ebd,decision_key_rate,statement,Заявление Председателя Банка России Эльвиры Набиуллиной по итогам заседания Совета директоров Банка России 16 февраля 2024 года,16.02.2024,А.Б. ЗАБОТКИН:,Other,Other,Other,11,2,5,2024-02-16,2024,True
manual_000481,manual,False,,d633142cdc70d207bbbe68de035a18a28c491ebd,decision_key_rate,statement,Заявление Председателя Банка России Эльвиры Набиуллиной по итогам заседания Совета директоров Банка России 16 февраля 2024 года,16.02.2024,"На инфляцию влияют не столько расходы бюджета, сколько структурный дефицит, причем в широком смысле — не столько федерального, сколько консолидированного бюджета, плюс те операции, которые бюджет проводит в виде инвестирования средств ФНБ и так далее, которые в дефиците не отражаются, но которые влияют на спрос со стороны госсектора.",Fiscal policy,Backward-looking,Hawkish,8,1,0,2024-02-16,2024,False
manual_000482,manual,False,,d633142cdc70d207bbbe68de035a18a28c491ebd,decision_key_rate,statement,Заявление Председателя Банка России Эльвиры Набиуллиной по итогам заседания Совета директоров Банка России 16 февраля 2024 года,16.02.2024,"Поэтому, действительно, распределение расходов внутри года имеет весьма второстепенное значение с точки зрения воздействия на динамику совокупного спроса, потому что, если при этом по году в целом дефицит остается таким же, общая конфигурация бюджетной политики на среднесрочную перспективу остается такой же, то, соответственно, и совокупный спрос будет себя вести ровно таким образом, как было заложено при составлении прогноза и при принятии решений по ключевой ставке.",Fiscal policy,Forward-looking,Neutral,8,0,2,2024-02-16,2024,False
manual_000483,manual,False,,d633142cdc70d207bbbe68de035a18a28c491ebd,decision_key_rate,statement,Заявление Председателя Банка России Эльвиры Набиуллиной по итогам заседания Совета директоров Банка России 16 февраля 2024 года,16.02.2024,ВОПРОС (телеканал НТВ):,Other,Other,Other,11,2,5,2024-02-16,2024,True
manual_000484,manual,False,,d633142cdc70d207bbbe68de035a18a28c491ebd,decision_key_rate,statement,Заявление Председателя Банка России Эльвиры Набиуллиной по итогам заседания Совета директоров Банка России 16 февраля 2024 года,16.02.2024,"Вы оставили ставку неизменной впервые с июля, можно ли однозначно сказать, что ситуация с инфляцией если не улучшилась, то стабилизировалась?",Interest rate,Backward-looking,Dovish,1,1,1,2024-02-16,2024,False
manual_000485,manual,False,,d633142cdc70d207bbbe68de035a18a28c491ebd,decision_key_rate,statement,Заявление Председателя Банка России Эльвиры Набиуллиной по итогам заседания Совета директоров Банка России 16 февраля 2024 года,16.02.2024,"И второй вопрос: на этой неделе в СМИ появилась информация, что Центробанк может ввести лимиты на покупки в рассрочку.",Financial sector & Macroprudential policy,Forward-looking,Neutral,10,0,2,2024-02-16,2024,False
manual_000486,manual,False,,d633142cdc70d207bbbe68de035a18a28c491ebd,decision_key_rate,statement,Заявление Председателя Банка России Эльвиры Набиуллиной по итогам заседания Совета директоров Банка России 16 февраля 2024 года,16.02.2024,Есть ли сумма ориентировочная этого лимита?,Financial sector & Macroprudential policy,Forward-looking,Neutral,10,0,2,2024-02-16,2024,False
manual_000487,manual,False,,d633142cdc70d207bbbe68de035a18a28c491ebd,decision_key_rate,statement,Заявление Председателя Банка России Эльвиры Набиуллиной по итогам заседания Совета директоров Банка России 16 февраля 2024 года,16.02.2024,"Речь шла про 60–80 тыс. рублей, если это так, то не кажется ли эта сумма вам слишком малой, учитывая нынешние цены на технику?",Inflation,Backward-looking,Neutral,0,1,2,2024-02-16,2024,False
manual_000488,manual,False,,d633142cdc70d207bbbe68de035a18a28c491ebd,decision_key_rate,statement,Заявление Председателя Банка России Эльвиры Набиуллиной по итогам заседания Совета директоров Банка России 16 февраля 2024 года,16.02.2024,Э.С. НАБИУЛЛИНА:,Other,Other,Other,11,2,5,2024-02-16,2024,True
manual_000489,manual,False,,d633142cdc70d207bbbe68de035a18a28c491ebd,decision_key_rate,statement,Заявление Председателя Банка России Эльвиры Набиуллиной по итогам заседания Совета директоров Банка России 16 февраля 2024 года,16.02.2024,"Что касается того, что мы оставили ставку неизменной.",Interest rate,Backward-looking,Neutral,1,1,2,2024-02-16,2024,False
manual_000490,manual,False,,d633142cdc70d207bbbe68de035a18a28c491ebd,decision_key_rate,statement,Заявление Председателя Банка России Эльвиры Набиуллиной по итогам заседания Совета директоров Банка России 16 февраля 2024 года,16.02.2024,"Мы действительно видим улучшение, можно назвать это улучшением ситуации с инфляцией, потому что инфляция начала снижаться, причем не только в разовых компонентах (там исчерпались разовые факторы, которые приводили к всплеску инфляции, в том числе курс), но и в устойчивых компонентах.",Inflation,Backward-looking,Dovish,0,1,1,2024-02-16,2024,False
manual_000491,manual,False,,d633142cdc70d207bbbe68de035a18a28c491ebd,decision_key_rate,statement,Заявление Председателя Банка России Эльвиры Набиуллиной по итогам заседания Совета директоров Банка России 16 февраля 2024 года,16.02.2024,"Да, конечно, мы это учитывали.",Other,Other,Other,11,2,5,2024-02-16,2024,False
manual_000492,manual,False,,d633142cdc70d207bbbe68de035a18a28c491ebd,decision_key_rate,statement,Заявление Председателя Банка России Эльвиры Набиуллиной по итогам заседания Совета директоров Банка России 16 февраля 2024 года,16.02.2024,"И что касается рассрочки, сейчас идет обсуждение.",Financial sector & Macroprudential policy,Backward-looking,Neutral,10,1,2,2024-02-16,2024,False
manual_000493,manual,False,,d633142cdc70d207bbbe68de035a18a28c491ebd,decision_key_rate,statement,Заявление Председателя Банка России Эльвиры Набиуллиной по итогам заседания Совета директоров Банка России 16 февраля 2024 года,16.02.2024,"Повторю нашу позицию: мы считаем, что надо вводить регулирование рассрочки в той части, в которой это, по сути дела, кредитование, когда начисляются проценты от рассрочки.",Financial sector & Macroprudential policy,Forward-looking,Neutral,10,0,2,2024-02-16,2024,False
manual_000494,manual,False,,d633142cdc70d207bbbe68de035a18a28c491ebd,decision_key_rate,statement,Заявление Председателя Банка России Эльвиры Набиуллиной по итогам заседания Совета директоров Банка России 16 февраля 2024 года,16.02.2024,Но сумму лимита мы продолжаем обсуждать.,Financial sector & Macroprudential policy,Forward-looking,Neutral,10,0,2,2024-02-16,2024,False
manual_000495,manual,False,,d633142cdc70d207bbbe68de035a18a28c491ebd,decision_key_rate,statement,Заявление Председателя Банка России Эльвиры Набиуллиной по итогам заседания Совета директоров Банка России 16 февраля 2024 года,16.02.2024,"Мы хотим, чтобы рассрочка для граждан была доступна.",Financial sector & Macroprudential policy,Forward-looking,Confidence-building,10,0,4,2024-02-16,2024,False
manual_000496,manual,False,,d633142cdc70d207bbbe68de035a18a28c491ebd,decision_key_rate,statement,Заявление Председателя Банка России Эльвиры Набиуллиной по итогам заседания Совета директоров Банка России 16 февраля 2024 года,16.02.2024,"Это удобно бывает, да, вы правы, когда покупают товары длительного пользования, технику и так далее.",Other,Backward-looking,Neutral,11,1,2,2024-02-16,2024,False
manual_000497,manual,False,,d633142cdc70d207bbbe68de035a18a28c491ebd,decision_key_rate,statement,Заявление Председателя Банка России Эльвиры Набиуллиной по итогам заседания Совета директоров Банка России 16 февраля 2024 года,16.02.2024,Почему мы пытаемся регулировать рассрочку?,Other,Other,Other,11,2,5,2024-02-16,2024,False
manual_000498,manual,False,,d633142cdc70d207bbbe68de035a18a28c491ebd,decision_key_rate,statement,Заявление Председателя Банка России Эльвиры Набиуллиной по итогам заседания Совета директоров Банка России 16 февраля 2024 года,16.02.2024,"Нам важно, чтобы права граждан были защищены.",Financial sector & Macroprudential policy,Forward-looking,Confidence-building,10,0,4,2024-02-16,2024,False
manual_000499,manual,False,,d633142cdc70d207bbbe68de035a18a28c491ebd,decision_key_rate,statement,Заявление Председателя Банка России Эльвиры Набиуллиной по итогам заседания Совета директоров Банка России 16 февраля 2024 года,16.02.2024,"Когда они оформляют рассрочку, а на нее начисляются высокие процентные ставки, которые еще люди не осознают часто и нет способов защиты, то это как раз нарушает их законные интересы.",Financial sector & Macroprudential policy,Backward-looking,Risk-highlighting,10,1,3,2024-02-16,2024,False
manual_000500,manual,False,,d633142cdc70d207bbbe68de035a18a28c491ebd,decision_key_rate,statement,Заявление Председателя Банка России Эльвиры Набиуллиной по итогам заседания Совета директоров Банка России 16 февраля 2024 года,16.02.2024,"И здесь нам важно оставить возможность покупки товаров в рассрочку, но так, чтобы люди не сталкивались с серьезными рисками, с которыми могут сталкиваться, например, при кредитовании по высоким ставкам.",Financial sector & Macroprudential policy,Forward-looking,Confidence-building,10,0,4,2024-02-16,2024,False
manual_000501,manual,False,,d633142cdc70d207bbbe68de035a18a28c491ebd,decision_key_rate,statement,Заявление Председателя Банка России Эльвиры Набиуллиной по итогам заседания Совета директоров Банка России 16 февраля 2024 года,16.02.2024,"Мы там прописываем и обязательность информирования, и у нас есть пределы роста и штрафов, и пени, и так далее.",Financial sector & Macroprudential policy,Backward-looking,Confidence-building,10,1,4,2024-02-16,2024,False
manual_000502,manual,False,,d633142cdc70d207bbbe68de035a18a28c491ebd,decision_key_rate,statement,Заявление Председателя Банка России Эльвиры Набиуллиной по итогам заседания Совета директоров Банка России 16 февраля 2024 года,16.02.2024,"А в рассрочках этого всего нет, поэтому, конечно, нужно вводить элементы регулирования, но вот по суммам и так далее продолжим обсуждать.",Financial sector & Macroprudential policy,Forward-looking,Risk-highlighting,10,0,3,2024-02-16,2024,False
manual_000503,manual,False,,d633142cdc70d207bbbe68de035a18a28c491ebd,decision_key_rate,statement,Заявление Председателя Банка России Эльвиры Набиуллиной по итогам заседания Совета директоров Банка России 16 февраля 2024 года,16.02.2024,"Еще раз: это нужно для того, чтобы рассрочки были и доступны, и не приводили к сложностям для самих же граждан.",Financial sector & Macroprudential policy,Forward-looking,Confidence-building,10,0,4,2024-02-16,2024,False
manual_000504,manual,False,,d633142cdc70d207bbbe68de035a18a28c491ebd,decision_key_rate,statement,Заявление Председателя Банка России Эльвиры Набиуллиной по итогам заседания Совета директоров Банка России 16 февраля 2024 года,16.02.2024,ВОПРОС (газета «Аргументы и факты»):,Other,Other,Other,11,2,5,2024-02-16,2024,False
manual_000505,manual,False,,d633142cdc70d207bbbe68de035a18a28c491ebd,decision_key_rate,statement,Заявление Председателя Банка России Эльвиры Набиуллиной по итогам заседания Совета директоров Банка России 16 февраля 2024 года,16.02.2024,У меня вопросы про ожидания и про занятость.,Other,Other,Other,11,2,5,2024-02-16,2024,False
manual_000506,manual,False,,d633142cdc70d207bbbe68de035a18a28c491ebd,decision_key_rate,statement,Заявление Председателя Банка России Эльвиры Набиуллиной по итогам заседания Совета директоров Банка России 16 февраля 2024 года,16.02.2024,"Центробанк начал повышать ключевую ставку уже три квартала назад, но при этом инфляционные ожидания, как вы отметили, остаются на высоком уровне, и они остаются незаякоренными.",Interest rate,Backward-looking,Hawkish,1,1,0,2024-02-16,2024,False
manual_000507,manual,False,,d633142cdc70d207bbbe68de035a18a28c491ebd,decision_key_rate,statement,Заявление Председателя Банка России Эльвиры Набиуллиной по итогам заседания Совета директоров Банка России 16 февраля 2024 года,16.02.2024,"Проще говоря, у нас люди живут со страхом нового рывка цен.",Expectations,Backward-looking,Hawkish,4,1,0,2024-02-16,2024,False
manual_000508,manual,False,,d633142cdc70d207bbbe68de035a18a28c491ebd,decision_key_rate,statement,Заявление Председателя Банка России Эльвиры Набиуллиной по итогам заседания Совета директоров Банка России 16 февраля 2024 года,16.02.2024,"Скажите, пожалуйста, в чем причина этой ситуации?",Expectations,Backward-looking,Neutral,4,1,2,2024-02-16,2024,False
manual_000509,manual,False,,d633142cdc70d207bbbe68de035a18a28c491ebd,decision_key_rate,statement,Заявление Председателя Банка России Эльвиры Набиуллиной по итогам заседания Совета директоров Банка России 16 февраля 2024 года,16.02.2024,"Это психология или, может быть, шаткое положение с курсом рубля?",Expectations,Backward-looking,Neutral,4,1,2,2024-02-16,2024,False
manual_000510,manual,False,,d633142cdc70d207bbbe68de035a18a28c491ebd,decision_key_rate,statement,Заявление Председателя Банка России Эльвиры Набиуллиной по итогам заседания Совета директоров Банка России 16 февраля 2024 года,16.02.2024,Или какие-то другие причины вы видите?,Expectations,Backward-looking,Neutral,4,1,2,2024-02-16,2024,False
manual_000511,manual,False,,d633142cdc70d207bbbe68de035a18a28c491ebd,decision_key_rate,statement,Заявление Председателя Банка России Эльвиры Набиуллиной по итогам заседания Совета директоров Банка России 16 февраля 2024 года,16.02.2024,Второй вопрос.,Other,Other,Other,11,2,5,2024-02-16,2024,True
manual_000512,manual,False,,d633142cdc70d207bbbe68de035a18a28c491ebd,decision_key_rate,statement,Заявление Председателя Банка России Эльвиры Набиуллиной по итогам заседания Совета директоров Банка России 16 февраля 2024 года,16.02.2024,"Вы часто также отмечаете риски того, что рост реальных заработных плат у нас опережает рост производительности труда.",Labor market,Backward-looking,Risk-highlighting,6,1,3,2024-02-16,2024,False
manual_000513,manual,False,,d633142cdc70d207bbbe68de035a18a28c491ebd,decision_key_rate,statement,Заявление Председателя Банка России Эльвиры Набиуллиной по итогам заседания Совета директоров Банка России 16 февраля 2024 года,16.02.2024,"Скажите, пожалуйста, в каких отраслях эти риски выше всего?",Labor market,Backward-looking,Risk-highlighting,6,1,3,2024-02-16,2024,False
manual_000514,manual,False,,d633142cdc70d207bbbe68de035a18a28c491ebd,decision_key_rate,statement,Заявление Председателя Банка России Эльвиры Набиуллиной по итогам заседания Совета директоров Банка России 16 февраля 2024 года,16.02.2024,И совместимы ли цели Центробанка добиться снижения инфляции с рекордно низкой безработицей в России?,Labor market,Forward-looking,Neutral,6,0,2,2024-02-16,2024,False
manual_000515,manual,False,,d633142cdc70d207bbbe68de035a18a28c491ebd,decision_key_rate,statement,Заявление Председателя Банка России Эльвиры Набиуллиной по итогам заседания Совета директоров Банка России 16 февраля 2024 года,16.02.2024,Э.С. НАБИУЛЛИНА:,Other,Other,Other,11,2,5,2024-02-16,2024,True
manual_000516,manual,False,,d633142cdc70d207bbbe68de035a18a28c491ebd,decision_key_rate,statement,Заявление Председателя Банка России Эльвиры Набиуллиной по итогам заседания Совета директоров Банка России 16 февраля 2024 года,16.02.2024,"Вы правильно отметили, что у нас инфляционные ожидания остаются повышенными, хотя мы видим, что они снижаются.",Expectations,Backward-looking,Risk-highlighting,4,1,3,2024-02-16,2024,False
manual_000517,manual,False,,d633142cdc70d207bbbe68de035a18a28c491ebd,decision_key_rate,statement,Заявление Председателя Банка России Эльвиры Набиуллиной по итогам заседания Совета директоров Банка России 16 февраля 2024 года,16.02.2024,"Но они повышенные и, главное, незаякоренные, то есть любое какое-то событие может привести опять к росту инфляционных ожиданий.",Expectations,Forward-looking,Risk-highlighting,4,0,3,2024-02-16,2024,False
manual_000518,manual,False,,d633142cdc70d207bbbe68de035a18a28c491ebd,decision_key_rate,statement,Заявление Председателя Банка России Эльвиры Набиуллиной по итогам заседания Совета директоров Банка России 16 февраля 2024 года,16.02.2024,И мы на это очень внимательно смотрим.,Expectations,Backward-looking,Neutral,4,1,2,2024-02-16,2024,False
manual_000519,manual,False,,d633142cdc70d207bbbe68de035a18a28c491ebd,decision_key_rate,statement,Заявление Председателя Банка России Эльвиры Набиуллиной по итогам заседания Совета директоров Банка России 16 февраля 2024 года,16.02.2024,Для нас это существенный фактор при рассмотрении и принятии решения.,Expectations,Backward-looking,Neutral,4,1,2,2024-02-16,2024,False
manual_000520,manual,False,,d633142cdc70d207bbbe68de035a18a28c491ebd,decision_key_rate,statement,Заявление Председателя Банка России Эльвиры Набиуллиной по итогам заседания Совета директоров Банка России 16 февраля 2024 года,16.02.2024,"И сейчас инфляционные ожидания выше, на наш взгляд, чем они должны были быть при текущем уровне инфляции, не говоря уже о том, что они выше того, какими должны быть при инфляции 4%.",Expectations,Backward-looking,Hawkish,4,1,0,2024-02-16,2024,False
manual_000521,manual,False,,d633142cdc70d207bbbe68de035a18a28c491ebd,decision_key_rate,statement,Заявление Председателя Банка России Эльвиры Набиуллиной по итогам заседания Совета директоров Банка России 16 февраля 2024 года,16.02.2024,"Но мы видим, что инфляционные ожидания снижаются, и как раз по опросам не видно, что люди ждут какого-то рывка цен.",Expectations,Backward-looking,Dovish,4,1,1,2024-02-16,2024,False
manual_000522,manual,False,,d633142cdc70d207bbbe68de035a18a28c491ebd,decision_key_rate,statement,Заявление Председателя Банка России Эльвиры Набиуллиной по итогам заседания Совета директоров Банка России 16 февраля 2024 года,16.02.2024,"Все-таки уровень ожиданий на год вперед ниже, чем люди сейчас оценивают текущую инфляцию.",Expectations,Forward-looking,Dovish,4,0,1,2024-02-16,2024,False
manual_000523,manual,False,,d633142cdc70d207bbbe68de035a18a28c491ebd,decision_key_rate,statement,Заявление Председателя Банка России Эльвиры Набиуллиной по итогам заседания Совета директоров Банка России 16 февраля 2024 года,16.02.2024,Это показывают опросы.,Other,Other,Other,11,2,5,2024-02-16,2024,True
manual_000524,manual,False,,d633142cdc70d207bbbe68de035a18a28c491ebd,decision_key_rate,statement,Заявление Председателя Банка России Эльвиры Набиуллиной по итогам заседания Совета директоров Банка России 16 февраля 2024 года,16.02.2024,"И здесь мы видим риск, что в результате того, что инфляционные ожидания повышенные и могут еще усилиться под влиянием даже пусть разовых, неустойчивых факторов, которые на инфляцию влияют, у нас есть риск «залипания» инфляции на высоком уровне.",Expectations,Forward-looking,Risk-highlighting,4,0,3,2024-02-16,2024,False
manual_000525,manual,False,,d633142cdc70d207bbbe68de035a18a28c491ebd,decision_key_rate,statement,Заявление Председателя Банка России Эльвиры Набиуллиной по итогам заседания Совета директоров Банка России 16 февраля 2024 года,16.02.2024,"Это тоже один из важных факторов, почему нужно поддерживать жесткость денежно-кредитных условий для того, чтобы инфляционные ожидания вернулись к более нормальным уровням, и, соответственно, это способствовало бы и устойчивому снижению инфляции.",Monetary conditions,Forward-looking,Hawkish,2,0,0,2024-02-16,2024,False
manual_000526,manual,False,,d633142cdc70d207bbbe68de035a18a28c491ebd,decision_key_rate,statement,Заявление Председателя Банка России Эльвиры Набиуллиной по итогам заседания Совета директоров Банка России 16 февраля 2024 года,16.02.2024,"И вы правы: обменный курс — это один из факторов, который влияет на инфляционные ожидания.",Exchange rate,Backward-looking,Neutral,9,1,2,2024-02-16,2024,False
manual_000527,manual,False,,d633142cdc70d207bbbe68de035a18a28c491ebd,decision_key_rate,statement,Заявление Председателя Банка России Эльвиры Набиуллиной по итогам заседания Совета директоров Банка России 16 февраля 2024 года,16.02.2024,Динамика курса очень сильно влияет на инфляционные ожидания.,Exchange rate,Backward-looking,Neutral,9,1,2,2024-02-16,2024,False
manual_000528,manual,False,,d633142cdc70d207bbbe68de035a18a28c491ebd,decision_key_rate,statement,Заявление Председателя Банка России Эльвиры Набиуллиной по итогам заседания Совета директоров Банка России 16 февраля 2024 года,16.02.2024,"Но хочу сказать, что наша жесткая денежно-кредитная политика оказывает стабилизирующее влияние и на курс, поэтому мы здесь имеем и этот косвенный эффект: стабилизируя курс, тем самым уменьшаем риски влияния этого фактора на инфляционные ожидания.",Monetary conditions,Backward-looking,Confidence-building,2,1,4,2024-02-16,2024,False
manual_000529,manual,False,,d633142cdc70d207bbbe68de035a18a28c491ebd,decision_key_rate,statement,Заявление Председателя Банка России Эльвиры Набиуллиной по итогам заседания Совета директоров Банка России 16 февраля 2024 года,16.02.2024,"Что касается зарплат и производительности труда, вы абсолютно правы.",Labor market,Backward-looking,Neutral,6,1,2,2024-02-16,2024,False
manual_000530,manual,False,,d633142cdc70d207bbbe68de035a18a28c491ebd,decision_key_rate,statement,Заявление Председателя Банка России Эльвиры Набиуллиной по итогам заседания Совета директоров Банка России 16 февраля 2024 года,16.02.2024,"Мы, кстати, анализируем и обсуждаем это с коллегами из Правительства, для того чтобы понять, что происходит с производительностью труда в разных отраслях, потому что видим, что действительно сейчас идут инвестиции в повышение производительности труда, в автоматизацию.",Labor market,Backward-looking,Neutral,6,1,2,2024-02-16,2024,False
manual_000531,manual,False,,d633142cdc70d207bbbe68de035a18a28c491ebd,decision_key_rate,statement,Заявление Председателя Банка России Эльвиры Набиуллиной по итогам заседания Совета директоров Банка России 16 февраля 2024 года,16.02.2024,"Многие компании это делают, и это очень важный процесс.",Economic activity,Backward-looking,Neutral,5,1,2,2024-02-16,2024,False
manual_000532,manual,False,,d633142cdc70d207bbbe68de035a18a28c491ebd,decision_key_rate,statement,Заявление Председателя Банка России Эльвиры Набиуллиной по итогам заседания Совета директоров Банка России 16 февраля 2024 года,16.02.2024,"Но важно, чтобы этот рост производительности труда соответствовал росту зарплат.",Labor market,Forward-looking,Neutral,6,0,2,2024-02-16,2024,False
manual_000533,manual,False,,d633142cdc70d207bbbe68de035a18a28c491ebd,decision_key_rate,statement,Заявление Председателя Банка России Эльвиры Набиуллиной по итогам заседания Совета директоров Банка России 16 февраля 2024 года,16.02.2024,"И риски такого разрыва между динамикой зарплат и производительности труда выше в тех отраслях, где больше ощущается нехватка работников по понятным причинам.",Labor market,Backward-looking,Risk-highlighting,6,1,3,2024-02-16,2024,False
manual_000534,manual,False,,d633142cdc70d207bbbe68de035a18a28c491ebd,decision_key_rate,statement,Заявление Председателя Банка России Эльвиры Набиуллиной по итогам заседания Совета директоров Банка России 16 февраля 2024 года,16.02.2024,"Это прежде всего обрабатывающие производства, это сектор грузоперевозок, это строительство, это торговля.",Labor market,Backward-looking,Neutral,6,1,2,2024-02-16,2024,False
manual_000535,manual,False,,d633142cdc70d207bbbe68de035a18a28c491ebd,decision_key_rate,statement,Заявление Председателя Банка России Эльвиры Набиуллиной по итогам заседания Совета директоров Банка России 16 февраля 2024 года,16.02.2024,Сейчас безработица действительно на исторических минимумах.,Labor market,Backward-looking,Hawkish,6,1,0,2024-02-16,2024,False
manual_000536,manual,False,,d633142cdc70d207bbbe68de035a18a28c491ebd,decision_key_rate,statement,Заявление Председателя Банка России Эльвиры Набиуллиной по итогам заседания Совета директоров Банка России 16 февраля 2024 года,16.02.2024,"И цели по инфляции должна соответствовать такая структура рынка, когда работодатели смогут привлекать нужные им кадры на зарплаты, которые будут соразмерны росту производительности труда.",Labor market,Forward-looking,Neutral,6,0,2,2024-02-16,2024,False
manual_000537,manual,False,,d633142cdc70d207bbbe68de035a18a28c491ebd,decision_key_rate,statement,Заявление Председателя Банка России Эльвиры Набиуллиной по итогам заседания Совета директоров Банка России 16 февраля 2024 года,16.02.2024,"Я говорю так, потому что нельзя сказать, при каком уровне безработицы это произойдет, то есть это скорее такое качественное измерение.",Labor market,Forward-looking,Neutral,6,0,2,2024-02-16,2024,False
manual_000538,manual,False,,d633142cdc70d207bbbe68de035a18a28c491ebd,decision_key_rate,statement,Заявление Председателя Банка России Эльвиры Набиуллиной по итогам заседания Совета директоров Банка России 16 февраля 2024 года,16.02.2024,"И если же рост производительности будет отставать от роста платежеспособного спроса, то это будет выливаться не в дополнительное физическое потребление, а просто в дополнительную инфляцию.",Economic activity,Forward-looking,Hawkish,5,0,0,2024-02-16,2024,False
manual_000539,manual,False,,d633142cdc70d207bbbe68de035a18a28c491ebd,decision_key_rate,statement,Заявление Председателя Банка России Эльвиры Набиуллиной по итогам заседания Совета директоров Банка России 16 февраля 2024 года,16.02.2024,"ВОПРОС (деловое издание «Aвантпартнер», Кемерово):",Other,Other,Other,11,2,5,2024-02-16,2024,False
manual_000540,manual,False,,d633142cdc70d207bbbe68de035a18a28c491ebd,decision_key_rate,statement,Заявление Председателя Банка России Эльвиры Набиуллиной по итогам заседания Совета директоров Банка России 16 февраля 2024 года,16.02.2024,Отслеживает ли ЦБ реакцию региональных экономик на повышение ключевой ставки?,Interest rate,Backward-looking,Neutral,1,1,2,2024-02-16,2024,False
manual_000541,manual,False,,d633142cdc70d207bbbe68de035a18a28c491ebd,decision_key_rate,statement,Заявление Председателя Банка России Эльвиры Набиуллиной по итогам заседания Совета директоров Банка России 16 февраля 2024 года,16.02.2024,"И если да, насколько эта реакция меняется в связи с повышением ставки?",Interest rate,Backward-looking,Neutral,1,1,2,2024-02-16,2024,False
manual_000542,manual,False,,d633142cdc70d207bbbe68de035a18a28c491ebd,decision_key_rate,statement,Заявление Председателя Банка России Эльвиры Набиуллиной по итогам заседания Совета директоров Банка России 16 февраля 2024 года,16.02.2024,Э.С. НАБИУЛЛИНА:,Other,Other,Other,11,2,5,2024-02-16,2024,True
manual_000543,manual,False,,d633142cdc70d207bbbe68de035a18a28c491ebd,decision_key_rate,statement,Заявление Председателя Банка России Эльвиры Набиуллиной по итогам заседания Совета директоров Банка России 16 февраля 2024 года,16.02.2024,"Да, конечно, мы, безусловно, отслеживаем ситуацию в региональных экономиках в целом, и в том числе как она изменяется под влиянием наших решений по ключевой ставке.",Interest rate,Backward-looking,Neutral,1,1,2,2024-02-16,2024,False
manual_000544,manual,False,,d633142cdc70d207bbbe68de035a18a28c491ebd,decision_key_rate,statement,Заявление Председателя Банка России Эльвиры Набиуллиной по итогам заседания Совета директоров Банка России 16 февраля 2024 года,16.02.2024,"Надо сказать, что общая реакция в экономике в разных регионах на повышение ключевой ставки единая, эти тенденции едины: спрос на потребительские кредиты снижается, склонность граждан к сбережениям растет, и рост потребительской активности есть, но он растет более умеренными темпами, это способствует замедлению инфляции.",Interest rate,Backward-looking,Dovish,1,1,1,2024-02-16,2024,False
manual_000545,manual,False,,d633142cdc70d207bbbe68de035a18a28c491ebd,decision_key_rate,statement,Заявление Председателя Банка России Эльвиры Набиуллиной по итогам заседания Совета директоров Банка России 16 февраля 2024 года,16.02.2024,"Но конечно, масштаб реакции, скорость этой реакции различается по регионам, и на каждый регион влияет множество специфических факторов.",Economic activity,Backward-looking,Neutral,5,1,2,2024-02-16,2024,False
manual_000546,manual,False,,d633142cdc70d207bbbe68de035a18a28c491ebd,decision_key_rate,statement,Заявление Председателя Банка России Эльвиры Набиуллиной по итогам заседания Совета директоров Банка России 16 февраля 2024 года,16.02.2024,"Вы из Кемерово, и там, конечно, большую роль играет в том числе мировая конъюнктура на рынке угля, провозные мощности для вывоза угля в восточные порты.",External conditions,Backward-looking,Neutral,7,1,2,2024-02-16,2024,False
manual_000547,manual,False,,d633142cdc70d207bbbe68de035a18a28c491ebd,decision_key_rate,statement,Заявление Председателя Банка России Эльвиры Набиуллиной по итогам заседания Совета директоров Банка России 16 февраля 2024 года,16.02.2024,И это может оказывать влияние в целом на ситуацию в экономике.,External conditions,Forward-looking,Neutral,7,0,2,2024-02-16,2024,False
manual_000548,manual,False,,d633142cdc70d207bbbe68de035a18a28c491ebd,decision_key_rate,statement,Заявление Председателя Банка России Эльвиры Набиуллиной по итогам заседания Совета директоров Банка России 16 февраля 2024 года,16.02.2024,"Например, возьмем Северо-Запад.",Other,Other,Other,11,2,5,2024-02-16,2024,False
manual_000549,manual,False,,d633142cdc70d207bbbe68de035a18a28c491ebd,decision_key_rate,statement,Заявление Председателя Банка России Эльвиры Набиуллиной по итогам заседания Совета директоров Банка России 16 февраля 2024 года,16.02.2024,"Одна из ключевых тем, которую мы обсуждали в течение двух лет, это была скорость трансформации производств в этом регионе, который раньше в большей степени был ориентирован на экспорт в европейские страны, под новые рынки, новые цепочки поставок, новую логистику.",External conditions,Backward-looking,Neutral,7,1,2,2024-02-16,2024,False
manual_000550,manual,False,,d633142cdc70d207bbbe68de035a18a28c491ebd,decision_key_rate,statement,Заявление Председателя Банка России Эльвиры Набиуллиной по итогам заседания Совета директоров Банка России 16 февраля 2024 года,16.02.2024,"И вот такая региональная динамика, конечно, позволяет нам интерпретировать данные статистики и принимать более сбалансированные решения по денежно-кредитной политике, которые учитывают картину по экономике в целом.",Economic activity,Backward-looking,Confidence-building,5,1,4,2024-02-16,2024,False
manual_000551,manual,False,,d633142cdc70d207bbbe68de035a18a28c491ebd,decision_key_rate,statement,Заявление Председателя Банка России Эльвиры Набиуллиной по итогам заседания Совета директоров Банка России 16 февраля 2024 года,16.02.2024,И поэтому уже несколько лет все руководители наших территориальных главков участвуют в обсуждениях по ставке.,Interest rate,Backward-looking,Neutral,1,1,2,2024-02-16,2024,False
manual_000552,manual,False,,d633142cdc70d207bbbe68de035a18a28c491ebd,decision_key_rate,statement,Заявление Председателя Банка России Эльвиры Набиуллиной по итогам заседания Совета директоров Банка России 16 февраля 2024 года,16.02.2024,"И мы тоже всегда вам показываем региональный аспект: у нас есть материал «Региональная экономика», который мы публикуем накануне «недели тишины», его готовят совместно все наши региональные подразделения.",Other,Other,Other,11,2,5,2024-02-16,2024,False
manual_000553,manual,False,,d633142cdc70d207bbbe68de035a18a28c491ebd,decision_key_rate,statement,Заявление Председателя Банка России Эльвиры Набиуллиной по итогам заседания Совета директоров Банка России 16 февраля 2024 года,16.02.2024,ВОПРОС (издание «РБК»):,Other,Other,Other,11,2,5,2024-02-16,2024,True
manual_000554,manual,False,,d633142cdc70d207bbbe68de035a18a28c491ebd,decision_key_rate,statement,Заявление Председателя Банка России Эльвиры Набиуллиной по итогам заседания Совета директоров Банка России 16 февраля 2024 года,16.02.2024,"Бизнес разного уровня жалуется, что у них возникают все чаще трудности с внешнеторговыми расчетами с Турцией и с Китаем.",External conditions,Backward-looking,Risk-highlighting,7,1,3,2024-02-16,2024,False
manual_000555,manual,False,,d633142cdc70d207bbbe68de035a18a28c491ebd,decision_key_rate,statement,Заявление Председателя Банка России Эльвиры Набиуллиной по итогам заседания Совета директоров Банка России 16 февраля 2024 года,16.02.2024,"Некоторые бизнесмены предложили решить эту проблему путем создания центра по платежам, по расчетам, в котором будут участвовать государство и Банк России.",External conditions,Forward-looking,Neutral,7,0,2,2024-02-16,2024,False
manual_000556,manual,False,,d633142cdc70d207bbbe68de035a18a28c491ebd,decision_key_rate,statement,Заявление Председателя Банка России Эльвиры Набиуллиной по итогам заседания Совета директоров Банка России 16 февраля 2024 года,16.02.2024,Как Банк России оценивает данную инициативу?,Other,Other,Other,11,2,5,2024-02-16,2024,False
manual_000557,manual,False,,d633142cdc70d207bbbe68de035a18a28c491ebd,decision_key_rate,statement,Заявление Председателя Банка России Эльвиры Набиуллиной по итогам заседания Совета директоров Банка России 16 февраля 2024 года,16.02.2024,И какие пути решения проблемы с расчетами внешнеторговыми Банк России видит?,External conditions,Forward-looking,Neutral,7,0,2,2024-02-16,2024,False
manual_000558,manual,False,,d633142cdc70d207bbbe68de035a18a28c491ebd,decision_key_rate,statement,Заявление Председателя Банка России Эльвиры Набиуллиной по итогам заседания Совета директоров Банка России 16 февраля 2024 года,16.02.2024,Э.С. НАБИУЛЛИНА:,Other,Other,Other,11,2,5,2024-02-16,2024,True
manual_000559,manual,False,,d633142cdc70d207bbbe68de035a18a28c491ebd,decision_key_rate,statement,Заявление Председателя Банка России Эльвиры Набиуллиной по итогам заседания Совета директоров Банка России 16 февраля 2024 года,16.02.2024,"Действительно, в последнее время происходило ухудшение ситуации с внешнеторговыми расчетами, мы это видим по данным наших компаний.",External conditions,Backward-looking,Risk-highlighting,7,1,3,2024-02-16,2024,False
manual_000560,manual,False,,d633142cdc70d207bbbe68de035a18a28c491ebd,decision_key_rate,statement,Заявление Председателя Банка России Эльвиры Набиуллиной по итогам заседания Совета директоров Банка России 16 февраля 2024 года,16.02.2024,К чему это приводит?,Other,Other,Other,11,2,5,2024-02-16,2024,True
manual_000561,manual,False,,d633142cdc70d207bbbe68de035a18a28c491ebd,decision_key_rate,statement,Заявление Председателя Банка России Эльвиры Набиуллиной по итогам заседания Совета директоров Банка России 16 февраля 2024 года,16.02.2024,Это приводит к проработке все большего количества альтернативных способов платежей.,External conditions,Backward-looking,Neutral,7,1,2,2024-02-16,2024,False
manual_000562,manual,False,,d633142cdc70d207bbbe68de035a18a28c491ebd,decision_key_rate,statement,Заявление Председателя Банка России Эльвиры Набиуллиной по итогам заседания Совета директоров Банка России 16 февраля 2024 года,16.02.2024,"Мы активно участвуем в переговорах с бизнесом, думаем над этими решениями.",External conditions,Forward-looking,Neutral,7,0,2,2024-02-16,2024,False
manual_000563,manual,False,,d633142cdc70d207bbbe68de035a18a28c491ebd,decision_key_rate,statement,Заявление Председателя Банка России Эльвиры Набиуллиной по итогам заседания Совета директоров Банка России 16 февраля 2024 года,16.02.2024,"Что касается центра платежей с прямым участием государства и Центрального банка, не думаю, что это серьезно может снизить барьеры для расчетов.",External conditions,Forward-looking,Neutral,7,0,2,2024-02-16,2024,False
manual_000564,manual,False,,d633142cdc70d207bbbe68de035a18a28c491ebd,decision_key_rate,statement,Заявление Председателя Банка России Эльвиры Набиуллиной по итогам заседания Совета директоров Банка России 16 февраля 2024 года,16.02.2024,Но мы тем не менее открыто обсуждаем разные варианты с коллегами.,External conditions,Forward-looking,Neutral,7,0,2,2024-02-16,2024,False
manual_000565,manual,False,,d633142cdc70d207bbbe68de035a18a28c491ebd,decision_key_rate,statement,Заявление Председателя Банка России Эльвиры Набиуллиной по итогам заседания Совета директоров Банка России 16 февраля 2024 года,16.02.2024,"Пути, перспективы видятся в разных формах, в том числе в использовании цифровых финансовых активов.",External conditions,Forward-looking,Neutral,7,0,2,2024-02-16,2024,False
manual_000566,manual,False,,d633142cdc70d207bbbe68de035a18a28c491ebd,decision_key_rate,statement,Заявление Председателя Банка России Эльвиры Набиуллиной по итогам заседания Совета директоров Банка России 16 февраля 2024 года,16.02.2024,"Мы надеемся, что закон на эту тему (проект закона давно готов) будет принят, и будут развиваться расчеты в цифровых валютах центральных банков.",External conditions,Forward-looking,Confidence-building,7,0,4,2024-02-16,2024,False
manual_000567,manual,False,,d633142cdc70d207bbbe68de035a18a28c491ebd,decision_key_rate,statement,Заявление Председателя Банка России Эльвиры Набиуллиной по итогам заседания Совета директоров Банка России 16 февраля 2024 года,16.02.2024,"Но конечно, основное направление — это расчеты в национальных валютах.",External conditions,Forward-looking,Neutral,7,0,2,2024-02-16,2024,False
manual_000568,manual,False,,d633142cdc70d207bbbe68de035a18a28c491ebd,decision_key_rate,statement,Заявление Председателя Банка России Эльвиры Набиуллиной по итогам заседания Совета директоров Банка России 16 февраля 2024 года,16.02.2024,"Но не только расчеты в национальных валютах — их доля выросла, вы это видите, — но и использование для расчетов независимых инфраструктур для передачи финансовых сообщений и, соответственно, развитие системы корреспондентских отношений.",External conditions,Backward-looking,Confidence-building,7,1,4,2024-02-16,2024,False
manual_000569,manual,False,,d633142cdc70d207bbbe68de035a18a28c491ebd,decision_key_rate,statement,Заявление Председателя Банка России Эльвиры Набиуллиной по итогам заседания Совета директоров Банка России 16 февраля 2024 года,16.02.2024,"Но по каждой стране есть свои детали, свои особенности, мы со всеми работаем.",External conditions,Backward-looking,Neutral,7,1,2,2024-02-16,2024,False
manual_000570,manual,False,,d633142cdc70d207bbbe68de035a18a28c491ebd,decision_key_rate,statement,Заявление Председателя Банка России Эльвиры Набиуллиной по итогам заседания Совета директоров Банка России 16 февраля 2024 года,16.02.2024,ВОПРОС (телеканал «Россия 24):,Other,Other,Other,11,2,5,2024-02-16,2024,False
manual_000571,manual,False,,d633142cdc70d207bbbe68de035a18a28c491ebd,decision_key_rate,statement,Заявление Председателя Банка России Эльвиры Набиуллиной по итогам заседания Совета директоров Банка России 16 февраля 2024 года,16.02.2024,На форуме в Екатеринбурге вы высказали идею ввести период охлаждения при выдаче крупных кредитов от миллиона рублей.,Credit,Backward-looking,Neutral,3,1,2,2024-02-16,2024,False
manual_000572,manual,False,,d633142cdc70d207bbbe68de035a18a28c491ebd,decision_key_rate,statement,Заявление Председателя Банка России Эльвиры Набиуллиной по итогам заседания Совета директоров Банка России 16 февраля 2024 года,16.02.2024,"Когда в теории такая норма могла бы заработать, каким по сроку мог бы быть этот период охлаждения?",Credit,Forward-looking,Neutral,3,0,2,2024-02-16,2024,False
manual_000573,manual,False,,d633142cdc70d207bbbe68de035a18a28c491ebd,decision_key_rate,statement,Заявление Председателя Банка России Эльвиры Набиуллиной по итогам заседания Совета директоров Банка России 16 февраля 2024 года,16.02.2024,И скажется ли это на кредитной активности?,Credit,Forward-looking,Neutral,3,0,2,2024-02-16,2024,False
manual_000574,manual,False,,d633142cdc70d207bbbe68de035a18a28c491ebd,decision_key_rate,statement,Заявление Председателя Банка России Эльвиры Набиуллиной по итогам заседания Совета директоров Банка России 16 февраля 2024 года,16.02.2024,Э.С. НАБИУЛЛИНА:,Other,Other,Other,11,2,5,2024-02-16,2024,True
manual_000575,manual,False,,d633142cdc70d207bbbe68de035a18a28c491ebd,decision_key_rate,statement,Заявление Председателя Банка России Эльвиры Набиуллиной по итогам заседания Совета директоров Банка России 16 февраля 2024 года,16.02.2024,"Да, мы считаем, что нужно принять оперативные, достаточно быстрые решения по борьбе с кредитным мошенничеством — для этого ввести период охлаждения.",Credit,Forward-looking,Confidence-building,3,0,4,2024-02-16,2024,False
manual_000576,manual,False,,d633142cdc70d207bbbe68de035a18a28c491ebd,decision_key_rate,statement,Заявление Председателя Банка России Эльвиры Набиуллиной по итогам заседания Совета директоров Банка России 16 февраля 2024 года,16.02.2024,"Мы сейчас с банками обсуждаем период охлаждения по крупным кредитам в два дня, как уже есть по переводам.",Credit,Forward-looking,Neutral,3,0,2,2024-02-16,2024,False
manual_000577,manual,False,,d633142cdc70d207bbbe68de035a18a28c491ebd,decision_key_rate,statement,Заявление Председателя Банка России Эльвиры Набиуллиной по итогам заседания Совета директоров Банка России 16 февраля 2024 года,16.02.2024,Готовы смотреть.,Other,Other,Other,11,2,5,2024-02-16,2024,True
manual_000578,manual,False,,d633142cdc70d207bbbe68de035a18a28c491ebd,decision_key_rate,statement,Заявление Председателя Банка России Эльвиры Набиуллиной по итогам заседания Совета директоров Банка России 16 февраля 2024 года,16.02.2024,"Иногда люди хотят очень быстро получить кредит — надо, чтобы у них была такая возможность.",Credit,Forward-looking,Confidence-building,3,0,4,2024-02-16,2024,False
manual_000579,manual,False,,d633142cdc70d207bbbe68de035a18a28c491ebd,decision_key_rate,statement,Заявление Председателя Банка России Эльвиры Набиуллиной по итогам заседания Совета директоров Банка России 16 февраля 2024 года,16.02.2024,"Но по крупным кредитам мы считаем, что нужно вводить эту форму охлаждения.",Credit,Forward-looking,Confidence-building,3,0,4,2024-02-16,2024,False
manual_000580,manual,False,,d633142cdc70d207bbbe68de035a18a28c491ebd,decision_key_rate,statement,Заявление Председателя Банка России Эльвиры Набиуллиной по итогам заседания Совета директоров Банка России 16 февраля 2024 года,16.02.2024,Сейчас как раз ведутся дискуссии с банками.,Financial sector & Macroprudential policy,Backward-looking,Neutral,10,1,2,2024-02-16,2024,False
manual_000581,manual,False,,d633142cdc70d207bbbe68de035a18a28c491ebd,decision_key_rate,statement,Заявление Председателя Банка России Эльвиры Набиуллиной по итогам заседания Совета директоров Банка России 16 февраля 2024 года,16.02.2024,"Но надеюсь, что в этом году законопроект может быть подготовлен (думаю, в идеальном случае и принят).",Financial sector & Macroprudential policy,Forward-looking,Confidence-building,10,0,4,2024-02-16,2024,False
manual_000582,manual,False,,d633142cdc70d207bbbe68de035a18a28c491ebd,decision_key_rate,statement,Заявление Председателя Банка России Эльвиры Набиуллиной по итогам заседания Совета директоров Банка России 16 февраля 2024 года,16.02.2024,"Потому что здесь, конечно, нет времени на раскачку, что называется, нужно принимать как можно быстрее эти решения.",Financial sector & Macroprudential policy,Forward-looking,Risk-highlighting,10,0,3,2024-02-16,2024,False
manual_000583,manual,False,,d633142cdc70d207bbbe68de035a18a28c491ebd,decision_key_rate,statement,Заявление Председателя Банка России Эльвиры Набиуллиной по итогам заседания Совета директоров Банка России 16 февраля 2024 года,16.02.2024,"Что касается кредитной активности, я не думаю, что это скажется.",Credit,Forward-looking,Neutral,3,0,2,2024-02-16,2024,False
manual_000584,manual,False,,d633142cdc70d207bbbe68de035a18a28c491ebd,decision_key_rate,statement,Заявление Председателя Банка России Эльвиры Набиуллиной по итогам заседания Совета директоров Банка России 16 февраля 2024 года,16.02.2024,Просто будет больше внимания банков к антифрод-процедурам.,Financial sector & Macroprudential policy,Forward-looking,Confidence-building,10,0,4,2024-02-16,2024,False
manual_000585,manual,False,,d633142cdc70d207bbbe68de035a18a28c491ebd,decision_key_rate,statement,Заявление Председателя Банка России Эльвиры Набиуллиной по итогам заседания Совета директоров Банка России 16 февраля 2024 года,16.02.2024,Антифрод-процедуры введены в переводах.,Financial sector & Macroprudential policy,Backward-looking,Confidence-building,10,1,4,2024-02-16,2024,False
manual_000586,manual,False,,d633142cdc70d207bbbe68de035a18a28c491ebd,decision_key_rate,statement,Заявление Председателя Банка России Эльвиры Набиуллиной по итогам заседания Совета директоров Банка России 16 февраля 2024 года,16.02.2024,"Это не привело к тому, что переводы уменьшились.",Financial sector & Macroprudential policy,Backward-looking,Confidence-building,10,1,4,2024-02-16,2024,False
manual_000587,manual,False,,d633142cdc70d207bbbe68de035a18a28c491ebd,decision_key_rate,statement,Заявление Председателя Банка России Эльвиры Набиуллиной по итогам заседания Совета директоров Банка России 16 февраля 2024 года,16.02.2024,Это просто бОльшая защищенность граждан при получении кредитов.,Credit,Forward-looking,Confidence-building,3,0,4,2024-02-16,2024,False
manual_000588,manual,False,,d633142cdc70d207bbbe68de035a18a28c491ebd,decision_key_rate,statement,Заявление Председателя Банка России Эльвиры Набиуллиной по итогам заседания Совета директоров Банка России 16 февраля 2024 года,16.02.2024,"Не думаю, что это как-то скажется на объемах кредитования.",Credit,Forward-looking,Neutral,3,0,2,2024-02-16,2024,False
manual_000589,manual,False,,d633142cdc70d207bbbe68de035a18a28c491ebd,decision_key_rate,statement,Заявление Председателя Банка России Эльвиры Набиуллиной по итогам заседания Совета директоров Банка России 16 февраля 2024 года,16.02.2024,ВОПРОС (издание Forbes):,Other,Other,Other,11,2,5,2024-02-16,2024,True
manual_000590,manual,False,,d633142cdc70d207bbbe68de035a18a28c491ebd,decision_key_rate,statement,Заявление Председателя Банка России Эльвиры Набиуллиной по итогам заседания Совета директоров Банка России 16 февраля 2024 года,16.02.2024,"Вопрос о комиссиях, которые ряд крупных банков взимают с застройщиков за доступ к программам льготной ипотеки.",Fiscal policy,Backward-looking,Neutral,8,1,2,2024-02-16,2024,False
manual_000591,manual,False,,d633142cdc70d207bbbe68de035a18a28c491ebd,decision_key_rate,statement,Заявление Председателя Банка России Эльвиры Набиуллиной по итогам заседания Совета директоров Банка России 16 февраля 2024 года,16.02.2024,"Ранее Банк России сообщал, что ведет диалог с банками по поводу этой практики.",Financial sector & Macroprudential policy,Backward-looking,Neutral,10,1,2,2024-02-16,2024,False
manual_000592,manual,False,,d633142cdc70d207bbbe68de035a18a28c491ebd,decision_key_rate,statement,Заявление Председателя Банка России Эльвиры Набиуллиной по итогам заседания Совета директоров Банка России 16 февраля 2024 года,16.02.2024,Удается ли в рамках этого диалога сблизить позиции ЦБ и банков?,Financial sector & Macroprudential policy,Backward-looking,Neutral,10,1,2,2024-02-16,2024,False
manual_000593,manual,False,,d633142cdc70d207bbbe68de035a18a28c491ebd,decision_key_rate,statement,Заявление Председателя Банка России Эльвиры Набиуллиной по итогам заседания Совета директоров Банка России 16 февраля 2024 года,16.02.2024,"И если банки не станут корректировать свои текущие подходы, то какие, скажем так, инструменты принуждения есть у ЦБ?",Financial sector & Macroprudential policy,Forward-looking,Neutral,10,0,2,2024-02-16,2024,False
manual_000594,manual,False,,d633142cdc70d207bbbe68de035a18a28c491ebd,decision_key_rate,statement,Заявление Председателя Банка России Эльвиры Набиуллиной по итогам заседания Совета директоров Банка России 16 февраля 2024 года,16.02.2024,И считает ли регулятор нужным их использовать?,Financial sector & Macroprudential policy,Forward-looking,Neutral,10,0,2,2024-02-16,2024,False
manual_000595,manual,False,,d633142cdc70d207bbbe68de035a18a28c491ebd,decision_key_rate,statement,Заявление Председателя Банка России Эльвиры Набиуллиной по итогам заседания Совета директоров Банка России 16 февраля 2024 года,16.02.2024,Э.С. НАБИУЛЛИНА:,Other,Other,Other,11,2,5,2024-02-16,2024,True
manual_000596,manual,False,,d633142cdc70d207bbbe68de035a18a28c491ebd,decision_key_rate,statement,Заявление Председателя Банка России Эльвиры Набиуллиной по итогам заседания Совета директоров Банка России 16 февраля 2024 года,16.02.2024,"Да, диалог, конечно, такой ведется, банки нам представляют свои аргументы, почему они это делают и почему это не так плохо, как считает Центральный банк.",Financial sector & Macroprudential policy,Backward-looking,Neutral,10,1,2,2024-02-16,2024,False
manual_000597,manual,False,,d633142cdc70d207bbbe68de035a18a28c491ebd,decision_key_rate,statement,Заявление Председателя Банка России Эльвиры Набиуллиной по итогам заседания Совета директоров Банка России 16 февраля 2024 года,16.02.2024,"Мы смотрим и на их расчеты, и на их аргументы.",Other,Other,Other,11,2,5,2024-02-16,2024,False
manual_000598,manual,False,,d633142cdc70d207bbbe68de035a18a28c491ebd,decision_key_rate,statement,Заявление Председателя Банка России Эльвиры Набиуллиной по итогам заседания Совета директоров Банка России 16 февраля 2024 года,16.02.2024,"Надо сказать, что часть крупных банков (небольшая часть, правда), которая эти комиссии применяла, отказалась от взимания комиссий.",Financial sector & Macroprudential policy,Backward-looking,Neutral,10,1,2,2024-02-16,2024,False
manual_000599,manual,False,,d633142cdc70d207bbbe68de035a18a28c491ebd,decision_key_rate,statement,Заявление Председателя Банка России Эльвиры Набиуллиной по итогам заседания Совета директоров Банка России 16 февраля 2024 года,16.02.2024,"На наш взгляд, основная проблема там, конечно, это недобросовестная конкуренция.",Financial sector & Macroprudential policy,Backward-looking,Risk-highlighting,10,1,3,2024-02-16,2024,False
manual_000600,manual,False,,d633142cdc70d207bbbe68de035a18a28c491ebd,decision_key_rate,statement,Заявление Председателя Банка России Эльвиры Набиуллиной по итогам заседания Совета директоров Банка России 16 февраля 2024 года,16.02.2024,"Поэтому основные инструменты у ФАС, мы в ФАС обратились со своими аргументами.",Financial sector & Macroprudential policy,Backward-looking,Neutral,10,1,2,2024-02-16,2024,False
manual_000601,manual,False,,d633142cdc70d207bbbe68de035a18a28c491ebd,decision_key_rate,statement,Заявление Председателя Банка России Эльвиры Набиуллиной по итогам заседания Совета директоров Банка России 16 февраля 2024 года,16.02.2024,"Но, кстати, видим, что конкуренция тоже работает в другую сторону.",Financial sector & Macroprudential policy,Backward-looking,Neutral,10,1,2,2024-02-16,2024,False
manual_000602,manual,False,,d633142cdc70d207bbbe68de035a18a28c491ebd,decision_key_rate,statement,Заявление Председателя Банка России Эльвиры Набиуллиной по итогам заседания Совета директоров Банка России 16 февраля 2024 года,16.02.2024,"По данным «ДОМ.РФ», увеличиваются выдачи тех банков, которые не взимают комиссии с застройщиков.",Financial sector & Macroprudential policy,Backward-looking,Neutral,10,1,2,2024-02-16,2024,False
manual_000603,manual,False,,d633142cdc70d207bbbe68de035a18a28c491ebd,decision_key_rate,statement,Заявление Председателя Банка России Эльвиры Набиуллиной по итогам заседания Совета директоров Банка России 16 февраля 2024 года,16.02.2024,"И мы, кстати, к ним обратились, чтобы увеличивались лимиты на льготную ипотеку, прежде всего тем банкам, которые эти комиссии не применяют.",Fiscal policy,Forward-looking,Neutral,8,0,2,2024-02-16,2024,False
manual_000604,manual,False,,d633142cdc70d207bbbe68de035a18a28c491ebd,decision_key_rate,statement,Заявление Председателя Банка России Эльвиры Набиуллиной по итогам заседания Совета директоров Банка России 16 февраля 2024 года,16.02.2024,"То есть больше бы выигрывали те банки, которые не применяют эти меры.",Financial sector & Macroprudential policy,Forward-looking,Neutral,10,0,2,2024-02-16,2024,False
manual_000605,manual,False,,d633142cdc70d207bbbe68de035a18a28c491ebd,decision_key_rate,statement,Заявление Председателя Банка России Эльвиры Набиуллиной по итогам заседания Совета директоров Банка России 16 февраля 2024 года,16.02.2024,Что с нашей стороны можно сделать?,Other,Other,Other,11,2,5,2024-02-16,2024,False
manual_000606,manual,False,,d633142cdc70d207bbbe68de035a18a28c491ebd,decision_key_rate,statement,Заявление Председателя Банка России Эльвиры Набиуллиной по итогам заседания Совета директоров Банка России 16 февраля 2024 года,16.02.2024,"В результате применения этих комиссий одно из негативных последствий — это то, что будет завышаться стоимость жилья выше рыночной, то есть будут включать в стоимость жилья вот эти уплаченные комиссии.",Financial sector & Macroprudential policy,Forward-looking,Risk-highlighting,10,0,3,2024-02-16,2024,False
manual_000607,manual,False,,d633142cdc70d207bbbe68de035a18a28c491ebd,decision_key_rate,statement,Заявление Председателя Банка России Эльвиры Набиуллиной по итогам заседания Совета директоров Банка России 16 февраля 2024 года,16.02.2024,"Поэтому мы с банками будем работать в рамках наших надзорных полномочий, с тем чтобы жилье в залоге оценивалось соответствующим образом, в соответствии с рынком.",Financial sector & Macroprudential policy,Forward-looking,Confidence-building,10,0,4,2024-02-16,2024,False
manual_000608,manual,False,,d633142cdc70d207bbbe68de035a18a28c491ebd,decision_key_rate,statement,Заявление Председателя Банка России Эльвиры Набиуллиной по итогам заседания Совета директоров Банка России 16 февраля 2024 года,16.02.2024,Исходя из этого будут применяться разные нормативы и надбавки.,Financial sector & Macroprudential policy,Forward-looking,Neutral,10,0,2,2024-02-16,2024,False
manual_000609,manual,False,,d633142cdc70d207bbbe68de035a18a28c491ebd,decision_key_rate,statement,Заявление Председателя Банка России Эльвиры Набиуллиной по итогам заседания Совета директоров Банка России 16 февраля 2024 года,16.02.2024,ВОПРОС (проект «Сложный процент»):,Other,Other,Other,11,2,5,2024-02-16,2024,False
manual_000610,manual,False,,d633142cdc70d207bbbe68de035a18a28c491ebd,decision_key_rate,statement,Заявление Председателя Банка России Эльвиры Набиуллиной по итогам заседания Совета директоров Банка России 16 февраля 2024 года,16.02.2024,"Сейчас значение ключевой ставки ощутимо выше не только официальной, но даже наблюдаемой населением инфляции, и вариант этих действующих соотношений трех показателей полностью устраивает ЦБ?",Interest rate,Backward-looking,Neutral,1,1,2,2024-02-16,2024,False
manual_000611,manual,False,,d633142cdc70d207bbbe68de035a18a28c491ebd,decision_key_rate,statement,Заявление Председателя Банка России Эльвиры Набиуллиной по итогам заседания Совета директоров Банка России 16 февраля 2024 года,16.02.2024,"Очевидно, что это работает не так.",Other,Other,Other,11,2,5,2024-02-16,2024,False
manual_000612,manual,False,,d633142cdc70d207bbbe68de035a18a28c491ebd,decision_key_rate,statement,Заявление Председателя Банка России Эльвиры Набиуллиной по итогам заседания Совета директоров Банка России 16 февраля 2024 года,16.02.2024,"Каким, на ваш взгляд, должно быть соотношение в вашей идеальной модели этих трех показателей?",Interest rate,Forward-looking,Neutral,1,0,2,2024-02-16,2024,False
manual_000613,manual,False,,d633142cdc70d207bbbe68de035a18a28c491ebd,decision_key_rate,statement,Заявление Председателя Банка России Эльвиры Набиуллиной по итогам заседания Совета директоров Банка России 16 февраля 2024 года,16.02.2024,"Что нужно делать, чтобы эта идеальная модель стала реальностью?",Interest rate,Forward-looking,Neutral,1,0,2,2024-02-16,2024,False
manual_000614,manual,False,,d633142cdc70d207bbbe68de035a18a28c491ebd,decision_key_rate,statement,Заявление Председателя Банка России Эльвиры Набиуллиной по итогам заседания Совета директоров Банка России 16 февраля 2024 года,16.02.2024,Это первый вопрос.,Other,Other,Other,11,2,5,2024-02-16,2024,True
manual_000615,manual,False,,d633142cdc70d207bbbe68de035a18a28c491ebd,decision_key_rate,statement,Заявление Председателя Банка России Эльвиры Набиуллиной по итогам заседания Совета директоров Банка России 16 февраля 2024 года,16.02.2024,И второй вопрос.,Other,Other,Other,11,2,5,2024-02-16,2024,True
manual_000616,manual,False,,d633142cdc70d207bbbe68de035a18a28c491ebd,decision_key_rate,statement,Заявление Председателя Банка России Эльвиры Набиуллиной по итогам заседания Совета директоров Банка России 16 февраля 2024 года,16.02.2024,"Рассматривает ли Совет директоров возможность накапливать внешние активы в отличном от юаней, золота виде?",External conditions,Forward-looking,Neutral,7,0,2,2024-02-16,2024,False
manual_000617,manual,False,,d633142cdc70d207bbbe68de035a18a28c491ebd,decision_key_rate,statement,Заявление Председателя Банка России Эльвиры Набиуллиной по итогам заседания Совета директоров Банка России 16 февраля 2024 года,16.02.2024,Изучаете ли вы возможность инвестирования в нерезервные активы дружественных стран?,External conditions,Forward-looking,Neutral,7,0,2,2024-02-16,2024,False
manual_000618,manual,False,,d633142cdc70d207bbbe68de035a18a28c491ebd,decision_key_rate,statement,Заявление Председателя Банка России Эльвиры Набиуллиной по итогам заседания Совета директоров Банка России 16 февраля 2024 года,16.02.2024,"И насколько вообще вас беспокоит снижение валютной диверсификации активов, особенно на фоне того, что юань нестабильный и есть сомнения по перспективам дальнейшего роста китайской экономики?",External conditions,Forward-looking,Risk-highlighting,7,0,3,2024-02-16,2024,False
manual_000619,manual,False,,d633142cdc70d207bbbe68de035a18a28c491ebd,decision_key_rate,statement,Заявление Председателя Банка России Эльвиры Набиуллиной по итогам заседания Совета директоров Банка России 16 февраля 2024 года,16.02.2024,Э.С. НАБИУЛЛИНА:,Other,Other,Other,11,2,5,2024-02-16,2024,True
manual_000620,manual,False,,d633142cdc70d207bbbe68de035a18a28c491ebd,decision_key_rate,statement,Заявление Председателя Банка России Эльвиры Набиуллиной по итогам заседания Совета директоров Банка России 16 февраля 2024 года,16.02.2024,"По соотношению ключевой ставки, инфляции и той инфляции, которую наблюдают наши граждане, какой-то простой формулы, универсального соотношения нет.",Interest rate,Backward-looking,Neutral,1,1,2,2024-02-16,2024,False
manual_000621,manual,False,,d633142cdc70d207bbbe68de035a18a28c491ebd,decision_key_rate,statement,Заявление Председателя Банка России Эльвиры Набиуллиной по итогам заседания Совета директоров Банка России 16 февраля 2024 года,16.02.2024,"И мы считаем, что ключевая ставка должна быть на том уровне, чтобы вернуть инфляцию к цели, если она отклонилась от цели.",Interest rate,Forward-looking,Hawkish,1,0,0,2024-02-16,2024,False
manual_000622,manual,False,,d633142cdc70d207bbbe68de035a18a28c491ebd,decision_key_rate,statement,Заявление Председателя Банка России Эльвиры Набиуллиной по итогам заседания Совета директоров Банка России 16 февраля 2024 года,16.02.2024,"А если инфляция на цели, то ключевая ставка будет, по сути, на нейтральном уровне, который мы оцениваем как 6–7%.",Interest rate,Forward-looking,Neutral,1,0,2,2024-02-16,2024,False
manual_000623,manual,False,,d633142cdc70d207bbbe68de035a18a28c491ebd,decision_key_rate,statement,Заявление Председателя Банка России Эльвиры Набиуллиной по итогам заседания Совета директоров Банка России 16 февраля 2024 года,16.02.2024,"Что касается различия официальной и наблюдаемой инфляции, оно есть практически всегда и везде.",Inflation,Backward-looking,Neutral,0,1,2,2024-02-16,2024,False
manual_000624,manual,False,,d633142cdc70d207bbbe68de035a18a28c491ebd,decision_key_rate,statement,Заявление Председателя Банка России Эльвиры Набиуллиной по итогам заседания Совета директоров Банка России 16 февраля 2024 года,16.02.2024,"Но чем ниже и дольше низкая инфляция, тем ближе наблюдаемая и ожидаемая гражданами инфляция к той инфляции, которую дает нам статистика.",Inflation,Forward-looking,Confidence-building,0,0,4,2024-02-16,2024,False
manual_000625,manual,False,,d633142cdc70d207bbbe68de035a18a28c491ebd,decision_key_rate,statement,Заявление Председателя Банка России Эльвиры Набиуллиной по итогам заседания Совета директоров Банка России 16 февраля 2024 года,16.02.2024,"И мы такие периоды, кстати, видели, когда у нас наблюдаемая инфляция приближалась к нашей официальной инфляции в периоды более стабильной низкой инфляции.",Inflation,Backward-looking,Confidence-building,0,1,4,2024-02-16,2024,False
manual_000626,manual,False,,d633142cdc70d207bbbe68de035a18a28c491ebd,decision_key_rate,statement,Заявление Председателя Банка России Эльвиры Набиуллиной по итогам заседания Совета директоров Банка России 16 февраля 2024 года,16.02.2024,А.Б. ЗАБОТКИН:,Other,Other,Other,11,2,5,2024-02-16,2024,True
manual_000627,manual,False,,d633142cdc70d207bbbe68de035a18a28c491ebd,decision_key_rate,statement,Заявление Председателя Банка России Эльвиры Набиуллиной по итогам заседания Совета директоров Банка России 16 февраля 2024 года,16.02.2024,"Для того чтобы ключевая ставка подействовала на экономику — как в ситуации, когда инфляция идет ниже цели и нам надо проводить мягкую денежно-кредитную политику, и, соответственно, мы снижаем ставку, так и в период, когда экономика перегревается, инфляция высокая, и нам надо повышать ставку, — чтобы ключевая ставка подействовала на экономику, она должна реагировать на отклонение инфляции не один к одному.",Interest rate,Forward-looking,Hawkish,1,0,0,2024-02-16,2024,False
manual_000628,manual,False,,d633142cdc70d207bbbe68de035a18a28c491ebd,decision_key_rate,statement,Заявление Председателя Банка России Эльвиры Набиуллиной по итогам заседания Совета директоров Банка России 16 февраля 2024 года,16.02.2024,"Потому что если она реагирует один к одному, то реальная ставка не изменится и денежно-кредитные условия не ужесточатся, если мы ставки повышаем, и не смягчатся, если мы ее снижаем.",Interest rate,Forward-looking,Neutral,1,0,2,2024-02-16,2024,False
manual_000629,manual,False,,d633142cdc70d207bbbe68de035a18a28c491ebd,decision_key_rate,statement,Заявление Председателя Банка России Эльвиры Набиуллиной по итогам заседания Совета директоров Банка России 16 февраля 2024 года,16.02.2024,Она должна реагировать с некоторым повышательным коэффициентом.,Interest rate,Forward-looking,Hawkish,1,0,0,2024-02-16,2024,False
manual_000630,manual,False,,d633142cdc70d207bbbe68de035a18a28c491ebd,decision_key_rate,statement,Заявление Председателя Банка России Эльвиры Набиуллиной по итогам заседания Совета директоров Банка России 16 февраля 2024 года,16.02.2024,"Это в том числе отражается в том, что, действительно, зазор между ключевой ставкой и инфляцией в период жесткой денежно-кредитной политики увеличивается, в период мягкой денежно-кредитной политики сужается.",Interest rate,Backward-looking,Neutral,1,1,2,2024-02-16,2024,False
manual_000631,manual,False,,d633142cdc70d207bbbe68de035a18a28c491ebd,decision_key_rate,statement,Заявление Председателя Банка России Эльвиры Набиуллиной по итогам заседания Совета директоров Банка России 16 февраля 2024 года,16.02.2024,"В принципе эта взаимосвязь прослеживается для всех центральных банков, которые проводят политику в рамках этого механизма.",Interest rate,Backward-looking,Neutral,1,1,2,2024-02-16,2024,False
manual_000632,manual,False,,d633142cdc70d207bbbe68de035a18a28c491ebd,decision_key_rate,statement,Заявление Председателя Банка России Эльвиры Набиуллиной по итогам заседания Совета директоров Банка России 16 февраля 2024 года,16.02.2024,Э.С. НАБИУЛЛИНА:,Other,Other,Other,11,2,5,2024-02-16,2024,True
manual_000633,manual,False,,d633142cdc70d207bbbe68de035a18a28c491ebd,decision_key_rate,statement,Заявление Председателя Банка России Эльвиры Набиуллиной по итогам заседания Совета директоров Банка России 16 февраля 2024 года,16.02.2024,Что касается резервов.,Other,Other,Other,11,2,5,2024-02-16,2024,True
manual_000634,manual,False,,d633142cdc70d207bbbe68de035a18a28c491ebd,decision_key_rate,statement,Заявление Председателя Банка России Эльвиры Набиуллиной по итогам заседания Совета директоров Банка России 16 февраля 2024 года,16.02.2024,"Резервы прежде всего нужны Центральному банку для того, чтобы использовать их в условиях риска для финансовой стабильности.",Financial sector & Macroprudential policy,Forward-looking,Confidence-building,10,0,4,2024-02-16,2024,False
manual_000635,manual,False,,d633142cdc70d207bbbe68de035a18a28c491ebd,decision_key_rate,statement,Заявление Председателя Банка России Эльвиры Набиуллиной по итогам заседания Совета директоров Банка России 16 февраля 2024 года,16.02.2024,"Тогда ЦБ выступает с валютными интервенциями, но эти интервенции должны осуществляться в той валюте, которая востребована участниками рынка.",Exchange rate,Forward-looking,Confidence-building,9,0,4,2024-02-16,2024,False
manual_000636,manual,False,,d633142cdc70d207bbbe68de035a18a28c491ebd,decision_key_rate,statement,Заявление Председателя Банка России Эльвиры Набиуллиной по итогам заседания Совета директоров Банка России 16 февраля 2024 года,16.02.2024,"Востребованность определяется тем, в каких валютах они ведут внешнюю торговлю, в каких валютах у них долги, в каких валютах они и население держат свои депозиты.",External conditions,Backward-looking,Neutral,7,1,2,2024-02-16,2024,False
manual_000637,manual,False,,d633142cdc70d207bbbe68de035a18a28c491ebd,decision_key_rate,statement,Заявление Председателя Банка России Эльвиры Набиуллиной по итогам заседания Совета директоров Банка России 16 февраля 2024 года,16.02.2024,"Мы видим, что сейчас произошло у нас серьезное увеличение доли юаня как в расчетах, в долгах, так и в депозитах, и поэтому структура золотовалютных резервов отвечает этой задаче.",External conditions,Backward-looking,Confidence-building,7,1,4,2024-02-16,2024,False
manual_000638,manual,False,,d633142cdc70d207bbbe68de035a18a28c491ebd,decision_key_rate,statement,Заявление Председателя Банка России Эльвиры Набиуллиной по итогам заседания Совета директоров Банка России 16 февраля 2024 года,16.02.2024,"И конечно, мы сейчас не рассматриваем вопрос инвестирования в нерезервные валюты, это уже будет означать уменьшение, сокращение резервов.",External conditions,Backward-looking,Neutral,7,1,2,2024-02-16,2024,False
manual_000639,manual,False,,d633142cdc70d207bbbe68de035a18a28c491ebd,decision_key_rate,statement,Заявление Председателя Банка России Эльвиры Набиуллиной по итогам заседания Совета директоров Банка России 16 февраля 2024 года,16.02.2024,И еще что касается валюты для международных резервов.,Other,Other,Other,11,2,5,2024-02-16,2024,False
manual_000640,manual,False,,d633142cdc70d207bbbe68de035a18a28c491ebd,decision_key_rate,statement,Заявление Председателя Банка России Эльвиры Набиуллиной по итогам заседания Совета директоров Банка России 16 февраля 2024 года,16.02.2024,"Кроме того, что этот тип валюты должен быть востребован предприятиями и гражданами, конечно, нужно смотреть на ее ликвидность и волатильность.",External conditions,Forward-looking,Neutral,7,0,2,2024-02-16,2024,False
manual_000641,manual,False,,d633142cdc70d207bbbe68de035a18a28c491ebd,decision_key_rate,statement,Заявление Председателя Банка России Эльвиры Набиуллиной по итогам заседания Совета директоров Банка России 16 февраля 2024 года,16.02.2024,"В странах, где высокая инфляция, обесцениваются валюты, и такие валюты обычно не рассматриваются как привлекательный объект для инвестирования золотовалютных резервов.",External conditions,Backward-looking,Risk-highlighting,7,1,3,2024-02-16,2024,False
manual_000642,manual,False,,d633142cdc70d207bbbe68de035a18a28c491ebd,decision_key_rate,statement,Заявление Председателя Банка России Эльвиры Набиуллиной по итогам заседания Совета директоров Банка России 16 февраля 2024 года,16.02.2024,"Поэтому мы считаем, что нынешняя структура отвечает тем задачам, которые стоят перед Центральным банком и перед экономикой.",External conditions,Backward-looking,Confidence-building,7,1,4,2024-02-16,2024,False
manual_000643,manual,False,,d633142cdc70d207bbbe68de035a18a28c491ebd,decision_key_rate,statement,Заявление Председателя Банка России Эльвиры Набиуллиной по итогам заседания Совета директоров Банка России 16 февраля 2024 года,16.02.2024,ВОПРОС (газета «Московский комсомолец»):,Other,Other,Other,11,2,5,2024-02-16,2024,False
manual_000644,manual,False,,d633142cdc70d207bbbe68de035a18a28c491ebd,decision_key_rate,statement,Заявление Председателя Банка России Эльвиры Набиуллиной по итогам заседания Совета директоров Банка России 16 февраля 2024 года,16.02.2024,"Вопрос такой: в последнее время в социальных сетях, телеграм-каналах, в целом в массовом сознании сформировалось убеждение, что курс рубля до выборов Президента будет находиться приблизительно на том уровне, который мы видим: в районе 90–92 рубля за доллар.",Exchange rate,Forward-looking,Neutral,9,0,2,2024-02-16,2024,False
manual_000645,manual,False,,d633142cdc70d207bbbe68de035a18a28c491ebd,decision_key_rate,statement,Заявление Председателя Банка России Эльвиры Набиуллиной по итогам заседания Совета директоров Банка России 16 февраля 2024 года,16.02.2024,"А сразу после этого события власти перестанут принимать какие-либо меры для его стабилизации, и тогда он резко начнет дешеветь, и, возможно, снова мы увидим доллар за 100 и так далее.",Exchange rate,Forward-looking,Risk-highlighting,9,0,3,2024-02-16,2024,False
manual_000646,manual,False,,d633142cdc70d207bbbe68de035a18a28c491ebd,decision_key_rate,statement,Заявление Председателя Банка России Эльвиры Набиуллиной по итогам заседания Совета директоров Банка России 16 февраля 2024 года,16.02.2024,"Может ли Банк России, во-первых, как-то прокомментировать подобные рассуждения?",Other,Other,Other,11,2,5,2024-02-16,2024,False
manual_000647,manual,False,,d633142cdc70d207bbbe68de035a18a28c491ebd,decision_key_rate,statement,Заявление Председателя Банка России Эльвиры Набиуллиной по итогам заседания Совета директоров Банка России 16 февраля 2024 года,16.02.2024,Второе.,Other,Other,Other,11,2,5,2024-02-16,2024,True
manual_000648,manual,False,,d633142cdc70d207bbbe68de035a18a28c491ebd,decision_key_rate,statement,Заявление Председателя Банка России Эльвиры Набиуллиной по итогам заседания Совета директоров Банка России 16 февраля 2024 года,16.02.2024,Планирует ли сам Банк России после 18 марта вводить или снимать какие-либо валютные ограничения?,Exchange rate,Forward-looking,Neutral,9,0,2,2024-02-16,2024,False
manual_000649,manual,False,,d633142cdc70d207bbbe68de035a18a28c491ebd,decision_key_rate,statement,Заявление Председателя Банка России Эльвиры Набиуллиной по итогам заседания Совета директоров Банка России 16 февраля 2024 года,16.02.2024,"И если планирует, то какие?",Other,Other,Other,11,2,5,2024-02-16,2024,False
manual_000650,manual,False,,d633142cdc70d207bbbe68de035a18a28c491ebd,decision_key_rate,statement,Заявление Председателя Банка России Эльвиры Набиуллиной по итогам заседания Совета директоров Банка России 16 февраля 2024 года,16.02.2024,"И какой, по прогнозам регулятора, будет курс рубля к доллару, евро и юаню после 18 марта?",Exchange rate,Forward-looking,Neutral,9,0,2,2024-02-16,2024,False
manual_000651,manual,False,,d633142cdc70d207bbbe68de035a18a28c491ebd,decision_key_rate,statement,Заявление Председателя Банка России Эльвиры Набиуллиной по итогам заседания Совета директоров Банка России 16 февраля 2024 года,16.02.2024,"Есть ли у ЦБ какие-то ожидания на весну этого года, соответственно?",Expectations,Forward-looking,Neutral,4,0,2,2024-02-16,2024,False
manual_000652,manual,False,,d633142cdc70d207bbbe68de035a18a28c491ebd,decision_key_rate,statement,Заявление Председателя Банка России Эльвиры Набиуллиной по итогам заседания Совета директоров Банка России 16 февраля 2024 года,16.02.2024,Поскольку юаневые вклады тоже растут и население накопило юани у себя.,Monetary conditions,Backward-looking,Neutral,2,1,2,2024-02-16,2024,False
manual_000653,manual,False,,d633142cdc70d207bbbe68de035a18a28c491ebd,decision_key_rate,statement,Заявление Председателя Банка России Эльвиры Набиуллиной по итогам заседания Совета директоров Банка России 16 февраля 2024 года,16.02.2024,Э.С. НАБИУЛЛИНА:,Other,Other,Other,11,2,5,2024-02-16,2024,True
manual_000654,manual,False,,d633142cdc70d207bbbe68de035a18a28c491ebd,decision_key_rate,statement,Заявление Председателя Банка России Эльвиры Набиуллиной по итогам заседания Совета директоров Банка России 16 февраля 2024 года,16.02.2024,"У нас, напомню, курс плавающий, и мы не даем прогнозов по валютному курсу.",Exchange rate,Backward-looking,Neutral,9,1,2,2024-02-16,2024,False
manual_000655,manual,False,,d633142cdc70d207bbbe68de035a18a28c491ebd,decision_key_rate,statement,Заявление Председателя Банка России Эльвиры Набиуллиной по итогам заседания Совета директоров Банка России 16 февраля 2024 года,16.02.2024,"Но хочу сказать и обратить на это внимание, что курс рубля, текущий курс рубля складывается под влиянием фундаментальных факторов.",Exchange rate,Backward-looking,Confidence-building,9,1,4,2024-02-16,2024,False
manual_000656,manual,False,,d633142cdc70d207bbbe68de035a18a28c491ebd,decision_key_rate,statement,Заявление Председателя Банка России Эльвиры Набиуллиной по итогам заседания Совета директоров Банка России 16 февраля 2024 года,16.02.2024,"Никаких специальных искусственных факторов, неизвестных искусственных факторов здесь нет.",Exchange rate,Backward-looking,Confidence-building,9,1,4,2024-02-16,2024,False
manual_000657,manual,False,,d633142cdc70d207bbbe68de035a18a28c491ebd,decision_key_rate,statement,Заявление Председателя Банка России Эльвиры Набиуллиной по итогам заседания Совета директоров Банка России 16 февраля 2024 года,16.02.2024,Главное — это влияние нашей денежно-кредитной политики и состояние торгового баланса.,Monetary conditions,Backward-looking,Neutral,2,1,2,2024-02-16,2024,False
manual_000658,manual,False,,d633142cdc70d207bbbe68de035a18a28c491ebd,decision_key_rate,statement,Заявление Председателя Банка России Эльвиры Набиуллиной по итогам заседания Совета директоров Банка России 16 февраля 2024 года,16.02.2024,"Вот это два основных фактора, которые влияют на курс.",Exchange rate,Backward-looking,Neutral,9,1,2,2024-02-16,2024,False
manual_000659,manual,False,,d633142cdc70d207bbbe68de035a18a28c491ebd,decision_key_rate,statement,Заявление Председателя Банка России Эльвиры Набиуллиной по итогам заседания Совета директоров Банка России 16 февраля 2024 года,16.02.2024,И вот за этими объективными факторами нужно следить.,Exchange rate,Forward-looking,Neutral,9,0,2,2024-02-16,2024,False
manual_000660,manual,False,,d633142cdc70d207bbbe68de035a18a28c491ebd,decision_key_rate,statement,Заявление Председателя Банка России Эльвиры Набиуллиной по итогам заседания Совета директоров Банка России 16 февраля 2024 года,16.02.2024,"Возможно, убеждение, что курс сейчас искусственный, навеяно достаточно широко распространенным мнением, что обязательная продажа валютной выручки стала решающим фактором укрепления курса, а потом, если ее отменят, то, соответственно, курс ослабнет.",Exchange rate,Forward-looking,Risk-highlighting,9,0,3,2024-02-16,2024,False
manual_000661,manual,False,,d633142cdc70d207bbbe68de035a18a28c491ebd,decision_key_rate,statement,Заявление Председателя Банка России Эльвиры Набиуллиной по итогам заседания Совета директоров Банка России 16 февраля 2024 года,16.02.2024,"Наш анализ показывает, что основными факторами, которые повлияли на курс рубля, были все-таки улучшение торгового баланса и ужесточение нами денежно-кредитной политики.",Exchange rate,Backward-looking,Confidence-building,9,1,4,2024-02-16,2024,False
manual_000662,manual,False,,d633142cdc70d207bbbe68de035a18a28c491ebd,decision_key_rate,statement,Заявление Председателя Банка России Эльвиры Набиуллиной по итогам заседания Совета директоров Банка России 16 февраля 2024 года,16.02.2024,Именно это вызвало укрепление курса.,Exchange rate,Backward-looking,Confidence-building,9,1,4,2024-02-16,2024,False
manual_000663,manual,False,,d633142cdc70d207bbbe68de035a18a28c491ebd,decision_key_rate,statement,Заявление Председателя Банка России Эльвиры Набиуллиной по итогам заседания Совета директоров Банка России 16 февраля 2024 года,16.02.2024,"Если мы даже посмотрим на обязательную продажу валютной выручки, да, доля продаж валютной выручки в ноябре была высокой — 94%, в декабре — 98%.",Exchange rate,Backward-looking,Neutral,9,1,2,2024-02-16,2024,False
manual_000664,manual,False,,d633142cdc70d207bbbe68de035a18a28c491ebd,decision_key_rate,statement,Заявление Председателя Банка России Эльвиры Набиуллиной по итогам заседания Совета директоров Банка России 16 февраля 2024 года,16.02.2024,"Это выше, чем в летние месяцы.",Exchange rate,Backward-looking,Neutral,9,1,2,2024-02-16,2024,False
manual_000665,manual,False,,d633142cdc70d207bbbe68de035a18a28c491ebd,decision_key_rate,statement,Заявление Председателя Банка России Эльвиры Набиуллиной по итогам заседания Совета директоров Банка России 16 февраля 2024 года,16.02.2024,"Но это сезонное повышение: обычно экспортеры в конце года продают выручку, в том числе для того, чтобы выплатить дивиденды.",External conditions,Backward-looking,Neutral,7,1,2,2024-02-16,2024,False
manual_000666,manual,False,,d633142cdc70d207bbbe68de035a18a28c491ebd,decision_key_rate,statement,Заявление Председателя Банка России Эльвиры Набиуллиной по итогам заседания Совета директоров Банка России 16 февраля 2024 года,16.02.2024,"И если убрать так называемую сверхнормативную продажу, то продажи выручки были на уровне 2022–2023 годов.",Exchange rate,Backward-looking,Neutral,9,1,2,2024-02-16,2024,False
manual_000667,manual,False,,d633142cdc70d207bbbe68de035a18a28c491ebd,decision_key_rate,statement,Заявление Председателя Банка России Эльвиры Набиуллиной по итогам заседания Совета директоров Банка России 16 февраля 2024 года,16.02.2024,"Поэтому, на наш взгляд, основное, еще раз повторю, это действительно фундаментальные факторы.",Exchange rate,Backward-looking,Confidence-building,9,1,4,2024-02-16,2024,False
manual_000668,manual,False,,d633142cdc70d207bbbe68de035a18a28c491ebd,decision_key_rate,statement,Заявление Председателя Банка России Эльвиры Набиуллиной по итогам заседания Совета директоров Банка России 16 февраля 2024 года,16.02.2024,Укрепление курса совпало с двумя моментами: у нас было повышение ключевой ставки с его влиянием и был отскок цен на нефть в августе — сентябре.,Interest rate,Backward-looking,Dovish,1,1,1,2024-02-16,2024,False
manual_000669,manual,False,,d633142cdc70d207bbbe68de035a18a28c491ebd,decision_key_rate,statement,Заявление Председателя Банка России Эльвиры Набиуллиной по итогам заседания Совета директоров Банка России 16 февраля 2024 года,16.02.2024,"Приход валютной выручки идет с лагом 1,5–2 месяца, и это оказало влияние как раз в конце года.",External conditions,Backward-looking,Neutral,7,1,2,2024-02-16,2024,False
manual_000670,manual,False,,d633142cdc70d207bbbe68de035a18a28c491ebd,decision_key_rate,statement,Заявление Председателя Банка России Эльвиры Набиуллиной по итогам заседания Совета директоров Банка России 16 февраля 2024 года,16.02.2024,Это два основных фактора.,Other,Other,Other,11,2,5,2024-02-16,2024,True
manual_000671,manual,False,,d633142cdc70d207bbbe68de035a18a28c491ebd,decision_key_rate,statement,Заявление Председателя Банка России Эльвиры Набиуллиной по итогам заседания Совета директоров Банка России 16 февраля 2024 года,16.02.2024,"Никаких искусственных подпорок сейчас нет, и для каких-то ожиданий того, что эти искусственные подпорки уйдут и что-то с курсом случится, на наш взгляд, нет никаких оснований.",Exchange rate,Forward-looking,Confidence-building,9,0,4,2024-02-16,2024,False
manual_000672,manual,False,,d633142cdc70d207bbbe68de035a18a28c491ebd,decision_key_rate,statement,Заявление Председателя Банка России Эльвиры Набиуллиной по итогам заседания Совета директоров Банка России 16 февраля 2024 года,16.02.2024,ВОПРОС (агентство Bloomberg):,Other,Other,Other,11,2,5,2024-02-16,2024,False
manual_000673,manual,False,,d633142cdc70d207bbbe68de035a18a28c491ebd,decision_key_rate,statement,Заявление Председателя Банка России Эльвиры Набиуллиной по итогам заседания Совета директоров Банка России 16 февраля 2024 года,16.02.2024,"Какова ваша оценка стоимости замороженных активов нерезидентов, денежных средств, бумаг, находящихся на счетах типа «С»?",Financial sector & Macroprudential policy,Backward-looking,Neutral,10,1,2,2024-02-16,2024,False
manual_000674,manual,False,,d633142cdc70d207bbbe68de035a18a28c491ebd,decision_key_rate,statement,Заявление Председателя Банка России Эльвиры Набиуллиной по итогам заседания Совета директоров Банка России 16 февраля 2024 года,16.02.2024,Как эта сумма выросла с момента введения счетов типа «С»?,Financial sector & Macroprudential policy,Backward-looking,Neutral,10,1,2,2024-02-16,2024,False
manual_000675,manual,False,,d633142cdc70d207bbbe68de035a18a28c491ebd,decision_key_rate,statement,Заявление Председателя Банка России Эльвиры Набиуллиной по итогам заседания Совета директоров Банка России 16 февраля 2024 года,16.02.2024,Кто и как управляет этими активами?,Financial sector & Macroprudential policy,Backward-looking,Neutral,10,1,2,2024-02-16,2024,False
manual_000676,manual,False,,d633142cdc70d207bbbe68de035a18a28c491ebd,decision_key_rate,statement,Заявление Председателя Банка России Эльвиры Набиуллиной по итогам заседания Совета директоров Банка России 16 февраля 2024 года,16.02.2024,"И если все-таки будет обмен, хватит ли этих активов со счетов «С» для того, чтобы обменять активы российских инвесторов, зависшие за рубежом?",Financial sector & Macroprudential policy,Forward-looking,Neutral,10,0,2,2024-02-16,2024,False
manual_000677,manual,False,,d633142cdc70d207bbbe68de035a18a28c491ebd,decision_key_rate,statement,Заявление Председателя Банка России Эльвиры Набиуллиной по итогам заседания Совета директоров Банка России 16 февраля 2024 года,16.02.2024,"В случае если ЕС примет решение о конфискации российских активов в Европе, могут ли активы, замороженные на счетах «С», тоже быть конфискованы как ответная мера?",External conditions,Forward-looking,Risk-highlighting,7,0,3,2024-02-16,2024,False
manual_000678,manual,False,,d633142cdc70d207bbbe68de035a18a28c491ebd,decision_key_rate,statement,Заявление Председателя Банка России Эльвиры Набиуллиной по итогам заседания Совета директоров Банка России 16 февраля 2024 года,16.02.2024,Э.С. НАБИУЛЛИНА:,Other,Other,Other,11,2,5,2024-02-16,2024,True
manual_000679,manual,False,,d633142cdc70d207bbbe68de035a18a28c491ebd,decision_key_rate,statement,Заявление Председателя Банка России Эльвиры Набиуллиной по итогам заседания Совета директоров Банка России 16 февраля 2024 года,16.02.2024,"Если говорить о банковских счетах типа «С», то с момента их введения на них постепенно накапливаются средства, преимущественно за счет выплаты дивидендов, купонов, тела долга по облигациям.",Financial sector & Macroprudential policy,Backward-looking,Neutral,10,1,2,2024-02-16,2024,False
manual_000680,manual,False,,d633142cdc70d207bbbe68de035a18a28c491ebd,decision_key_rate,statement,Заявление Председателя Банка России Эльвиры Набиуллиной по итогам заседания Совета директоров Банка России 16 февраля 2024 года,16.02.2024,"И в отношении ценных бумаг, которые ограничены на счетах типа «С», существенных изменений по объемам и структуре сейчас нет.",Financial sector & Macroprudential policy,Backward-looking,Neutral,10,1,2,2024-02-16,2024,False
manual_000681,manual,False,,d633142cdc70d207bbbe68de035a18a28c491ebd,decision_key_rate,statement,Заявление Председателя Банка России Эльвиры Набиуллиной по итогам заседания Совета директоров Банка России 16 февраля 2024 года,16.02.2024,"Основные причины этих изменений могут быть: переоценка этих ценных бумаг, погашения и прочее.",Financial sector & Macroprudential policy,Forward-looking,Neutral,10,0,2,2024-02-16,2024,False
manual_000682,manual,False,,d633142cdc70d207bbbe68de035a18a28c491ebd,decision_key_rate,statement,Заявление Председателя Банка России Эльвиры Набиуллиной по итогам заседания Совета директоров Банка России 16 февраля 2024 года,16.02.2024,Но мы не раскрываем информацию об остатках на счетах типа «С».,Other,Other,Other,11,2,5,2024-02-16,2024,False
manual_000683,manual,False,,d633142cdc70d207bbbe68de035a18a28c491ebd,decision_key_rate,statement,Заявление Председателя Банка России Эльвиры Набиуллиной по итогам заседания Совета директоров Банка России 16 февраля 2024 года,16.02.2024,"Что касается обмена, вы знаете, и разные механизмы были предложены и могут обсуждаться, но это такое двустороннее добровольное действие.",Financial sector & Macroprudential policy,Forward-looking,Neutral,10,0,2,2024-02-16,2024,False
manual_000684,manual,False,,d633142cdc70d207bbbe68de035a18a28c491ebd,decision_key_rate,statement,Заявление Председателя Банка России Эльвиры Набиуллиной по итогам заседания Совета директоров Банка России 16 февраля 2024 года,16.02.2024,ВОПРОС (проект Invest Future):,Other,Other,Other,11,2,5,2024-02-16,2024,False
manual_000685,manual,False,,d633142cdc70d207bbbe68de035a18a28c491ebd,decision_key_rate,statement,Заявление Председателя Банка России Эльвиры Набиуллиной по итогам заседания Совета директоров Банка России 16 февраля 2024 года,16.02.2024,Первый вопрос касается обязательной продажи валютной выручки экспортерами.,Exchange rate,Backward-looking,Neutral,9,1,2,2024-02-16,2024,False
manual_000686,manual,False,,d633142cdc70d207bbbe68de035a18a28c491ebd,decision_key_rate,statement,Заявление Председателя Банка России Эльвиры Набиуллиной по итогам заседания Совета директоров Банка России 16 февраля 2024 года,16.02.2024,"Если эти меры сохранят, будут ли какие-то серьезные негативные последствия у этого?",Exchange rate,Forward-looking,Risk-highlighting,9,0,3,2024-02-16,2024,False
manual_000687,manual,False,,d633142cdc70d207bbbe68de035a18a28c491ebd,decision_key_rate,statement,Заявление Председателя Банка России Эльвиры Набиуллиной по итогам заседания Совета директоров Банка России 16 февраля 2024 года,16.02.2024,И второй вопрос касается третьего типа ИИС.,Financial sector & Macroprudential policy,Backward-looking,Neutral,10,1,2,2024-02-16,2024,False
manual_000688,manual,False,,d633142cdc70d207bbbe68de035a18a28c491ebd,decision_key_rate,statement,Заявление Председателя Банка России Эльвиры Набиуллиной по итогам заседания Совета директоров Банка России 16 февраля 2024 года,16.02.2024,"Сейчас брокеры уже начали активно открывать счета клиентам, но при этом сам законопроект еще не принят, касаемо поправок в Налоговый кодекс, и, скорее всего, это произойдет только весной.",Financial sector & Macroprudential policy,Forward-looking,Neutral,10,0,2,2024-02-16,2024,False
manual_000689,manual,False,,d633142cdc70d207bbbe68de035a18a28c491ebd,decision_key_rate,statement,Заявление Председателя Банка России Эльвиры Набиуллиной по итогам заседания Совета директоров Банка России 16 февраля 2024 года,16.02.2024,"Стоит ли гражданам, инвесторам ждать, пока эти поправки будут приняты?",Financial sector & Macroprudential policy,Forward-looking,Neutral,10,0,2,2024-02-16,2024,False
manual_000690,manual,False,,d633142cdc70d207bbbe68de035a18a28c491ebd,decision_key_rate,statement,Заявление Председателя Банка России Эльвиры Набиуллиной по итогам заседания Совета директоров Банка России 16 февраля 2024 года,16.02.2024,Э.С. НАБИУЛЛИНА:,Other,Other,Other,11,2,5,2024-02-16,2024,True
manual_000691,manual,False,,d633142cdc70d207bbbe68de035a18a28c491ebd,decision_key_rate,statement,Заявление Председателя Банка России Эльвиры Набиуллиной по итогам заседания Совета директоров Банка России 16 февраля 2024 года,16.02.2024,"Что касается обязательной продажи валютной выручки, то я уже сказала, что там очень ограниченное, на наш взгляд, влияние на курс.",Exchange rate,Backward-looking,Neutral,9,1,2,2024-02-16,2024,False
manual_000692,manual,False,,d633142cdc70d207bbbe68de035a18a28c491ebd,decision_key_rate,statement,Заявление Председателя Банка России Эльвиры Набиуллиной по итогам заседания Совета директоров Банка России 16 февраля 2024 года,16.02.2024,Основное влияние — фундаментальные факторы.,Exchange rate,Backward-looking,Neutral,9,1,2,2024-02-16,2024,False
manual_000693,manual,False,,d633142cdc70d207bbbe68de035a18a28c491ebd,decision_key_rate,statement,Заявление Председателя Банка России Эльвиры Набиуллиной по итогам заседания Совета директоров Банка России 16 февраля 2024 года,16.02.2024,"Но вот такая обязательная продажа валютной выручки, конечно, на наш взгляд, создает дополнительные издержки для компаний, дополнительные сложности при оплате импортных операций, в том числе по закупке оборудования.",Exchange rate,Forward-looking,Risk-highlighting,9,0,3,2024-02-16,2024,False
manual_000694,manual,False,,d633142cdc70d207bbbe68de035a18a28c491ebd,decision_key_rate,statement,Заявление Председателя Банка России Эльвиры Набиуллиной по итогам заседания Совета директоров Банка России 16 февраля 2024 года,16.02.2024,"Потому что эти средства приходится обратно конвертировать в иностранную валюту, осуществлять платежи уже из российской инфраструктуры, которые связаны с усиленным так называемым комплаенс, задержками в платежах.",Exchange rate,Backward-looking,Risk-highlighting,9,1,3,2024-02-16,2024,False
manual_000695,manual,False,,d633142cdc70d207bbbe68de035a18a28c491ebd,decision_key_rate,statement,Заявление Председателя Банка России Эльвиры Набиуллиной по итогам заседания Совета директоров Банка России 16 февраля 2024 года,16.02.2024,"Не говоря уже о нагрузке на администрирование, выполнение требований по обязательной продаже.",Exchange rate,Backward-looking,Risk-highlighting,9,1,3,2024-02-16,2024,False
manual_000696,manual,False,,d633142cdc70d207bbbe68de035a18a28c491ebd,decision_key_rate,statement,Заявление Председателя Банка России Эльвиры Набиуллиной по итогам заседания Совета директоров Банка России 16 февраля 2024 года,16.02.2024,"Поэтому мы действительно видим здесь и такие издержки, связанные с этой мерой.",Exchange rate,Backward-looking,Risk-highlighting,9,1,3,2024-02-16,2024,False
manual_000697,manual,False,,d633142cdc70d207bbbe68de035a18a28c491ebd,decision_key_rate,statement,Заявление Председателя Банка России Эльвиры Набиуллиной по итогам заседания Совета директоров Банка России 16 февраля 2024 года,16.02.2024,"Что касается ИИС-3, вы правы, граждане уже могут открывать ИИС-3, и планируются действительно налоговые льготы, налоговый вычет.",Financial sector & Macroprudential policy,Forward-looking,Neutral,10,0,2,2024-02-16,2024,False
manual_000698,manual,False,,d633142cdc70d207bbbe68de035a18a28c491ebd,decision_key_rate,statement,Заявление Председателя Банка России Эльвиры Набиуллиной по итогам заседания Совета директоров Банка России 16 февраля 2024 года,16.02.2024,"Сейчас закон такой обсуждается, но он не принят.",Financial sector & Macroprudential policy,Backward-looking,Neutral,10,1,2,2024-02-16,2024,False
manual_000699,manual,False,,d633142cdc70d207bbbe68de035a18a28c491ebd,decision_key_rate,statement,Заявление Председателя Банка России Эльвиры Набиуллиной по итогам заседания Совета директоров Банка России 16 февраля 2024 года,16.02.2024,"Мы надеемся, что он будет принят в ближайшее время, и работаем над этим с нашими коллегами из Правительства.",Financial sector & Macroprudential policy,Forward-looking,Confidence-building,10,0,4,2024-02-16,2024,False
manual_000700,manual,False,,d633142cdc70d207bbbe68de035a18a28c491ebd,decision_key_rate,statement,Заявление Председателя Банка России Эльвиры Набиуллиной по итогам заседания Совета директоров Банка России 16 февраля 2024 года,16.02.2024,"И рассчитываем, что этот налоговый вычет будет распространяться на ИИС, открытые с 1 января 2024 года.",Financial sector & Macroprudential policy,Forward-looking,Confidence-building,10,0,4,2024-02-16,2024,False
manual_000701,manual,False,,d633142cdc70d207bbbe68de035a18a28c491ebd,decision_key_rate,statement,Заявление Председателя Банка России Эльвиры Набиуллиной по итогам заседания Совета директоров Банка России 16 февраля 2024 года,16.02.2024,"Но это решение пока не принято, это за законодателем.",Other,Other,Other,11,2,5,2024-02-16,2024,False
manual_000702,manual,False,,d633142cdc70d207bbbe68de035a18a28c491ebd,decision_key_rate,statement,Заявление Председателя Банка России Эльвиры Набиуллиной по итогам заседания Совета директоров Банка России 16 февраля 2024 года,16.02.2024,"Поэтому мы рекомендовали брокерам, которые открывают ИИС-3, чтобы предупреждали граждан об этой ситуации, что такой налоговый вычет возможен, но пока закон не принят, чтобы это делалось с открытыми глазами.",Financial sector & Macroprudential policy,Forward-looking,Risk-highlighting,10,0,3,2024-02-16,2024,False
manual_000703,manual,False,,d633142cdc70d207bbbe68de035a18a28c491ebd,decision_key_rate,statement,Заявление Председателя Банка России Эльвиры Набиуллиной по итогам заседания Совета директоров Банка России 16 февраля 2024 года,16.02.2024,ВОПРОС (газета «Коммерсант»):,Other,Other,Other,11,2,5,2024-02-16,2024,False
manual_000704,manual,False,,d633142cdc70d207bbbe68de035a18a28c491ebd,decision_key_rate,statement,Заявление Председателя Банка России Эльвиры Набиуллиной по итогам заседания Совета директоров Банка России 16 февраля 2024 года,16.02.2024,Вдогонку про валютную выручку.,Other,Other,Other,11,2,5,2024-02-16,2024,False
manual_000705,manual,False,,d633142cdc70d207bbbe68de035a18a28c491ebd,decision_key_rate,statement,Заявление Председателя Банка России Эльвиры Набиуллиной по итогам заседания Совета директоров Банка России 16 февраля 2024 года,16.02.2024,"Можно ли говорить о том, что осенью, фактически в конце года, это требование и его выполнение привело к переукреплению рубля и к тому, что у нас условно несколько вырос импорт относительно сценария, когда требования бы не было.",Exchange rate,Backward-looking,Neutral,9,1,2,2024-02-16,2024,False
manual_000706,manual,False,,d633142cdc70d207bbbe68de035a18a28c491ebd,decision_key_rate,statement,Заявление Председателя Банка России Эльвиры Набиуллиной по итогам заседания Совета директоров Банка России 16 февраля 2024 года,16.02.2024,И второй вопрос по деятельности Народного банка Китая.,External conditions,Backward-looking,Neutral,7,1,2,2024-02-16,2024,False
manual_000707,manual,False,,d633142cdc70d207bbbe68de035a18a28c491ebd,decision_key_rate,statement,Заявление Председателя Банка России Эльвиры Набиуллиной по итогам заседания Совета директоров Банка России 16 февраля 2024 года,16.02.2024,Политика Банка Китая и вообще властей Китая становится более активной в условиях замедления роста экономики.,External conditions,Backward-looking,Neutral,7,1,2,2024-02-16,2024,False
manual_000708,manual,False,,d633142cdc70d207bbbe68de035a18a28c491ebd,decision_key_rate,statement,Заявление Председателя Банка России Эльвиры Набиуллиной по итогам заседания Совета директоров Банка России 16 февраля 2024 года,16.02.2024,"На какие каналы влияния вы вообще смотрите, если считаете это необходимым?",External conditions,Backward-looking,Neutral,7,1,2,2024-02-16,2024,False
manual_000709,manual,False,,d633142cdc70d207bbbe68de035a18a28c491ebd,decision_key_rate,statement,Заявление Председателя Банка России Эльвиры Набиуллиной по итогам заседания Совета директоров Банка России 16 февраля 2024 года,16.02.2024,Э.С. НАБИУЛЛИНА:,Other,Other,Other,11,2,5,2024-02-16,2024,True
manual_000710,manual,False,,d633142cdc70d207bbbe68de035a18a28c491ebd,decision_key_rate,statement,Заявление Председателя Банка России Эльвиры Набиуллиной по итогам заседания Совета директоров Банка России 16 февраля 2024 года,16.02.2024,"Что касается влияния обязательной продажи валютной выручки в сторону укрепления, на наш взгляд, это незначимый фактор.",Exchange rate,Backward-looking,Neutral,9,1,2,2024-02-16,2024,False
manual_000711,manual,False,,d633142cdc70d207bbbe68de035a18a28c491ebd,decision_key_rate,statement,Заявление Председателя Банка России Эльвиры Набиуллиной по итогам заседания Совета директоров Банка России 16 февраля 2024 года,16.02.2024,"Как я уже говорила, на наш взгляд, это оказало слабое влияние на динамику курса.",Exchange rate,Backward-looking,Neutral,9,1,2,2024-02-16,2024,False
manual_000712,manual,False,,d633142cdc70d207bbbe68de035a18a28c491ebd,decision_key_rate,statement,Заявление Председателя Банка России Эльвиры Набиуллиной по итогам заседания Совета директоров Банка России 16 февраля 2024 года,16.02.2024,"Основное было связано с торговым балансом и с нашей денежно-кредитной политикой — это привело к укреплению курса, потому что стал менее выгоден импорт, а от экспорта у нас в силу лучшей конъюнктуры пришли дополнительные доходы, это было основным фактором.",External conditions,Backward-looking,Neutral,7,1,2,2024-02-16,2024,False
manual_000713,manual,False,,d633142cdc70d207bbbe68de035a18a28c491ebd,decision_key_rate,statement,Заявление Председателя Банка России Эльвиры Набиуллиной по итогам заседания Совета директоров Банка России 16 февраля 2024 года,16.02.2024,"Что касается Китая, роли юаня в расчетах, тут я уже сказала, что доля китайской валюты и в расчетах, и в финансовых операциях, и в депозитах выросла, существенно выросла.",External conditions,Backward-looking,Neutral,7,1,2,2024-02-16,2024,False
manual_000714,manual,False,,d633142cdc70d207bbbe68de035a18a28c491ebd,decision_key_rate,statement,Заявление Председателя Банка России Эльвиры Набиуллиной по итогам заседания Совета директоров Банка России 16 февраля 2024 года,16.02.2024,"И конечно, это делает юань более важной валютой для российской экономики.",External conditions,Backward-looking,Neutral,7,1,2,2024-02-16,2024,False
manual_000715,manual,False,,d633142cdc70d207bbbe68de035a18a28c491ebd,decision_key_rate,statement,Заявление Председателя Банка России Эльвиры Набиуллиной по итогам заседания Совета директоров Банка России 16 февраля 2024 года,16.02.2024,"И одновременно произошло не только увеличение доли расчетов и финансовых операций, но и в целом увеличилась доля Китая в нашей внешней торговле — и в экспорте, и в импорте.",External conditions,Backward-looking,Neutral,7,1,2,2024-02-16,2024,False
manual_000716,manual,False,,d633142cdc70d207bbbe68de035a18a28c491ebd,decision_key_rate,statement,Заявление Председателя Банка России Эльвиры Набиуллиной по итогам заседания Совета директоров Банка России 16 февраля 2024 года,16.02.2024,"И эти более тесные связи означают, что тенденции в китайской экономике, динамика ее национальной валюты по отношению к другим мировым валютам оказывают более значимое влияние на экономику России, чем это было, например, до 2022 года.",External conditions,Backward-looking,Neutral,7,1,2,2024-02-16,2024,False
manual_000717,manual,False,,d633142cdc70d207bbbe68de035a18a28c491ebd,decision_key_rate,statement,Заявление Председателя Банка России Эльвиры Набиуллиной по итогам заседания Совета директоров Банка России 16 февраля 2024 года,16.02.2024,"Но это влияние, на наш взгляд, реализуется прежде всего через торговые каналы, нежели чем через финансовые потоки, так как и наш финансовый рынок имеет некоторые ограничения, и внутренний финансовый рынок Китая, на который в первую очередь влияют действия Народного банка Китая, имеет ограничения на движение капитала.",External conditions,Backward-looking,Neutral,7,1,2,2024-02-16,2024,False
manual_000718,manual,False,,d633142cdc70d207bbbe68de035a18a28c491ebd,decision_key_rate,statement,Заявление Председателя Банка России Эльвиры Набиуллиной по итогам заседания Совета директоров Банка России 16 февраля 2024 года,16.02.2024,"Поэтому, например, о влиянии, подобном тому, которое было через доллары, евро от политики ФРС и ЕЦБ, говорить невозможно, то есть оно гораздо меньше.",External conditions,Backward-looking,Neutral,7,1,2,2024-02-16,2024,False
manual_000719,manual,False,,d633142cdc70d207bbbe68de035a18a28c491ebd,decision_key_rate,statement,Заявление Председателя Банка России Эльвиры Набиуллиной по итогам заседания Совета директоров Банка России 16 февраля 2024 года,16.02.2024,"Но конечно, в той мере, в которой действия Центрального банка Китая влияют на экономическую деятельность Китая в целом, действия, которые будут связаны со спросом на товары нашего экспорта, влияние есть — на покупательную способность, на обменный курс, и мы, конечно, все это анализируем при принятии решений.",External conditions,Backward-looking,Neutral,7,1,2,2024-02-16,2024,False
manual_000720,manual,False,,d633142cdc70d207bbbe68de035a18a28c491ebd,decision_key_rate,statement,Заявление Председателя Банка России Эльвиры Набиуллиной по итогам заседания Совета директоров Банка России 16 февраля 2024 года,16.02.2024,ВОПРОС (блог Anna_finance):,Other,Other,Other,11,2,5,2024-02-16,2024,False
manual_000721,manual,False,,d633142cdc70d207bbbe68de035a18a28c491ebd,decision_key_rate,statement,Заявление Председателя Банка России Эльвиры Набиуллиной по итогам заседания Совета директоров Банка России 16 февраля 2024 года,16.02.2024,"В Госдуме готовится ко второму чтению законопроект, который предполагает ограничение применения плавающих ставок в потребительском кредитовании.",Credit,Forward-looking,Neutral,3,0,2,2024-02-16,2024,False
manual_000722,manual,False,,d633142cdc70d207bbbe68de035a18a28c491ebd,decision_key_rate,statement,Заявление Председателя Банка России Эльвиры Набиуллиной по итогам заседания Совета директоров Банка России 16 февраля 2024 года,16.02.2024,"И он же предполагает, что банки должны будут в случае изменений ставки предупредить заемщика заранее.",Credit,Forward-looking,Neutral,3,0,2,2024-02-16,2024,False
manual_000723,manual,False,,d633142cdc70d207bbbe68de035a18a28c491ebd,decision_key_rate,statement,Заявление Председателя Банка России Эльвиры Набиуллиной по итогам заседания Совета директоров Банка России 16 февраля 2024 года,16.02.2024,"При этом банки выступили против ограничений на плавающие ставки, так как это может привести к их убыткам.",Credit,Forward-looking,Risk-highlighting,3,0,3,2024-02-16,2024,False
manual_000724,manual,False,,d633142cdc70d207bbbe68de035a18a28c491ebd,decision_key_rate,statement,Заявление Председателя Банка России Эльвиры Набиуллиной по итогам заседания Совета директоров Банка России 16 февраля 2024 года,16.02.2024,Вопрос: какое мнение Банка России насчет в целом целесообразности возможности применения для некоторых видов потребительских кредитов плавающей ставки?,Credit,Forward-looking,Neutral,3,0,2,2024-02-16,2024,False
manual_000725,manual,False,,d633142cdc70d207bbbe68de035a18a28c491ebd,decision_key_rate,statement,Заявление Председателя Банка России Эльвиры Набиуллиной по итогам заседания Совета директоров Банка России 16 февраля 2024 года,16.02.2024,"И что думает Центральный банк, когда коммерческие банки выступают против введения запретов на применение плавающих ставок при потребкредитовании?",Credit,Forward-looking,Neutral,3,0,2,2024-02-16,2024,False
manual_000726,manual,False,,d633142cdc70d207bbbe68de035a18a28c491ebd,decision_key_rate,statement,Заявление Председателя Банка России Эльвиры Набиуллиной по итогам заседания Совета директоров Банка России 16 февраля 2024 года,16.02.2024,Э.С. НАБИУЛЛИНА:,Other,Other,Other,11,2,5,2024-02-16,2024,True
manual_000727,manual,False,,d633142cdc70d207bbbe68de035a18a28c491ebd,decision_key_rate,statement,Заявление Председателя Банка России Эльвиры Набиуллиной по итогам заседания Совета директоров Банка России 16 февраля 2024 года,16.02.2024,В данной ситуации эта наша инициатива — ограничить применение плавающих ставок для потребительского кредитования — связана с защитой прав клиентов банков.,Credit,Forward-looking,Confidence-building,3,0,4,2024-02-16,2024,False
manual_000728,manual,False,,d633142cdc70d207bbbe68de035a18a28c491ebd,decision_key_rate,statement,Заявление Председателя Банка России Эльвиры Набиуллиной по итогам заседания Совета директоров Банка России 16 февраля 2024 года,16.02.2024,"И может быть, действительно, банки не всегда поддерживают наши инициативы, которые связаны с защитой клиентов банков.",Financial sector & Macroprudential policy,Backward-looking,Neutral,10,1,2,2024-02-16,2024,False
manual_000729,manual,False,,d633142cdc70d207bbbe68de035a18a28c491ebd,decision_key_rate,statement,Заявление Председателя Банка России Эльвиры Набиуллиной по итогам заседания Совета директоров Банка России 16 февраля 2024 года,16.02.2024,"Надо сказать, что у нас сейчас пока плавающие ставки для физических лиц не распространены, в основном это для юридических лиц, у них есть штат, они могут оценивать процентные риски, риски изменения ставок.",Credit,Backward-looking,Neutral,3,1,2,2024-02-16,2024,False
manual_000730,manual,False,,d633142cdc70d207bbbe68de035a18a28c491ebd,decision_key_rate,statement,Заявление Председателя Банка России Эльвиры Набиуллиной по итогам заседания Совета директоров Банка России 16 февраля 2024 года,16.02.2024,Обычный гражданин вряд ли может полностью оценить последствия изменения плавающей ставки.,Credit,Forward-looking,Risk-highlighting,3,0,3,2024-02-16,2024,False
manual_000731,manual,False,,d633142cdc70d207bbbe68de035a18a28c491ebd,decision_key_rate,statement,Заявление Председателя Банка России Эльвиры Набиуллиной по итогам заседания Совета директоров Банка России 16 февраля 2024 года,16.02.2024,"Он может взять под нынешнюю низкую ставку, предполагая, что она будет длительное время такая, и подписать договор, по которому будет платить по повышенной ставке, если ставка поднимается высоко.",Credit,Forward-looking,Risk-highlighting,3,0,3,2024-02-16,2024,False
manual_000732,manual,False,,d633142cdc70d207bbbe68de035a18a28c491ebd,decision_key_rate,statement,Заявление Председателя Банка России Эльвиры Набиуллиной по итогам заседания Совета директоров Банка России 16 февраля 2024 года,16.02.2024,Мы внимательно анализируем международный опыт.,Other,Other,Other,11,2,5,2024-02-16,2024,False
manual_000733,manual,False,,d633142cdc70d207bbbe68de035a18a28c491ebd,decision_key_rate,statement,Заявление Председателя Банка России Эльвиры Набиуллиной по итогам заседания Совета директоров Банка России 16 февраля 2024 года,16.02.2024,"Если и есть в других странах плавающие ставки для граждан, то вводятся границы «плавания», то есть до какого уровня можно вводить.",Credit,Backward-looking,Neutral,3,1,2,2024-02-16,2024,False
manual_000734,manual,False,,d633142cdc70d207bbbe68de035a18a28c491ebd,decision_key_rate,statement,Заявление Председателя Банка России Эльвиры Набиуллиной по итогам заседания Совета директоров Банка России 16 февраля 2024 года,16.02.2024,"И поэтому мы предлагаем ограничить максимальный рост ставок — не более чем на одну треть или не более чем на 4 процентных пункта, то, что граждане с их финансовым состоянием могут выдержать.",Credit,Forward-looking,Confidence-building,3,0,4,2024-02-16,2024,False
manual_000735,manual,False,,d633142cdc70d207bbbe68de035a18a28c491ebd,decision_key_rate,statement,Заявление Председателя Банка России Эльвиры Набиуллиной по итогам заседания Совета директоров Банка России 16 февраля 2024 года,16.02.2024,"И кстати, банки часто плавающие ставки (мы помним дискуссии) начинали предлагать в преддверии повышения ставок для того, чтобы дать гражданам кредиты по низким ставкам, а потом перенести на них процентный риск.",Credit,Backward-looking,Risk-highlighting,3,1,3,2024-02-16,2024,False
manual_000736,manual,False,,d633142cdc70d207bbbe68de035a18a28c491ebd,decision_key_rate,statement,Заявление Председателя Банка России Эльвиры Набиуллиной по итогам заседания Совета директоров Банка России 16 февраля 2024 года,16.02.2024,"Поэтому мы считаем, обязательно нужно вводить это регулирование, может быть, где-то превентивно, чтобы это не развивалось.",Credit,Forward-looking,Confidence-building,3,0,4,2024-02-16,2024,False
manual_000737,manual,False,,d633142cdc70d207bbbe68de035a18a28c491ebd,decision_key_rate,statement,Заявление Председателя Банка России Эльвиры Набиуллиной по итогам заседания Совета директоров Банка России 16 февраля 2024 года,16.02.2024,"И конечно, нужно людей заранее предупреждать — 5 дней, как предлагают банки, это достаточно мало, можно и больше.",Credit,Forward-looking,Confidence-building,3,0,4,2024-02-16,2024,False
manual_000738,manual,False,,d633142cdc70d207bbbe68de035a18a28c491ebd,decision_key_rate,statement,Заявление Председателя Банка России Эльвиры Набиуллиной по итогам заседания Совета директоров Банка России 16 февраля 2024 года,16.02.2024,"Может быть, посмотреть, и возможность плавающих ставок ввести для состоятельных клиентов, очень состоятельных заемщиков, у которых высокие доходы, если они хотят взять на себя процентный риск.",Credit,Forward-looking,Neutral,3,0,2,2024-02-16,2024,False
manual_000739,manual,False,,d633142cdc70d207bbbe68de035a18a28c491ebd,decision_key_rate,statement,Заявление Председателя Банка России Эльвиры Набиуллиной по итогам заседания Совета директоров Банка России 16 февраля 2024 года,16.02.2024,"Может быть, им можно позволить.",Credit,Forward-looking,Neutral,3,0,2,2024-02-16,2024,False
manual_000740,manual,False,,d633142cdc70d207bbbe68de035a18a28c491ebd,decision_key_rate,statement,Заявление Председателя Банка России Эльвиры Набиуллиной по итогам заседания Совета директоров Банка России 16 февраля 2024 года,16.02.2024,"Но для большинства граждан, на мой взгляд, нужно вводить ограничения.",Credit,Forward-looking,Confidence-building,3,0,4,2024-02-16,2024,False
manual_000741,manual,False,,d633142cdc70d207bbbe68de035a18a28c491ebd,decision_key_rate,statement,Заявление Председателя Банка России Эльвиры Набиуллиной по итогам заседания Совета директоров Банка России 16 февраля 2024 года,16.02.2024,ВОПРОС (телеканал CGTN):,Other,Other,Other,11,2,5,2024-02-16,2024,True
manual_000742,manual,False,,d633142cdc70d207bbbe68de035a18a28c491ebd,decision_key_rate,statement,Заявление Председателя Банка России Эльвиры Набиуллиной по итогам заседания Совета директоров Банка России 16 февраля 2024 года,16.02.2024,"Поступала ли вам какая-то мощная реакция, назовем ее такой, от регуляторов из других стран относительно планов ЕС по активам российским?",External conditions,Backward-looking,Risk-highlighting,7,1,3,2024-02-16,2024,False
manual_000743,manual,False,,d633142cdc70d207bbbe68de035a18a28c491ebd,decision_key_rate,statement,Заявление Председателя Банка России Эльвиры Набиуллиной по итогам заседания Совета директоров Банка России 16 февраля 2024 года,16.02.2024,"Сам вопрос не такой новый, это практически полгода обсуждалось, а то и больше.",External conditions,Backward-looking,Neutral,7,1,2,2024-02-16,2024,False
manual_000744,manual,False,,d633142cdc70d207bbbe68de035a18a28c491ebd,decision_key_rate,statement,Заявление Председателя Банка России Эльвиры Набиуллиной по итогам заседания Совета директоров Банка России 16 февраля 2024 года,16.02.2024,"Замечает ли Банк России, что сейчас регуляторы в других странах принимают уже какие-то конкретные меры, потому что доверие к западной финансовой системе, очевидно, в некой степени подорвано?",External conditions,Backward-looking,Risk-highlighting,7,1,3,2024-02-16,2024,False
manual_000745,manual,False,,d633142cdc70d207bbbe68de035a18a28c491ebd,decision_key_rate,statement,Заявление Председателя Банка России Эльвиры Набиуллиной по итогам заседания Совета директоров Банка России 16 февраля 2024 года,16.02.2024,Э.С. НАБИУЛЛИНА:,Other,Other,Other,11,2,5,2024-02-16,2024,True
manual_000746,manual,False,,d633142cdc70d207bbbe68de035a18a28c491ebd,decision_key_rate,statement,Заявление Председателя Банка России Эльвиры Набиуллиной по итогам заседания Совета директоров Банка России 16 февраля 2024 года,16.02.2024,"Наверное, мощных сигналов от стран, которые стараются заморозить наши активы, мы не получали, но получаем сигналы от регуляторов, от стран, с которыми мы сохраняем отношения — и торговые, и финансовые.",External conditions,Backward-looking,Neutral,7,1,2,2024-02-16,2024,False
manual_000747,manual,False,,d633142cdc70d207bbbe68de035a18a28c491ebd,decision_key_rate,statement,Заявление Председателя Банка России Эльвиры Набиуллиной по итогам заседания Совета директоров Банка России 16 февраля 2024 года,16.02.2024,"Мы видим, что появляется гораздо больше интереса к диверсификации активов, к созданию альтернативных систем расчетов и так далее.",External conditions,Backward-looking,Neutral,7,1,2,2024-02-16,2024,False
manual_000748,manual,False,,d633142cdc70d207bbbe68de035a18a28c491ebd,decision_key_rate,statement,Заявление Председателя Банка России Эльвиры Набиуллиной по итогам заседания Совета директоров Банка России 16 февраля 2024 года,16.02.2024,"И мне кажется, это абсолютно естественная реакция на такие риски конфискации резервов.",External conditions,Backward-looking,Risk-highlighting,7,1,3,2024-02-16,2024,False
manual_000749,manual,False,,d633142cdc70d207bbbe68de035a18a28c491ebd,decision_key_rate,statement,Заявление Председателя Банка России Эльвиры Набиуллиной по итогам заседания Совета директоров Банка России 16 февраля 2024 года,16.02.2024,"Я убеждена, что это будет происходить со многими странами, будут стараться диверсифицировать.",External conditions,Forward-looking,Neutral,7,0,2,2024-02-16,2024,False
manual_000750,manual,False,,d633142cdc70d207bbbe68de035a18a28c491ebd,decision_key_rate,statement,Заявление Председателя Банка России Эльвиры Набиуллиной по итогам заседания Совета директоров Банка России 16 февраля 2024 года,16.02.2024,"Это будет происходить не сразу, потому что доля и роль доллара большая в мировой экономике, но это будет постепенно происходить.",External conditions,Forward-looking,Neutral,7,0,2,2024-02-16,2024,False
manual_000751,manual,False,,d633142cdc70d207bbbe68de035a18a28c491ebd,decision_key_rate,statement,Заявление Председателя Банка России Эльвиры Набиуллиной по итогам заседания Совета директоров Банка России 16 февраля 2024 года,16.02.2024,Спасибо за внимание!,Other,Other,Other,11,2,5,2024-02-16,2024,True
manual_000752,manual,False,,8d7a5536dd562917cd7c40ba33c840a08fef8eb1,mp_decisions,press_release,О ключевой ставке Банка России,30 января 2015 г,О ключевой ставке Банка России.,Interest rate,Other,Other,1,2,5,2015-01-30,2015,True
manual_000753,manual,False,,8d7a5536dd562917cd7c40ba33c840a08fef8eb1,mp_decisions,press_release,О ключевой ставке Банка России,30 января 2015 г,"Совет директоров Банка России 30 января 2015 года принял решение снизить ключевую ставку c 17,00% до 15,00% годовых, учитывая изменение баланса рисков ускорения роста потребительских цен и охлаждения экономики.",Interest rate,Backward-looking,Dovish,1,1,1,2015-01-30,2015,False
manual_000754,manual,False,,8d7a5536dd562917cd7c40ba33c840a08fef8eb1,mp_decisions,press_release,О ключевой ставке Банка России,30 января 2015 г,"Принятое 15 декабря 2014 года Банком России решение о резком повышении ключевой ставки привело к стабилизации инфляционных и девальвационных ожиданий в той мере, в какой рассчитывал Банк России.",Interest rate,Backward-looking,Confidence-building,1,1,4,2015-01-30,2015,False
manual_000755,manual,False,,8d7a5536dd562917cd7c40ba33c840a08fef8eb1,mp_decisions,press_release,О ключевой ставке Банка России,30 января 2015 г,Наблюдаемый всплеск инфляции вызван ускоренной подстройкой цен к произошедшему ослаблению рубля и носит ограниченный во времени характер.,Inflation,Backward-looking,Hawkish,0,1,0,2015-01-30,2015,False
manual_000756,manual,False,,8d7a5536dd562917cd7c40ba33c840a08fef8eb1,mp_decisions,press_release,О ключевой ставке Банка России,30 января 2015 г,В дальнейшем инфляционное давление будет сдерживаться снижением экономической активности.,Inflation,Forward-looking,Dovish,0,0,1,2015-01-30,2015,False
manual_000757,manual,False,,8d7a5536dd562917cd7c40ba33c840a08fef8eb1,mp_decisions,press_release,О ключевой ставке Банка России,30 января 2015 г,"По прогнозу Банка России, темп прироста потребительских цен снизится до уровня ниже 10% в январе 2016 года.",Inflation,Forward-looking,Dovish,0,0,1,2015-01-30,2015,False
manual_000758,manual,False,,8d7a5536dd562917cd7c40ba33c840a08fef8eb1,mp_decisions,press_release,О ключевой ставке Банка России,30 января 2015 г,"По итогам 2014 года инфляция составила 11,4%, базовая инфляция — 11,2%.",Inflation,Backward-looking,Hawkish,0,1,0,2015-01-30,2015,False
manual_000759,manual,False,,8d7a5536dd562917cd7c40ba33c840a08fef8eb1,mp_decisions,press_release,О ключевой ставке Банка России,30 января 2015 г,"При этом в декабре 2014 года темп прироста потребительских цен за месяц составил 2,6% на фоне значительного ослабления рубля, роста инфляционных ожиданий и повышенного потребительского спроса на непродовольственные товары.",Inflation,Backward-looking,Hawkish,0,1,0,2015-01-30,2015,False
manual_000760,manual,False,,8d7a5536dd562917cd7c40ba33c840a08fef8eb1,mp_decisions,press_release,О ключевой ставке Банка России,30 января 2015 г,"По состоянию на 26 января годовой темп прироста потребительских цен составил 13,1%.",Inflation,Backward-looking,Hawkish,0,1,0,2015-01-30,2015,False
manual_000761,manual,False,,8d7a5536dd562917cd7c40ba33c840a08fef8eb1,mp_decisions,press_release,О ключевой ставке Банка России,30 января 2015 г,"По оценке Банка России, в январе 2015 года темп прироста потребительских цен за месяц несколько снизится, однако годовая инфляция продолжит расти и достигнет пика во II квартале 2015 года.",Inflation,Forward-looking,Hawkish,0,0,0,2015-01-30,2015,False
manual_000762,manual,False,,8d7a5536dd562917cd7c40ba33c840a08fef8eb1,mp_decisions,press_release,О ключевой ставке Банка России,30 января 2015 г,Сложившиеся денежно-кредитные условия создают предпосылки к снижению инфляции в среднесрочной перспективе.,Monetary conditions,Forward-looking,Dovish,2,0,1,2015-01-30,2015,False
manual_000763,manual,False,,8d7a5536dd562917cd7c40ba33c840a08fef8eb1,mp_decisions,press_release,О ключевой ставке Банка России,30 января 2015 г,Годовые темпы прироста денежной массы (М2) значительно снизились.,Monetary conditions,Backward-looking,Dovish,2,1,1,2015-01-30,2015,False
manual_000764,manual,False,,8d7a5536dd562917cd7c40ba33c840a08fef8eb1,mp_decisions,press_release,О ключевой ставке Банка России,30 января 2015 г,"Ставки по депозитам населения существенно выросли, что будет формировать условия для увеличения склонности к сбережению и стимулировать приток средств на банковские вклады.",Monetary conditions,Forward-looking,Neutral,2,0,2,2015-01-30,2015,False
manual_000765,manual,False,,8d7a5536dd562917cd7c40ba33c840a08fef8eb1,mp_decisions,press_release,О ключевой ставке Банка России,30 января 2015 г,На фоне повышения процентных ставок по кредитам и требований банков к качеству заемщиков и обеспечения наблюдалось замедление роста кредитования экономики (с поправкой на валютную переоценку).,Credit,Backward-looking,Dovish,3,1,1,2015-01-30,2015,False
manual_000766,manual,False,,8d7a5536dd562917cd7c40ba33c840a08fef8eb1,mp_decisions,press_release,О ключевой ставке Банка России,30 января 2015 г,"Некоторое повышение экономической активности в декабре 2014 года было обусловлено действием временных факторов, в том числе ростом спроса на товары длительного пользования на фоне увеличения инфляционных ожиданий, и сопровождалось более быстрым переносом изменения валютного курса на цены.",Expectations,Backward-looking,Hawkish,4,1,0,2015-01-30,2015,False
manual_000767,manual,False,,8d7a5536dd562917cd7c40ba33c840a08fef8eb1,mp_decisions,press_release,О ключевой ставке Банка России,30 января 2015 г,"По оценкам Банка России, годовой темп прироста реального ВВП в 2014 году составил 0,6%.",Economic activity,Backward-looking,Neutral,5,1,2,2015-01-30,2015,False
manual_000768,manual,False,,8d7a5536dd562917cd7c40ba33c840a08fef8eb1,mp_decisions,press_release,О ключевой ставке Банка России,30 января 2015 г,В дальнейшем ожидается существенное сокращение выпуска на фоне ухудшения внешних условий в связи со снижением цен на нефть и закрытием внешних финансовых рынков для российских заемщиков.,External conditions,Forward-looking,Dovish,7,0,1,2015-01-30,2015,False
manual_000769,manual,False,,8d7a5536dd562917cd7c40ba33c840a08fef8eb1,mp_decisions,press_release,О ключевой ставке Банка России,30 января 2015 г,"В условиях высоких цен на импортируемые товары инвестиционного назначения, ухудшения финансовых показателей компаний, сохранения ограниченной доступности долгосрочных финансовых ресурсов и ужесточения условий кредитования продолжится сокращение инвестиций в основной капитал.",External conditions,Forward-looking,Dovish,7,0,1,2015-01-30,2015,False
manual_000770,manual,False,,8d7a5536dd562917cd7c40ba33c840a08fef8eb1,mp_decisions,press_release,О ключевой ставке Банка России,30 января 2015 г,Снижение реальной заработной платы и замедление роста розничного кредитования обусловит снижение потребительской активности.,Labor market,Forward-looking,Dovish,6,0,1,2015-01-30,2015,False
manual_000771,manual,False,,8d7a5536dd562917cd7c40ba33c840a08fef8eb1,mp_decisions,press_release,О ключевой ставке Банка России,30 января 2015 г,Негативный эффект ухудшения внешних условий лишь отчасти будет компенсироваться курсовой динамикой.,External conditions,Forward-looking,Risk-highlighting,7,0,3,2015-01-30,2015,False
manual_000772,manual,False,,8d7a5536dd562917cd7c40ba33c840a08fef8eb1,mp_decisions,press_release,О ключевой ставке Банка России,30 января 2015 г,"По оценкам Банка России, годовой темп прироста ВВП в первом полугодии 2015 года составит (−3,2%).",Economic activity,Forward-looking,Dovish,5,0,1,2015-01-30,2015,False
manual_000773,manual,False,,8d7a5536dd562917cd7c40ba33c840a08fef8eb1,mp_decisions,press_release,О ключевой ставке Банка России,30 января 2015 г,Произошедшее ослабление рубля продолжит оказывать влияние на цены товаров и услуг.,Exchange rate,Forward-looking,Hawkish,9,0,0,2015-01-30,2015,False
manual_000774,manual,False,,8d7a5536dd562917cd7c40ba33c840a08fef8eb1,mp_decisions,press_release,О ключевой ставке Банка России,30 января 2015 г,В связи с этим возможно увеличение годовой инфляции в ближайшие месяцы.,Inflation,Forward-looking,Risk-highlighting,0,0,3,2015-01-30,2015,False
manual_000775,manual,False,,8d7a5536dd562917cd7c40ba33c840a08fef8eb1,mp_decisions,press_release,О ключевой ставке Банка России,30 января 2015 г,Однако по мере постепенной подстройки экономики к изменившимся внешним условиям и исчерпания влияния курсовой динамики на цены прогнозируется снижение инфляции и инфляционных ожиданий.,External conditions,Forward-looking,Dovish,7,0,1,2015-01-30,2015,False
manual_000776,manual,False,,8d7a5536dd562917cd7c40ba33c840a08fef8eb1,mp_decisions,press_release,О ключевой ставке Банка России,30 января 2015 г,"Замедлению роста потребительских цен будет способствовать низкий агрегированный спрос при сохранении совокупного выпуска товаров и услуг ниже потенциального уровня, а также умеренно жесткая политика бюджетных расходов.",Economic activity,Forward-looking,Dovish,5,0,1,2015-01-30,2015,False
manual_000777,manual,False,,8d7a5536dd562917cd7c40ba33c840a08fef8eb1,mp_decisions,press_release,О ключевой ставке Банка России,30 января 2015 г,Ожидается снижение годовой инфляции до уровня ниже 10% в январе 2016 года.,Inflation,Forward-looking,Dovish,0,0,1,2015-01-30,2015,False
manual_000778,manual,False,,8d7a5536dd562917cd7c40ba33c840a08fef8eb1,mp_decisions,press_release,О ключевой ставке Банка России,30 января 2015 г,"Следующее заседание Совета директоров Банка России, на котором будет рассматриваться вопрос об уровне ключевой ставки, запланировано на 13 марта 2015 года.",Interest rate,Forward-looking,Other,1,0,5,2015-01-30,2015,False
manual_000779,manual,False,,8d7a5536dd562917cd7c40ba33c840a08fef8eb1,mp_decisions,press_release,О ключевой ставке Банка России,30 января 2015 г,Время публикации пресс-релиза о решении Совета директоров Банка России — 13:30 по московскому времени.,Other,Other,Other,11,2,5,2015-01-30,2015,True
manual_000780,manual,False,,8d7a5536dd562917cd7c40ba33c840a08fef8eb1,mp_decisions,press_release,О ключевой ставке Банка России,30 января 2015 г,Процентные ставки по основным операциям Банка России 1 (% годовых).,Interest rate,Other,Other,1,2,5,2015-01-30,2015,False
manual_000781,manual,False,,8d7a5536dd562917cd7c40ba33c840a08fef8eb1,mp_decisions,press_release,О ключевой ставке Банка России,30 января 2015 г,1 Информация о ставках по всем операциям Банка России представлена в таблице «Процентные ставки по операциям Банка России».,Other,Other,Other,11,2,5,2015-01-30,2015,False
manual_000782,manual,False,,8d7a5536dd562917cd7c40ba33c840a08fef8eb1,mp_decisions,press_release,О ключевой ставке Банка России,30 января 2015 г,"2 Плавающая процентная ставка, привязанная к уровню ключевой ставки Банка России.",Other,Other,Other,11,2,5,2015-01-30,2015,False
manual_000783,manual,False,,8d7a5536dd562917cd7c40ba33c840a08fef8eb1,mp_decisions,press_release,О ключевой ставке Банка России,30 января 2015 г,3 Операции «тонкой настройки».,Other,Other,Other,11,2,5,2015-01-30,2015,False
manual_000784,manual,False,,8d7a5536dd562917cd7c40ba33c840a08fef8eb1,mp_decisions,press_release,О ключевой ставке Банка России,30 января 2015 г,Информация «О порядке проведения операций „тонкой настройки“».,Other,Other,Other,11,2,5,2015-01-30,2015,False
manual_000785,manual,False,,8d7a5536dd562917cd7c40ba33c840a08fef8eb1,mp_decisions,press_release,О ключевой ставке Банка России,30 января 2015 г,Информация «Об операциях „тонкой настройки“ по абсорбированию ликвидности».,Other,Other,Other,11,2,5,2015-01-30,2015,False
manual_000786,manual,False,,8d7a5536dd562917cd7c40ba33c840a08fef8eb1,mp_decisions,press_release,О ключевой ставке Банка России,30 января 2015 г,При использовании материала ссылка на Пресс-службу Банка России обязательна.,Other,Other,Other,11,2,5,2015-01-30,2015,True
manual_000787,manual,False,,8d7a5536dd562917cd7c40ba33c840a08fef8eb1,mp_decisions,press_release,О ключевой ставке Банка России,30 января 2015 г,30.01.2015 00:00:00,Other,Other,Other,11,2,5,2015-01-30,2015,True
manual_000788,manual,False,,8da5b9da94ba6f807958f030389e9853ba292306,mp_decisions,press_release,"Банк России сохранил ключевую ставку на уровне 11,00% годовых",29 января 2016 г,"Банк России сохранил ключевую ставку на уровне 11,00% годовых.",Interest rate,Backward-looking,Neutral,1,1,2,2016-01-29,2016,False
manual_000789,manual,False,,8da5b9da94ba6f807958f030389e9853ba292306,mp_decisions,press_release,"Банк России сохранил ключевую ставку на уровне 11,00% годовых",29 января 2016 г,"Совет директоров Банка России 29 января 2016 года принял решение сохранить ключевую ставку на уровне 11,00% годовых.",Interest rate,Backward-looking,Neutral,1,1,2,2016-01-29,2016,False
manual_000790,manual,False,,8da5b9da94ba6f807958f030389e9853ba292306,mp_decisions,press_release,"Банк России сохранил ключевую ставку на уровне 11,00% годовых",29 января 2016 г,На фоне новой волны снижения нефтяных цен месячные темпы роста потребительских цен стабилизировались на высоком уровне.,External conditions,Backward-looking,Hawkish,7,1,0,2016-01-29,2016,False
manual_000791,manual,False,,8da5b9da94ba6f807958f030389e9853ba292306,mp_decisions,press_release,"Банк России сохранил ключевую ставку на уровне 11,00% годовых",29 января 2016 г,Повысился риск ускорения инфляции.,Inflation,Forward-looking,Risk-highlighting,0,0,3,2016-01-29,2016,False
manual_000792,manual,False,,8da5b9da94ba6f807958f030389e9853ba292306,mp_decisions,press_release,"Банк России сохранил ключевую ставку на уровне 11,00% годовых",29 января 2016 г,Ухудшение ситуации на мировых сырьевых рынках потребует дальнейшей адаптации российской экономики.,External conditions,Forward-looking,Risk-highlighting,7,0,3,2016-01-29,2016,False
manual_000793,manual,False,,8da5b9da94ba6f807958f030389e9853ba292306,mp_decisions,press_release,"Банк России сохранил ключевую ставку на уровне 11,00% годовых",29 января 2016 г,С учетом принятого решения Банк России прогнозирует снижение годовой инфляции до менее 7% в январе 2017 года и до целевого уровня 4% к концу 2017 года.,Inflation,Forward-looking,Dovish,0,0,1,2016-01-29,2016,False
manual_000794,manual,False,,8da5b9da94ba6f807958f030389e9853ba292306,mp_decisions,press_release,"Банк России сохранил ключевую ставку на уровне 11,00% годовых",29 января 2016 г,В случае усиления инфляционных рисков Банк России не исключает ужесточения денежно-кредитной политики.,Interest rate,Forward-looking,Hawkish,1,0,0,2016-01-29,2016,False
manual_000795,manual,False,,8da5b9da94ba6f807958f030389e9853ba292306,mp_decisions,press_release,"Банк России сохранил ключевую ставку на уровне 11,00% годовых",29 января 2016 г,"За время, прошедшее с декабрьского заседания Совета директоров Банка России, возросли риски для ценовой стабильности.",Inflation,Backward-looking,Risk-highlighting,0,1,3,2016-01-29,2016,False
manual_000796,manual,False,,8da5b9da94ba6f807958f030389e9853ba292306,mp_decisions,press_release,"Банк России сохранил ключевую ставку на уровне 11,00% годовых",29 января 2016 г,"Сохраняющийся избыток предложения на рынке нефти, замедление роста китайской экономики, а также повышение процентной ставки ФРС США привели к еще большему падению нефтяных цен.",External conditions,Backward-looking,Neutral,7,1,2,2016-01-29,2016,False
manual_000797,manual,False,,8da5b9da94ba6f807958f030389e9853ba292306,mp_decisions,press_release,"Банк России сохранил ключевую ставку на уровне 11,00% годовых",29 января 2016 г,"В свою очередь это вызвало ослабление национальных валют и снижение цен финансовых активов стран с формирующимися рынками, в том числе и России.",External conditions,Backward-looking,Neutral,7,1,2,2016-01-29,2016,False
manual_000798,manual,False,,8da5b9da94ba6f807958f030389e9853ba292306,mp_decisions,press_release,"Банк России сохранил ключевую ставку на уровне 11,00% годовых",29 января 2016 г,В связи с возросшей волатильностью цен на нефть увеличилась амплитуда колебаний цен российских финансовых активов и курса рубля.,External conditions,Backward-looking,Risk-highlighting,7,1,3,2016-01-29,2016,False
manual_000799,manual,False,,8da5b9da94ba6f807958f030389e9853ba292306,mp_decisions,press_release,"Банк России сохранил ключевую ставку на уровне 11,00% годовых",29 января 2016 г,"Произошедшее под влиянием падения нефтяных цен ослабление рубля оказывает проинфляционное давление и способствует росту инфляционных ожиданий, несмотря на замедление годовой инфляции.",External conditions,Backward-looking,Hawkish,7,1,0,2016-01-29,2016,False
manual_000800,manual,False,,8da5b9da94ba6f807958f030389e9853ba292306,mp_decisions,press_release,"Банк России сохранил ключевую ставку на уровне 11,00% годовых",29 января 2016 г,"По оценкам Банка России, годовой темп прироста потребительских цен снизится с 12,9% в декабре 2015 года до примерно 10% по итогам января 2016 года.",Inflation,Forward-looking,Dovish,0,0,1,2016-01-29,2016,False
manual_000801,manual,False,,8da5b9da94ba6f807958f030389e9853ba292306,mp_decisions,press_release,"Банк России сохранил ключевую ставку на уровне 11,00% годовых",29 января 2016 г,Такое замедление годовой инфляции соответствует ранее сделанным прогнозам.,Inflation,Backward-looking,Confidence-building,0,1,4,2016-01-29,2016,False
manual_000802,manual,False,,8da5b9da94ba6f807958f030389e9853ba292306,mp_decisions,press_release,"Банк России сохранил ключевую ставку на уровне 11,00% годовых",29 января 2016 г,"Банк России ожидает, что в I квартале 2016 года потребительские цены увеличатся на 8-9% к соответствующему периоду предыдущего года.",Inflation,Forward-looking,Hawkish,0,0,0,2016-01-29,2016,False
manual_000803,manual,False,,8da5b9da94ba6f807958f030389e9853ba292306,mp_decisions,press_release,"Банк России сохранил ключевую ставку на уровне 11,00% годовых",29 января 2016 г,"Существуют риски, что во II квартале 2016 года годовая инфляция ускорится, в том числе из-за эффекта низкой базы.",Inflation,Forward-looking,Risk-highlighting,0,0,3,2016-01-29,2016,False
manual_000804,manual,False,,8da5b9da94ba6f807958f030389e9853ba292306,mp_decisions,press_release,"Банк России сохранил ключевую ставку на уровне 11,00% годовых",29 января 2016 г,В дальнейшем снижение годового темпа прироста потребительских цен возобновится.,Inflation,Forward-looking,Dovish,0,0,1,2016-01-29,2016,False
manual_000805,manual,False,,8da5b9da94ba6f807958f030389e9853ba292306,mp_decisions,press_release,"Банк России сохранил ключевую ставку на уровне 11,00% годовых",29 января 2016 г,Этому также должно способствовать снижение инфляционных ожиданий и денежно-кредитная политика Банка России.,Expectations,Forward-looking,Dovish,4,0,1,2016-01-29,2016,False
manual_000806,manual,False,,8da5b9da94ba6f807958f030389e9853ba292306,mp_decisions,press_release,"Банк России сохранил ключевую ставку на уровне 11,00% годовых",29 января 2016 г,"По прогнозу Банка России, с учетом принятого решения, инфляция снизится до менее 7% в январе 2017 года и до целевого уровня 4% в конце 2017 года.",Inflation,Forward-looking,Dovish,0,0,1,2016-01-29,2016,False
manual_000807,manual,False,,8da5b9da94ba6f807958f030389e9853ba292306,mp_decisions,press_release,"Банк России сохранил ключевую ставку на уровне 11,00% годовых",29 января 2016 г,Однако риски отклонения инфляции от цели в конце 2017 года возросли.,Inflation,Forward-looking,Risk-highlighting,0,0,3,2016-01-29,2016,False
manual_000808,manual,False,,8da5b9da94ba6f807958f030389e9853ba292306,mp_decisions,press_release,"Банк России сохранил ключевую ставку на уровне 11,00% годовых",29 января 2016 г,"При принятии решения по ключевой ставке учитывалась ситуация в экономике, где возросли риски продолжения экономического спада из-за снижения нефтяных цен.",Interest rate,Backward-looking,Neutral,1,1,2,2016-01-29,2016,False
manual_000809,manual,False,,8da5b9da94ba6f807958f030389e9853ba292306,mp_decisions,press_release,"Банк России сохранил ключевую ставку на уровне 11,00% годовых",29 января 2016 г,Также принимались во внимание факторы высокой долговой нагрузки российских компаний и учитывались процентные риски для банков и их заемщиков.,Financial sector & Macroprudential policy,Backward-looking,Risk-highlighting,10,1,3,2016-01-29,2016,False
manual_000810,manual,False,,8da5b9da94ba6f807958f030389e9853ba292306,mp_decisions,press_release,"Банк России сохранил ключевую ставку на уровне 11,00% годовых",29 января 2016 г,"Цены на нефть в 2016-2017 гг., вероятно, окажутся ниже, чем предполагалось ранее в базовом сценарии.",External conditions,Forward-looking,Risk-highlighting,7,0,3,2016-01-29,2016,False
manual_000811,manual,False,,8da5b9da94ba6f807958f030389e9853ba292306,mp_decisions,press_release,"Банк России сохранил ключевую ставку на уровне 11,00% годовых",29 января 2016 г,Плавающий курс будет частично компенсировать негативное влияние на экономику низких цен на энергоносители.,Exchange rate,Forward-looking,Confidence-building,9,0,4,2016-01-29,2016,False
manual_000812,manual,False,,8da5b9da94ba6f807958f030389e9853ba292306,mp_decisions,press_release,"Банк России сохранил ключевую ставку на уровне 11,00% годовых",29 января 2016 г,Однако потребуется дальнейшая адаптация платежного баланса и экономики к понизившемуся уровню мировых цен на основные товары российского экспорта.,External conditions,Forward-looking,Risk-highlighting,7,0,3,2016-01-29,2016,False
manual_000813,manual,False,,8da5b9da94ba6f807958f030389e9853ba292306,mp_decisions,press_release,"Банк России сохранил ключевую ставку на уровне 11,00% годовых",29 января 2016 г,"Как результат, в 2016 году снижение ВВП будет более значительным, чем прогнозировалось ранее в базовом сценарии.",Economic activity,Forward-looking,Dovish,5,0,1,2016-01-29,2016,False
manual_000814,manual,False,,8da5b9da94ba6f807958f030389e9853ba292306,mp_decisions,press_release,"Банк России сохранил ключевую ставку на уровне 11,00% годовых",29 января 2016 г,Период дополнительной адаптации может занять несколько кварталов.,Economic activity,Forward-looking,Neutral,5,0,2,2016-01-29,2016,False
manual_000815,manual,False,,8da5b9da94ba6f807958f030389e9853ba292306,mp_decisions,press_release,"Банк России сохранил ключевую ставку на уровне 11,00% годовых",29 января 2016 г,"Темп прироста ВВП выйдет в положительную область в 2017 году, но будет низким.",Economic activity,Forward-looking,Dovish,5,0,1,2016-01-29,2016,False
manual_000816,manual,False,,8da5b9da94ba6f807958f030389e9853ba292306,mp_decisions,press_release,"Банк России сохранил ключевую ставку на уровне 11,00% годовых",29 января 2016 г,"Однако, если цены на нефть останутся на низком уровне продолжительное время, то это приведет к еще большему увеличению инфляционных рисков и рисков для финансовой стабильности, а также к необходимости более масштабной адаптации экономики к новым условиям.",External conditions,Forward-looking,Risk-highlighting,7,0,3,2016-01-29,2016,False
manual_000817,manual,False,,8da5b9da94ba6f807958f030389e9853ba292306,mp_decisions,press_release,"Банк России сохранил ключевую ставку на уровне 11,00% годовых",29 января 2016 г,Препятствовать замедлению роста потребительских цен может также длительное сохранение высоких инфляционных ожиданий.,Expectations,Forward-looking,Risk-highlighting,4,0,3,2016-01-29,2016,False
manual_000818,manual,False,,8da5b9da94ba6f807958f030389e9853ba292306,mp_decisions,press_release,"Банк России сохранил ключевую ставку на уровне 11,00% годовых",29 января 2016 г,Для снижения рисков потребуется сбалансированная бюджетная политика на среднесрочную перспективу.,Fiscal policy,Forward-looking,Risk-highlighting,8,0,3,2016-01-29,2016,False
manual_000819,manual,False,,8da5b9da94ba6f807958f030389e9853ba292306,mp_decisions,press_release,"Банк России сохранил ключевую ставку на уровне 11,00% годовых",29 января 2016 г,В случае усиления инфляционных рисков Банк России не исключает ужесточения денежно-кредитной политики.,Interest rate,Forward-looking,Hawkish,1,0,0,2016-01-29,2016,False
manual_000820,manual,False,,8da5b9da94ba6f807958f030389e9853ba292306,mp_decisions,press_release,"Банк России сохранил ключевую ставку на уровне 11,00% годовых",29 января 2016 г,"Следующее заседание Совета директоров Банка России, на котором будет рассматриваться вопрос об уровне ключевой ставки, запланировано на 18 марта 2016 года.",Interest rate,Forward-looking,Other,1,0,5,2016-01-29,2016,False
manual_000821,manual,False,,8da5b9da94ba6f807958f030389e9853ba292306,mp_decisions,press_release,"Банк России сохранил ключевую ставку на уровне 11,00% годовых",29 января 2016 г,Время публикации пресс-релиза о решении Совета директоров Банка России — 13:30 по московскому времени.,Other,Other,Other,11,2,5,2016-01-29,2016,True
manual_000822,manual,False,,8da5b9da94ba6f807958f030389e9853ba292306,mp_decisions,press_release,"Банк России сохранил ключевую ставку на уровне 11,00% годовых",29 января 2016 г,Процентные ставки по основным операциям Банка России 1 (% годовых).,Interest rate,Other,Other,1,2,5,2016-01-29,2016,False
manual_000823,manual,False,,8da5b9da94ba6f807958f030389e9853ba292306,mp_decisions,press_release,"Банк России сохранил ключевую ставку на уровне 11,00% годовых",29 января 2016 г,При использовании материала ссылка на Пресс-службу Банка России обязательна.,Other,Other,Other,11,2,5,2016-01-29,2016,True
manual_000824,manual,False,,8da5b9da94ba6f807958f030389e9853ba292306,mp_decisions,press_release,"Банк России сохранил ключевую ставку на уровне 11,00% годовых",29 января 2016 г,29.01.2016 00:00:00,Other,Other,Other,11,2,5,2016-01-29,2016,True
manual_000825,manual,False,,5277a04ea674bd78dadf29ae740d6f45d578ebc6,mp_decisions,press_release,"Банк России принял решение сохранить ключевую ставку на уровне 10,00% годовых",3 февраля 2017 г,"Банк России принял решение сохранить ключевую ставку на уровне 10,00% годовых.",Interest rate,Backward-looking,Neutral,1,1,2,2017-02-03,2017,False
manual_000826,manual,False,,5277a04ea674bd78dadf29ae740d6f45d578ebc6,mp_decisions,press_release,"Банк России принял решение сохранить ключевую ставку на уровне 10,00% годовых",3 февраля 2017 г,"Совет директоров Банка России 3 февраля 2017 года принял решение сохранить ключевую ставку на уровне 10,00% годовых.",Interest rate,Backward-looking,Neutral,1,1,2,2017-02-03,2017,False
manual_000827,manual,False,,5277a04ea674bd78dadf29ae740d6f45d578ebc6,mp_decisions,press_release,"Банк России принял решение сохранить ключевую ставку на уровне 10,00% годовых",3 февраля 2017 г,"Совет директоров отмечает, что динамика инфляции в целом соответствует прогнозу, инфляционные ожидания постепенно снижаются, а экономика восстанавливается быстрее, чем ожидалось ранее.",Inflation,Backward-looking,Confidence-building,0,1,4,2017-02-03,2017,False
manual_000828,manual,False,,5277a04ea674bd78dadf29ae740d6f45d578ebc6,mp_decisions,press_release,"Банк России принял решение сохранить ключевую ставку на уровне 10,00% годовых",3 февраля 2017 г,При этом замедление темпа роста потребительских цен отчасти обусловлено влиянием временных факторов.,Inflation,Backward-looking,Dovish,0,1,1,2017-02-03,2017,False
manual_000829,manual,False,,5277a04ea674bd78dadf29ae740d6f45d578ebc6,mp_decisions,press_release,"Банк России принял решение сохранить ключевую ставку на уровне 10,00% годовых",3 февраля 2017 г,Планируемое проведение Минфином России операций по покупке/продаже иностранной валюты на валютном рынке в рамках применения переходного бюджетного правила не создаст существенных инфляционных рисков при сохранении Банком России умеренно жесткой денежно-кредитной политики.,Fiscal policy,Forward-looking,Confidence-building,8,0,4,2017-02-03,2017,False
manual_000830,manual,False,,5277a04ea674bd78dadf29ae740d6f45d578ebc6,mp_decisions,press_release,"Банк России принял решение сохранить ключевую ставку на уровне 10,00% годовых",3 февраля 2017 г,Инфляция замедлится до целевого уровня 4% к концу 2017 года и будет поддерживаться вблизи него в дальнейшем.,Inflation,Forward-looking,Dovish,0,0,1,2017-02-03,2017,False
manual_000831,manual,False,,5277a04ea674bd78dadf29ae740d6f45d578ebc6,mp_decisions,press_release,"Банк России принял решение сохранить ключевую ставку на уровне 10,00% годовых",3 февраля 2017 г,С учетом изменения внешних и внутренних условий потенциал снижения ключевой ставки Банком России в первом полугодии 2017 года уменьшился.,Interest rate,Forward-looking,Hawkish,1,0,0,2017-02-03,2017,False
manual_000832,manual,False,,5277a04ea674bd78dadf29ae740d6f45d578ebc6,mp_decisions,press_release,"Банк России принял решение сохранить ключевую ставку на уровне 10,00% годовых",3 февраля 2017 г,"Принимая решение по ключевой ставке, Совет директоров Банка России исходил из следующего.",Interest rate,Backward-looking,Other,1,1,5,2017-02-03,2017,False
manual_000833,manual,False,,5277a04ea674bd78dadf29ae740d6f45d578ebc6,mp_decisions,press_release,"Банк России принял решение сохранить ключевую ставку на уровне 10,00% годовых",3 февраля 2017 г,Динамика инфляции.,Inflation,Other,Other,0,2,5,2017-02-03,2017,True
manual_000834,manual,False,,5277a04ea674bd78dadf29ae740d6f45d578ebc6,mp_decisions,press_release,"Банк России принял решение сохранить ключевую ставку на уровне 10,00% годовых",3 февраля 2017 г,Годовая инфляция продолжает снижаться в соответствии с прогнозом Банка России.,Inflation,Backward-looking,Confidence-building,0,1,4,2017-02-03,2017,False
manual_000835,manual,False,,5277a04ea674bd78dadf29ae740d6f45d578ebc6,mp_decisions,press_release,"Банк России принял решение сохранить ключевую ставку на уровне 10,00% годовых",3 февраля 2017 г,Отчасти это обусловлено влиянием временных факторов — динамикой курса рубля и хорошим урожаем прошлого года.,Exchange rate,Backward-looking,Neutral,9,1,2,2017-02-03,2017,False
manual_000836,manual,False,,5277a04ea674bd78dadf29ae740d6f45d578ebc6,mp_decisions,press_release,"Банк России принял решение сохранить ключевую ставку на уровне 10,00% годовых",3 февраля 2017 г,"В декабре продолжилось замедление роста цен по всем основным группам товаров и услуг, а также снижение показателей месячной инфляции с исключением сезонности.",Inflation,Backward-looking,Dovish,0,1,1,2017-02-03,2017,False
manual_000837,manual,False,,5277a04ea674bd78dadf29ae740d6f45d578ebc6,mp_decisions,press_release,"Банк России принял решение сохранить ключевую ставку на уровне 10,00% годовых",3 февраля 2017 г,Существенно замедлилась инфляция на рынке непродовольственных товаров.,Inflation,Backward-looking,Dovish,0,1,1,2017-02-03,2017,False
manual_000838,manual,False,,5277a04ea674bd78dadf29ae740d6f45d578ebc6,mp_decisions,press_release,"Банк России принял решение сохранить ключевую ставку на уровне 10,00% годовых",3 февраля 2017 г,"По оценке на 30 января, годовые темпы прироста потребительских цен сократились до 5,1% с 5,4% по итогам 2016 года.",Inflation,Backward-looking,Dovish,0,1,1,2017-02-03,2017,False
manual_000839,manual,False,,5277a04ea674bd78dadf29ae740d6f45d578ebc6,mp_decisions,press_release,"Банк России принял решение сохранить ключевую ставку на уровне 10,00% годовых",3 февраля 2017 г,Дезинфляционное влияние внутреннего спроса сохраняется.,Economic activity,Backward-looking,Dovish,5,1,1,2017-02-03,2017,False
manual_000840,manual,False,,5277a04ea674bd78dadf29ae740d6f45d578ebc6,mp_decisions,press_release,"Банк России принял решение сохранить ключевую ставку на уровне 10,00% годовых",3 февраля 2017 г,"Домашние хозяйства продолжают придерживаться сберегательной модели поведения, хотя потребительские настроения населения улучшились.",Economic activity,Backward-looking,Dovish,5,1,1,2017-02-03,2017,False
manual_000841,manual,False,,5277a04ea674bd78dadf29ae740d6f45d578ebc6,mp_decisions,press_release,"Банк России принял решение сохранить ключевую ставку на уровне 10,00% годовых",3 февраля 2017 г,Динамика потребительского кредитования не несет инфляционных рисков.,Credit,Backward-looking,Confidence-building,3,1,4,2017-02-03,2017,False
manual_000842,manual,False,,5277a04ea674bd78dadf29ae740d6f45d578ebc6,mp_decisions,press_release,"Банк России принял решение сохранить ключевую ставку на уровне 10,00% годовых",3 февраля 2017 г,"По прогнозу Банка России, с учетом принятого решения и сохранения умеренно жесткой денежно-кредитной политики годовая инфляция замедлится до целевого уровня 4% в конце 2017 года и будет поддерживаться вблизи него в дальнейшем.",Inflation,Forward-looking,Dovish,0,0,1,2017-02-03,2017,False
manual_000843,manual,False,,5277a04ea674bd78dadf29ae740d6f45d578ebc6,mp_decisions,press_release,"Банк России принял решение сохранить ключевую ставку на уровне 10,00% годовых",3 февраля 2017 г,Денежно-кредитные условия.,Monetary conditions,Other,Other,2,2,5,2017-02-03,2017,False
manual_000844,manual,False,,5277a04ea674bd78dadf29ae740d6f45d578ebc6,mp_decisions,press_release,"Банк России принял решение сохранить ключевую ставку на уровне 10,00% годовых",3 февраля 2017 г,Для поддержания склонности к сбережениям и закрепления тенденции к устойчивому замедлению инфляции под влиянием ограничений со стороны спроса необходимо сохранение умеренно жестких денежно-кредитных условий.,Monetary conditions,Forward-looking,Hawkish,2,0,0,2017-02-03,2017,False
manual_000845,manual,False,,5277a04ea674bd78dadf29ae740d6f45d578ebc6,mp_decisions,press_release,"Банк России принял решение сохранить ключевую ставку на уровне 10,00% годовых",3 февраля 2017 г,Это также должно способствовать дальнейшему снижению инфляционных ожиданий населения и бизнеса.,Expectations,Forward-looking,Dovish,4,0,1,2017-02-03,2017,False
manual_000846,manual,False,,5277a04ea674bd78dadf29ae740d6f45d578ebc6,mp_decisions,press_release,"Банк России принял решение сохранить ключевую ставку на уровне 10,00% годовых",3 февраля 2017 г,"Положительные реальные процентные ставки будут поддерживаться на уровне, который обеспечит спрос на кредит, не приводящий к повышению инфляционного давления, а также сохранит стимулы к сбережениям.",Monetary conditions,Forward-looking,Hawkish,2,0,0,2017-02-03,2017,False
manual_000847,manual,False,,5277a04ea674bd78dadf29ae740d6f45d578ebc6,mp_decisions,press_release,"Банк России принял решение сохранить ключевую ставку на уровне 10,00% годовых",3 февраля 2017 г,"Операции Минфина России по покупке/продаже иностранной валюты на валютном рынке будут учитываться Банком России при управлении ликвидностью банковского сектора, и их влияние на ставки денежного рынка будет близким к нейтральному.",Fiscal policy,Forward-looking,Neutral,8,0,2,2017-02-03,2017,False
manual_000848,manual,False,,5277a04ea674bd78dadf29ae740d6f45d578ebc6,mp_decisions,press_release,"Банк России принял решение сохранить ключевую ставку на уровне 10,00% годовых",3 февраля 2017 г,Экономическая активность.,Economic activity,Other,Other,5,2,5,2017-02-03,2017,True
manual_000849,manual,False,,5277a04ea674bd78dadf29ae740d6f45d578ebc6,mp_decisions,press_release,"Банк России принял решение сохранить ключевую ставку на уровне 10,00% годовых",3 февраля 2017 г,"Восстановление экономической активности в 2016 году происходило несколько быстрее, чем ожидал Банк России, при среднегодовой цене на нефть, близкой к предпосылкам базового сценария.",Economic activity,Backward-looking,Neutral,5,1,2,2017-02-03,2017,False
manual_000850,manual,False,,5277a04ea674bd78dadf29ae740d6f45d578ebc6,mp_decisions,press_release,"Банк России принял решение сохранить ключевую ставку на уровне 10,00% годовых",3 февраля 2017 г,"По оценкам Банка России, во втором полугодии 2016 года темпы прироста ВВП в квартальном выражении вышли в положительную область, в I квартале текущего года положительная динамика сохранится.",Economic activity,Forward-looking,Hawkish,5,0,0,2017-02-03,2017,False
manual_000851,manual,False,,5277a04ea674bd78dadf29ae740d6f45d578ebc6,mp_decisions,press_release,"Банк России принял решение сохранить ключевую ставку на уровне 10,00% годовых",3 февраля 2017 г,"Продолжается рост промышленного производства, в том числе за счет импортозамещения, а также расширение несырьевого экспорта по некоторым позициям, постепенно восстанавливается инвестиционная активность.",Economic activity,Backward-looking,Hawkish,5,1,0,2017-02-03,2017,False
manual_000852,manual,False,,5277a04ea674bd78dadf29ae740d6f45d578ebc6,mp_decisions,press_release,"Банк России принял решение сохранить ключевую ставку на уровне 10,00% годовых",3 февраля 2017 г,Безработица остается на стабильном невысоком уровне.,Labor market,Backward-looking,Neutral,6,1,2,2017-02-03,2017,False
manual_000853,manual,False,,5277a04ea674bd78dadf29ae740d6f45d578ebc6,mp_decisions,press_release,"Банк России принял решение сохранить ключевую ставку на уровне 10,00% годовых",3 февраля 2017 г,Рынок труда подстраивается к новым экономическим условиям при появлении признаков дефицита кадров в отдельных сегментах.,Labor market,Backward-looking,Hawkish,6,1,0,2017-02-03,2017,False
manual_000854,manual,False,,5277a04ea674bd78dadf29ae740d6f45d578ebc6,mp_decisions,press_release,"Банк России принял решение сохранить ключевую ставку на уровне 10,00% годовых",3 февраля 2017 г,Вместе с тем сохраняется неоднородность процессов оживления экономической активности по отраслям и регионам.,Economic activity,Backward-looking,Neutral,5,1,2,2017-02-03,2017,False
manual_000855,manual,False,,5277a04ea674bd78dadf29ae740d6f45d578ebc6,mp_decisions,press_release,"Банк России принял решение сохранить ключевую ставку на уровне 10,00% годовых",3 февраля 2017 г,"Данные опросов отражают улучшение настроений бизнеса и домашних хозяйств, что будет поддерживать восстановительные процессы в экономике в дальнейшем.",Expectations,Forward-looking,Hawkish,4,0,0,2017-02-03,2017,False
manual_000856,manual,False,,5277a04ea674bd78dadf29ae740d6f45d578ebc6,mp_decisions,press_release,"Банк России принял решение сохранить ключевую ставку на уровне 10,00% годовых",3 февраля 2017 г,"По оценкам Банка России, наблюдающийся годовой рост реальной заработной платы будет способствовать постепенному повышению потребительской активности.",Labor market,Forward-looking,Hawkish,6,0,0,2017-02-03,2017,False
manual_000857,manual,False,,5277a04ea674bd78dadf29ae740d6f45d578ebc6,mp_decisions,press_release,"Банк России принял решение сохранить ключевую ставку на уровне 10,00% годовых",3 февраля 2017 г,Это не создаст дополнительного проинфляционного давления в условиях увеличения предложения товаров и услуг.,Economic activity,Forward-looking,Confidence-building,5,0,4,2017-02-03,2017,False
manual_000858,manual,False,,5277a04ea674bd78dadf29ae740d6f45d578ebc6,mp_decisions,press_release,"Банк России принял решение сохранить ключевую ставку на уровне 10,00% годовых",3 февраля 2017 г,"По итогам 2017 года ожидается положительный прирост ВВП, однако темпы экономического роста будут невысокими.",Economic activity,Forward-looking,Neutral,5,0,2,2017-02-03,2017,False
manual_000859,manual,False,,5277a04ea674bd78dadf29ae740d6f45d578ebc6,mp_decisions,press_release,"Банк России принял решение сохранить ключевую ставку на уровне 10,00% годовых",3 февраля 2017 г,Для развития и закрепления позитивных тенденций необходимы структурные преобразования и время.,Economic activity,Forward-looking,Neutral,5,0,2,2017-02-03,2017,False
manual_000860,manual,False,,5277a04ea674bd78dadf29ae740d6f45d578ebc6,mp_decisions,press_release,"Банк России принял решение сохранить ключевую ставку на уровне 10,00% годовых",3 февраля 2017 г,Инфляционные риски.,Inflation,Other,Other,0,2,5,2017-02-03,2017,True
manual_000861,manual,False,,5277a04ea674bd78dadf29ae740d6f45d578ebc6,mp_decisions,press_release,"Банк России принял решение сохранить ключевую ставку на уровне 10,00% годовых",3 февраля 2017 г,"Риски того, что инфляция в 2017 году не достигнет целевого уровня 4%, сохраняются при снижении инфляционных рисков на среднесрочном горизонте.",Inflation,Forward-looking,Risk-highlighting,0,0,3,2017-02-03,2017,False
manual_000862,manual,False,,5277a04ea674bd78dadf29ae740d6f45d578ebc6,mp_decisions,press_release,"Банк России принял решение сохранить ключевую ставку на уровне 10,00% годовых",3 февраля 2017 г,"Инерция инфляционных ожиданий и уменьшение склонности к сбережению домашних хозяйств могут помешать закреплению инфляции на траектории, ведущей к цели, после прекращения действия временных факторов.",Expectations,Forward-looking,Risk-highlighting,4,0,3,2017-02-03,2017,False
manual_000863,manual,False,,5277a04ea674bd78dadf29ae740d6f45d578ebc6,mp_decisions,press_release,"Банк России принял решение сохранить ключевую ставку на уровне 10,00% годовых",3 февраля 2017 г,"Внешнеполитическая и внешнеэкономическая неопределенность остается на высоком уровне, что может оказать негативное влияние на курсовые и инфляционные ожидания.",External conditions,Forward-looking,Risk-highlighting,7,0,3,2017-02-03,2017,False
manual_000864,manual,False,,5277a04ea674bd78dadf29ae740d6f45d578ebc6,mp_decisions,press_release,"Банк России принял решение сохранить ключевую ставку на уровне 10,00% годовых",3 февраля 2017 г,"Поддержание умеренно жестких денежно-кредитных условий позволит ограничить инфляционные риски, в том числе краткосрочные риски в связи с началом покупок Минфином России иностранной валюты на валютном рынке.",Monetary conditions,Forward-looking,Hawkish,2,0,0,2017-02-03,2017,False
manual_000865,manual,False,,5277a04ea674bd78dadf29ae740d6f45d578ebc6,mp_decisions,press_release,"Банк России принял решение сохранить ключевую ставку на уровне 10,00% годовых",3 февраля 2017 г,"В то же время применение переходного бюджетного правила с проведением Минфином России покупок/продаж иностранной валюты на валютном рынке будет содействовать снижению зависимости российской экономики, в том числе денежно-кредитных условий и динамики инфляции, от колебаний цен на нефть.",Fiscal policy,Forward-looking,Confidence-building,8,0,4,2017-02-03,2017,False
manual_000866,manual,False,,5277a04ea674bd78dadf29ae740d6f45d578ebc6,mp_decisions,press_release,"Банк России принял решение сохранить ключевую ставку на уровне 10,00% годовых",3 февраля 2017 г,В среднесрочной перспективе использование бюджетного правила будет способствовать обеспечению макроэкономической стабильности и более предсказуемой и устойчивой динамике процентных ставок в экономике.,Fiscal policy,Forward-looking,Confidence-building,8,0,4,2017-02-03,2017,False
manual_000867,manual,False,,5277a04ea674bd78dadf29ae740d6f45d578ebc6,mp_decisions,press_release,"Банк России принял решение сохранить ключевую ставку на уровне 10,00% годовых",3 февраля 2017 г,С учетом изменения внешних и внутренних условий потенциал снижения ключевой ставки Банком России в первом полугодии 2017 года уменьшился.,Interest rate,Forward-looking,Hawkish,1,0,0,2017-02-03,2017,False
manual_000868,manual,False,,5277a04ea674bd78dadf29ae740d6f45d578ebc6,mp_decisions,press_release,"Банк России принял решение сохранить ключевую ставку на уровне 10,00% годовых",3 февраля 2017 г,"Следующее заседание Совета директоров Банка России, на котором будет рассматриваться вопрос об уровне ключевой ставки, запланировано на 24 марта 2017 года.",Interest rate,Forward-looking,Other,1,0,5,2017-02-03,2017,False
manual_000869,manual,False,,5277a04ea674bd78dadf29ae740d6f45d578ebc6,mp_decisions,press_release,"Банк России принял решение сохранить ключевую ставку на уровне 10,00% годовых",3 февраля 2017 г,Время публикации пресс-релиза о решении Совета директоров Банка России — 13:30 по московскому времени.,Other,Other,Other,11,2,5,2017-02-03,2017,True
manual_000870,manual,False,,5277a04ea674bd78dadf29ae740d6f45d578ebc6,mp_decisions,press_release,"Банк России принял решение сохранить ключевую ставку на уровне 10,00% годовых",3 февраля 2017 г,Процентные ставки по операциям Банка России.,Interest rate,Other,Other,1,2,5,2017-02-03,2017,False
manual_000871,manual,False,,5277a04ea674bd78dadf29ae740d6f45d578ebc6,mp_decisions,press_release,"Банк России принял решение сохранить ключевую ставку на уровне 10,00% годовых",3 февраля 2017 г,При использовании материала ссылка на Пресс-службу Банка России обязательна.,Other,Other,Other,11,2,5,2017-02-03,2017,True
manual_000872,manual,False,,5277a04ea674bd78dadf29ae740d6f45d578ebc6,mp_decisions,press_release,"Банк России принял решение сохранить ключевую ставку на уровне 10,00% годовых",3 февраля 2017 г,03.02.2017 00:00:00,Other,Other,Other,11,2,5,2017-02-03,2017,True
manual_000873,manual,False,,438469b004dfa95dc57ebae4bcc41f4a2eb3e369,mp_decisions,press_release,"Банк России принял решение снизить ключевую ставку на 25 б.п., до 7,50% годовых",9 февраля 2018 г,"Банк России принял решение снизить ключевую ставку на 25 б.п., до 7,50% годовых.",Interest rate,Backward-looking,Dovish,1,1,1,2018-02-09,2018,False
manual_000874,manual,False,,438469b004dfa95dc57ebae4bcc41f4a2eb3e369,mp_decisions,press_release,"Банк России принял решение снизить ключевую ставку на 25 б.п., до 7,50% годовых",9 февраля 2018 г,"Совет директоров Банка России 9 февраля 2018 года принял решение снизить ключевую ставку на 25 б.п., до 7,50% годовых.",Interest rate,Backward-looking,Dovish,1,1,1,2018-02-09,2018,False
manual_000875,manual,False,,438469b004dfa95dc57ebae4bcc41f4a2eb3e369,mp_decisions,press_release,"Банк России принял решение снизить ключевую ставку на 25 б.п., до 7,50% годовых",9 февраля 2018 г,Годовая инфляция остается на устойчиво низком уровне.,Inflation,Backward-looking,Dovish,0,1,1,2018-02-09,2018,False
manual_000876,manual,False,,438469b004dfa95dc57ebae4bcc41f4a2eb3e369,mp_decisions,press_release,"Банк России принял решение снизить ключевую ставку на 25 б.п., до 7,50% годовых",9 февраля 2018 г,Инфляционные ожидания постепенно снижаются.,Expectations,Backward-looking,Dovish,4,1,1,2018-02-09,2018,False
manual_000877,manual,False,,438469b004dfa95dc57ebae4bcc41f4a2eb3e369,mp_decisions,press_release,"Банк России принял решение снизить ключевую ставку на 25 б.п., до 7,50% годовых",9 февраля 2018 г,Краткосрочные проинфляционные риски ослабли.,Inflation,Backward-looking,Dovish,0,1,1,2018-02-09,2018,False
manual_000878,manual,False,,438469b004dfa95dc57ebae4bcc41f4a2eb3e369,mp_decisions,press_release,"Банк России принял решение снизить ключевую ставку на 25 б.п., до 7,50% годовых",9 февраля 2018 г,В связи с этим баланс экономических и инфляционных рисков несколько сместился в сторону рисков для экономики.,Economic activity,Backward-looking,Risk-highlighting,5,1,3,2018-02-09,2018,False
manual_000879,manual,False,,438469b004dfa95dc57ebae4bcc41f4a2eb3e369,mp_decisions,press_release,"Банк России принял решение снизить ключевую ставку на 25 б.п., до 7,50% годовых",9 февраля 2018 г,Усилилась неопределенность в отношении конъюнктуры глобальных финансовых рынков.,External conditions,Backward-looking,Risk-highlighting,7,1,3,2018-02-09,2018,False
manual_000880,manual,False,,438469b004dfa95dc57ebae4bcc41f4a2eb3e369,mp_decisions,press_release,"Банк России принял решение снизить ключевую ставку на 25 б.п., до 7,50% годовых",9 февраля 2018 г,Вероятность превышения годовой инфляцией 4% в текущем году существенно снизилась.,Inflation,Forward-looking,Dovish,0,0,1,2018-02-09,2018,False
manual_000881,manual,False,,438469b004dfa95dc57ebae4bcc41f4a2eb3e369,mp_decisions,press_release,"Банк России принял решение снизить ключевую ставку на 25 б.п., до 7,50% годовых",9 февраля 2018 г,В этих условиях Банк России продолжит снижение ключевой ставки и допускает завершение перехода от умеренно жесткой к нейтральной денежно-кредитной политике в 2018 году.,Interest rate,Forward-looking,Dovish,1,0,1,2018-02-09,2018,False
manual_000882,manual,False,,438469b004dfa95dc57ebae4bcc41f4a2eb3e369,mp_decisions,press_release,"Банк России принял решение снизить ключевую ставку на 25 б.п., до 7,50% годовых",9 февраля 2018 г,"Совет директоров Банка России, принимая решение по ключевой ставке, исходил из следующего.",Interest rate,Backward-looking,Other,1,1,5,2018-02-09,2018,False
manual_000883,manual,False,,438469b004dfa95dc57ebae4bcc41f4a2eb3e369,mp_decisions,press_release,"Банк России принял решение снизить ключевую ставку на 25 б.п., до 7,50% годовых",9 февраля 2018 г,Динамика инфляции.,Inflation,Other,Other,0,2,5,2018-02-09,2018,True
manual_000884,manual,False,,438469b004dfa95dc57ebae4bcc41f4a2eb3e369,mp_decisions,press_release,"Банк России принял решение снизить ключевую ставку на 25 б.п., до 7,50% годовых",9 февраля 2018 г,Годовая инфляция остается на устойчиво низком уровне.,Inflation,Backward-looking,Dovish,0,1,1,2018-02-09,2018,False
manual_000885,manual,False,,438469b004dfa95dc57ebae4bcc41f4a2eb3e369,mp_decisions,press_release,"Банк России принял решение снизить ключевую ставку на 25 б.п., до 7,50% годовых",9 февраля 2018 г,"Она составила 2,2% в январе 2018 года.",Inflation,Backward-looking,Dovish,0,1,1,2018-02-09,2018,False
manual_000886,manual,False,,438469b004dfa95dc57ebae4bcc41f4a2eb3e369,mp_decisions,press_release,"Банк России принял решение снизить ключевую ставку на 25 б.п., до 7,50% годовых",9 февраля 2018 г,Наряду с временными факторами вклад в дополнительное замедление роста потребительских цен вносят и факторы постоянного действия.,Inflation,Backward-looking,Dovish,0,1,1,2018-02-09,2018,False
manual_000887,manual,False,,438469b004dfa95dc57ebae4bcc41f4a2eb3e369,mp_decisions,press_release,"Банк России принял решение снизить ключевую ставку на 25 б.п., до 7,50% годовых",9 февраля 2018 г,"При этом влияние факторов постоянного действия на динамику инфляции может быть более существенным, чем оценивалось ранее.",Inflation,Forward-looking,Dovish,0,0,1,2018-02-09,2018,False
manual_000888,manual,False,,438469b004dfa95dc57ebae4bcc41f4a2eb3e369,mp_decisions,press_release,"Банк России принял решение снизить ключевую ставку на 25 б.п., до 7,50% годовых",9 февраля 2018 г,В январе 2018 года снизились годовые темпы роста потребительских цен по всем основным группам товаров и услуг.,Inflation,Backward-looking,Dovish,0,1,1,2018-02-09,2018,False
manual_000889,manual,False,,438469b004dfa95dc57ebae4bcc41f4a2eb3e369,mp_decisions,press_release,"Банк России принял решение снизить ключевую ставку на 25 б.п., до 7,50% годовых",9 февраля 2018 г,"Продовольственная инфляция замедлилась до 0,7%, инфляция на непродовольственном рынке снизилась до 2,6%, темпы роста цен на услуги составили 3,9%.",Inflation,Backward-looking,Dovish,0,1,1,2018-02-09,2018,False
manual_000890,manual,False,,438469b004dfa95dc57ebae4bcc41f4a2eb3e369,mp_decisions,press_release,"Банк России принял решение снизить ключевую ставку на 25 б.п., до 7,50% годовых",9 февраля 2018 г,"Большинство показателей годовой инфляции, отражающих наиболее устойчивые процессы ценовой динамики, по оценкам Банка России, находятся ниже 4%.",Inflation,Backward-looking,Dovish,0,1,1,2018-02-09,2018,False
manual_000891,manual,False,,438469b004dfa95dc57ebae4bcc41f4a2eb3e369,mp_decisions,press_release,"Банк России принял решение снизить ключевую ставку на 25 б.п., до 7,50% годовых",9 февраля 2018 г,Понижательное давление на продовольственную инфляцию продолжали оказывать повышенные объёмы предложения на рынке сельскохозяйственной продукции.,Inflation,Backward-looking,Dovish,0,1,1,2018-02-09,2018,False
manual_000892,manual,False,,438469b004dfa95dc57ebae4bcc41f4a2eb3e369,mp_decisions,press_release,"Банк России принял решение снизить ключевую ставку на 25 б.п., до 7,50% годовых",9 февраля 2018 г,Большинство факторов со стороны урожая 2017 года прекратят оказывать дезинфляционное влияние в первой половине 2018 года.,Inflation,Forward-looking,Hawkish,0,0,0,2018-02-09,2018,False
manual_000893,manual,False,,438469b004dfa95dc57ebae4bcc41f4a2eb3e369,mp_decisions,press_release,"Банк России принял решение снизить ключевую ставку на 25 б.п., до 7,50% годовых",9 февраля 2018 г,В то же время инвестиции в сельское хозяйство и повышение технологического уровня отрасли создают предпосылки для устойчивого увеличения ее производственного потенциала в среднесрочной перспективе.,Economic activity,Forward-looking,Dovish,5,0,1,2018-02-09,2018,False
manual_000894,manual,False,,438469b004dfa95dc57ebae4bcc41f4a2eb3e369,mp_decisions,press_release,"Банк России принял решение снизить ключевую ставку на 25 б.п., до 7,50% годовых",9 февраля 2018 г,Вклад курсовой динамики последних месяцев в замедление годовой инфляции будет исчерпан до конца I квартала текущего года.,Exchange rate,Forward-looking,Hawkish,9,0,0,2018-02-09,2018,False
manual_000895,manual,False,,438469b004dfa95dc57ebae4bcc41f4a2eb3e369,mp_decisions,press_release,"Банк России принял решение снизить ключевую ставку на 25 б.п., до 7,50% годовых",9 февраля 2018 г,"Замедление инфляции способствовало снижению инфляционных ожиданий, которое, однако, остаётся неустойчивым и неравномерным.",Inflation,Backward-looking,Risk-highlighting,0,1,3,2018-02-09,2018,False
manual_000896,manual,False,,438469b004dfa95dc57ebae4bcc41f4a2eb3e369,mp_decisions,press_release,"Банк России принял решение снизить ключевую ставку на 25 б.п., до 7,50% годовых",9 февраля 2018 г,"При этом необходимо не только дальнейшее снижение инфляционных ожиданий, но и уменьшение их чувствительности к изменениям ценовой конъюнктуры.",Expectations,Forward-looking,Hawkish,4,0,0,2018-02-09,2018,False
manual_000897,manual,False,,438469b004dfa95dc57ebae4bcc41f4a2eb3e369,mp_decisions,press_release,"Банк России принял решение снизить ключевую ставку на 25 б.п., до 7,50% годовых",9 февраля 2018 г,"Замедление годового роста потребительских цен может продолжиться в первом полугодии 2018 года, что отчасти связано с эффектом высокой базы прошлого года по продовольственной инфляции.",Inflation,Forward-looking,Dovish,0,0,1,2018-02-09,2018,False
manual_000898,manual,False,,438469b004dfa95dc57ebae4bcc41f4a2eb3e369,mp_decisions,press_release,"Банк России принял решение снизить ключевую ставку на 25 б.п., до 7,50% годовых",9 февраля 2018 г,"По прогнозу Банка России, годовая инфляция останется ниже 4% в 2018 году и будет находиться вблизи этого уровня в 2019 году.",Inflation,Forward-looking,Dovish,0,0,1,2018-02-09,2018,False
manual_000899,manual,False,,438469b004dfa95dc57ebae4bcc41f4a2eb3e369,mp_decisions,press_release,"Банк России принял решение снизить ключевую ставку на 25 б.п., до 7,50% годовых",9 февраля 2018 г,Денежно-кредитные условия.,Monetary conditions,Other,Other,2,2,5,2018-02-09,2018,False
manual_000900,manual,False,,438469b004dfa95dc57ebae4bcc41f4a2eb3e369,mp_decisions,press_release,"Банк России принял решение снизить ключевую ставку на 25 б.п., до 7,50% годовых",9 февраля 2018 г,Денежно-кредитные условия в 2017 году постепенно смягчались.,Monetary conditions,Backward-looking,Dovish,2,1,1,2018-02-09,2018,False
manual_000901,manual,False,,438469b004dfa95dc57ebae4bcc41f4a2eb3e369,mp_decisions,press_release,"Банк России принял решение снизить ключевую ставку на 25 б.п., до 7,50% годовых",9 февраля 2018 г,Основной вклад в смягчение внесла динамика процентных ставок.,Monetary conditions,Backward-looking,Dovish,2,1,1,2018-02-09,2018,False
manual_000902,manual,False,,438469b004dfa95dc57ebae4bcc41f4a2eb3e369,mp_decisions,press_release,"Банк России принял решение снизить ключевую ставку на 25 б.п., до 7,50% годовых",9 февраля 2018 г,"При этом реальные процентные ставки сохраняются в положительной области, что способствует привлекательности сбережений.",Monetary conditions,Backward-looking,Neutral,2,1,2,2018-02-09,2018,False
manual_000903,manual,False,,438469b004dfa95dc57ebae4bcc41f4a2eb3e369,mp_decisions,press_release,"Банк России принял решение снизить ключевую ставку на 25 б.п., до 7,50% годовых",9 февраля 2018 г,Неценовые условия кредитования в основном остаются сдерживающими — банки по-прежнему консервативно подходят к отбору заемщиков и увеличению объемов кредитования на фоне сохраняющихся повышенных рисков на стороне заемщиков.,Credit,Backward-looking,Dovish,3,1,1,2018-02-09,2018,False
manual_000904,manual,False,,438469b004dfa95dc57ebae4bcc41f4a2eb3e369,mp_decisions,press_release,"Банк России принял решение снизить ключевую ставку на 25 б.п., до 7,50% годовых",9 февраля 2018 г,Восстановление кредитования не создает проинфляционных рисков.,Credit,Backward-looking,Confidence-building,3,1,4,2018-02-09,2018,False
manual_000905,manual,False,,438469b004dfa95dc57ebae4bcc41f4a2eb3e369,mp_decisions,press_release,"Банк России принял решение снизить ключевую ставку на 25 б.п., до 7,50% годовых",9 февраля 2018 г,"Принятое решение по ключевой ставке и потенциал ее последующего снижения будут способствовать дальнейшему смягчению денежно-кредитных условий, что создаст предпосылки для приближения годовой инфляции к 4%, поддерживая рост внутреннего спроса.",Interest rate,Forward-looking,Dovish,1,0,1,2018-02-09,2018,False
manual_000906,manual,False,,438469b004dfa95dc57ebae4bcc41f4a2eb3e369,mp_decisions,press_release,"Банк России принял решение снизить ключевую ставку на 25 б.п., до 7,50% годовых",9 февраля 2018 г,По мере перехода к нейтральной денежно-кредитной политике продолжится процесс нормализации формы кривой доходности.,Monetary conditions,Forward-looking,Neutral,2,0,2,2018-02-09,2018,False
manual_000907,manual,False,,438469b004dfa95dc57ebae4bcc41f4a2eb3e369,mp_decisions,press_release,"Банк России принял решение снизить ключевую ставку на 25 б.п., до 7,50% годовых",9 февраля 2018 г,"В этих условиях потенциал для снижения краткосрочных ставок больше, чем долгосрочных.",Monetary conditions,Forward-looking,Neutral,2,0,2,2018-02-09,2018,False
manual_000908,manual,False,,438469b004dfa95dc57ebae4bcc41f4a2eb3e369,mp_decisions,press_release,"Банк России принял решение снизить ключевую ставку на 25 б.п., до 7,50% годовых",9 февраля 2018 г,Экономическая активность.,Economic activity,Other,Other,5,2,5,2018-02-09,2018,True
manual_000909,manual,False,,438469b004dfa95dc57ebae4bcc41f4a2eb3e369,mp_decisions,press_release,"Банк России принял решение снизить ключевую ставку на 25 б.п., до 7,50% годовых",9 февраля 2018 г,"В IV квартале 2017 года произошло замедление экономической активности, однако остается некоторая неопределенность в оценке причин этого замедления, в том числе роли временных факторов.",Economic activity,Backward-looking,Risk-highlighting,5,1,3,2018-02-09,2018,False
manual_000910,manual,False,,438469b004dfa95dc57ebae4bcc41f4a2eb3e369,mp_decisions,press_release,"Банк России принял решение снизить ключевую ставку на 25 б.п., до 7,50% годовых",9 февраля 2018 г,После снижения выпуска в промышленности в ноябре 2017 года рост выпуска в декабре 2017 года возобновился в помесячном выражении.,Economic activity,Backward-looking,Neutral,5,1,2,2018-02-09,2018,False
manual_000911,manual,False,,438469b004dfa95dc57ebae4bcc41f4a2eb3e369,mp_decisions,press_release,"Банк России принял решение снизить ключевую ставку на 25 б.п., до 7,50% годовых",9 февраля 2018 г,Настроения производителей сохраняются на относительно высоком уровне.,Expectations,Backward-looking,Hawkish,4,1,0,2018-02-09,2018,False
manual_000912,manual,False,,438469b004dfa95dc57ebae4bcc41f4a2eb3e369,mp_decisions,press_release,"Банк России принял решение снизить ключевую ставку на 25 б.п., до 7,50% годовых",9 февраля 2018 г,"В дальнейшем их поддержит рост внутреннего спроса на фоне увеличения реальных заработных плат, а также повышение темпов роста мировой экономики.",Labor market,Forward-looking,Hawkish,6,0,0,2018-02-09,2018,False
manual_000913,manual,False,,438469b004dfa95dc57ebae4bcc41f4a2eb3e369,mp_decisions,press_release,"Банк России принял решение снизить ключевую ставку на 25 б.п., до 7,50% годовых",9 февраля 2018 г,"Безработица находится на уровне, не создающем избыточного инфляционного давления.",Labor market,Backward-looking,Confidence-building,6,1,4,2018-02-09,2018,False
manual_000914,manual,False,,438469b004dfa95dc57ebae4bcc41f4a2eb3e369,mp_decisions,press_release,"Банк России принял решение снизить ключевую ставку на 25 б.п., до 7,50% годовых",9 февраля 2018 г,Инфляционные риски.,Inflation,Other,Other,0,2,5,2018-02-09,2018,True
manual_000915,manual,False,,438469b004dfa95dc57ebae4bcc41f4a2eb3e369,mp_decisions,press_release,"Банк России принял решение снизить ключевую ставку на 25 б.п., до 7,50% годовых",9 февраля 2018 г,Краткосрочные проинфляционные риски ослабли.,Inflation,Backward-looking,Dovish,0,1,1,2018-02-09,2018,False
manual_000916,manual,False,,438469b004dfa95dc57ebae4bcc41f4a2eb3e369,mp_decisions,press_release,"Банк России принял решение снизить ключевую ставку на 25 б.п., до 7,50% годовых",9 февраля 2018 г,В связи с этим баланс экономических и инфляционных рисков несколько сместился в сторону рисков для экономики.,Economic activity,Backward-looking,Risk-highlighting,5,1,3,2018-02-09,2018,False
manual_000917,manual,False,,438469b004dfa95dc57ebae4bcc41f4a2eb3e369,mp_decisions,press_release,"Банк России принял решение снизить ключевую ставку на 25 б.п., до 7,50% годовых",9 февраля 2018 г,Усилилась неопределенность в отношении конъюнктуры глобальных финансовых рынков.,External conditions,Backward-looking,Risk-highlighting,7,1,3,2018-02-09,2018,False
manual_000918,manual,False,,438469b004dfa95dc57ebae4bcc41f4a2eb3e369,mp_decisions,press_release,"Банк России принял решение снизить ключевую ставку на 25 б.п., до 7,50% годовых",9 февраля 2018 г,Вероятность превышения годовой инфляцией 4% в текущем году существенно снизилась.,Inflation,Forward-looking,Dovish,0,0,1,2018-02-09,2018,False
manual_000919,manual,False,,438469b004dfa95dc57ebae4bcc41f4a2eb3e369,mp_decisions,press_release,"Банк России принял решение снизить ключевую ставку на 25 б.п., до 7,50% годовых",9 февраля 2018 г,В этих условиях Банк России продолжит снижение ключевой ставки и допускает завершение перехода от умеренно жесткой к нейтральной денежно-кредитной политике в 2018 году.,Interest rate,Forward-looking,Dovish,1,0,1,2018-02-09,2018,False
manual_000920,manual,False,,438469b004dfa95dc57ebae4bcc41f4a2eb3e369,mp_decisions,press_release,"Банк России принял решение снизить ключевую ставку на 25 б.п., до 7,50% годовых",9 февраля 2018 г,Оценка Банком России среднесрочных рисков для динамики инфляции существенно не изменилась.,Inflation,Backward-looking,Risk-highlighting,0,1,3,2018-02-09,2018,False
manual_000921,manual,False,,438469b004dfa95dc57ebae4bcc41f4a2eb3e369,mp_decisions,press_release,"Банк России принял решение снизить ключевую ставку на 25 б.п., до 7,50% годовых",9 февраля 2018 г,"Ряд факторов могут одновременно нести риски отклонения инфляции как вверх, так и вниз от цели в зависимости от развития ситуации.",Inflation,Forward-looking,Risk-highlighting,0,0,3,2018-02-09,2018,False
manual_000922,manual,False,,438469b004dfa95dc57ebae4bcc41f4a2eb3e369,mp_decisions,press_release,"Банк России принял решение снизить ключевую ставку на 25 б.п., до 7,50% годовых",9 февраля 2018 г,"К ним относится динамика продовольственных и нефтяных цен, для которых характерна высокая волатильность.",Inflation,Forward-looking,Risk-highlighting,0,0,3,2018-02-09,2018,False
manual_000923,manual,False,,438469b004dfa95dc57ebae4bcc41f4a2eb3e369,mp_decisions,press_release,"Банк России принял решение снизить ключевую ставку на 25 б.п., до 7,50% годовых",9 февраля 2018 г,Реализация бюджетного правила будет сглаживать влияние конъюнктуры нефтяного рынка на инфляцию и внутренние экономические условия в целом.,Fiscal policy,Forward-looking,Confidence-building,8,0,4,2018-02-09,2018,False
manual_000924,manual,False,,438469b004dfa95dc57ebae4bcc41f4a2eb3e369,mp_decisions,press_release,"Банк России принял решение снизить ключевую ставку на 25 б.п., до 7,50% годовых",9 февраля 2018 г,"В то же время некоторые факторы создают в основном проинфляционные риски: это развитие ситуации на рынке труда, возможные изменения в потребительском поведении, характер инфляционных ожиданий.",Labor market,Forward-looking,Risk-highlighting,6,0,3,2018-02-09,2018,False
manual_000925,manual,False,,438469b004dfa95dc57ebae4bcc41f4a2eb3e369,mp_decisions,press_release,"Банк России принял решение снизить ключевую ставку на 25 б.п., до 7,50% годовых",9 февраля 2018 г,В среднесрочном периоде (в 2019-2020 годах) риски отклонения годовой инфляции вверх от 4% по-прежнему преобладают над рисками отклонения инфляции вниз.,Inflation,Forward-looking,Risk-highlighting,0,0,3,2018-02-09,2018,False
manual_000926,manual,False,,438469b004dfa95dc57ebae4bcc41f4a2eb3e369,mp_decisions,press_release,"Банк России принял решение снизить ключевую ставку на 25 б.п., до 7,50% годовых",9 февраля 2018 г,"Во-первых, усиление структурного дефицита трудовых ресурсов может привести к значимому отставанию темпов роста производительности труда от роста заработной платы.",Labor market,Forward-looking,Risk-highlighting,6,0,3,2018-02-09,2018,False
manual_000927,manual,False,,438469b004dfa95dc57ebae4bcc41f4a2eb3e369,mp_decisions,press_release,"Банк России принял решение снизить ключевую ставку на 25 б.п., до 7,50% годовых",9 февраля 2018 г,"Во-вторых, источником инфляционного давления может стать изменение модели поведения домашних хозяйств, связанное с существенным снижением склонности к сбережению.",Economic activity,Forward-looking,Risk-highlighting,5,0,3,2018-02-09,2018,False
manual_000928,manual,False,,438469b004dfa95dc57ebae4bcc41f4a2eb3e369,mp_decisions,press_release,"Банк России принял решение снизить ключевую ставку на 25 б.п., до 7,50% годовых",9 февраля 2018 г,"В-третьих, инфляционные ожидания остаются на повышенном уровне и подвержены колебаниям под влиянием изменения цен на отдельные группы товаров и услуг и курсовой динамики.",Expectations,Backward-looking,Risk-highlighting,4,1,3,2018-02-09,2018,False
manual_000929,manual,False,,438469b004dfa95dc57ebae4bcc41f4a2eb3e369,mp_decisions,press_release,"Банк России принял решение снизить ключевую ставку на 25 б.п., до 7,50% годовых",9 февраля 2018 г,"Кроме того, среднесрочный баланс рисков для динамики инфляции будет зависеть от перспектив бюджетных и тарифных решений в 2019-2020 годах.",Fiscal policy,Forward-looking,Risk-highlighting,8,0,3,2018-02-09,2018,False
manual_000930,manual,False,,438469b004dfa95dc57ebae4bcc41f4a2eb3e369,mp_decisions,press_release,"Банк России принял решение снизить ключевую ставку на 25 б.п., до 7,50% годовых",9 февраля 2018 г,Банк России также будет отслеживать риски со стороны внешних факторов на всем прогнозном горизонте.,External conditions,Forward-looking,Risk-highlighting,7,0,3,2018-02-09,2018,False
manual_000931,manual,False,,438469b004dfa95dc57ebae4bcc41f4a2eb3e369,mp_decisions,press_release,"Банк России принял решение снизить ключевую ставку на 25 б.п., до 7,50% годовых",9 февраля 2018 г,"Следующее заседание Совета директоров Банка России, на котором будет рассматриваться вопрос об уровне ключевой ставки, запланировано на 23 марта 2018 года.",Interest rate,Forward-looking,Other,1,0,5,2018-02-09,2018,False
manual_000932,manual,False,,438469b004dfa95dc57ebae4bcc41f4a2eb3e369,mp_decisions,press_release,"Банк России принял решение снизить ключевую ставку на 25 б.п., до 7,50% годовых",9 февраля 2018 г,Время публикации пресс-релиза о решении Совета директоров Банка России — 13:30 по московскому времени.,Other,Other,Other,11,2,5,2018-02-09,2018,True
manual_000933,manual,False,,438469b004dfa95dc57ebae4bcc41f4a2eb3e369,mp_decisions,press_release,"Банк России принял решение снизить ключевую ставку на 25 б.п., до 7,50% годовых",9 февраля 2018 г,Процентные ставки по операциям Банка России.,Interest rate,Other,Other,1,2,5,2018-02-09,2018,False
manual_000934,manual,False,,438469b004dfa95dc57ebae4bcc41f4a2eb3e369,mp_decisions,press_release,"Банк России принял решение снизить ключевую ставку на 25 б.п., до 7,50% годовых",9 февраля 2018 г,При использовании материала ссылка на Пресс-службу Банка России обязательна.,Other,Other,Other,11,2,5,2018-02-09,2018,True
manual_000935,manual,False,,438469b004dfa95dc57ebae4bcc41f4a2eb3e369,mp_decisions,press_release,"Банк России принял решение снизить ключевую ставку на 25 б.п., до 7,50% годовых",9 февраля 2018 г,09.02.2018 00:00:00,Other,Other,Other,11,2,5,2018-02-09,2018,True
manual_000936,manual,False,,e70f7be5b0b6184eec7d3e8e3f3864c2778b2773,mp_decisions,press_release,"Банк России принял решение сохранить ключевую ставку на уровне 7,75% годовых",8 февраля 2019 г,"Банк России принял решение сохранить ключевую ставку на уровне 7,75% годовых.",Interest rate,Backward-looking,Neutral,1,1,2,2019-02-08,2019,False
manual_000937,manual,False,,e70f7be5b0b6184eec7d3e8e3f3864c2778b2773,mp_decisions,press_release,"Банк России принял решение сохранить ключевую ставку на уровне 7,75% годовых",8 февраля 2019 г,"Совет директоров Банка России 8 февраля 2019 года принял решение сохранить ключевую ставку на уровне 7,75% годовых.",Interest rate,Backward-looking,Neutral,1,1,2,2019-02-08,2019,False
manual_000938,manual,False,,e70f7be5b0b6184eec7d3e8e3f3864c2778b2773,mp_decisions,press_release,"Банк России принял решение сохранить ключевую ставку на уровне 7,75% годовых",8 февраля 2019 г,Годовая инфляция в январе 2019 года соответствовала нижней границе ожиданий Банка России.,Inflation,Backward-looking,Confidence-building,0,1,4,2019-02-08,2019,False
manual_000939,manual,False,,e70f7be5b0b6184eec7d3e8e3f3864c2778b2773,mp_decisions,press_release,"Банк России принял решение сохранить ключевую ставку на уровне 7,75% годовых",8 февраля 2019 г,Инфляционные ожидания населения и предприятий несколько выросли.,Expectations,Backward-looking,Hawkish,4,1,0,2019-02-08,2019,False
manual_000940,manual,False,,e70f7be5b0b6184eec7d3e8e3f3864c2778b2773,mp_decisions,press_release,"Банк России принял решение сохранить ключевую ставку на уровне 7,75% годовых",8 февраля 2019 г,Вклад повышения НДС в годовые темпы роста потребительских цен в январе был умеренным.,Fiscal policy,Backward-looking,Neutral,8,1,2,2019-02-08,2019,False
manual_000941,manual,False,,e70f7be5b0b6184eec7d3e8e3f3864c2778b2773,mp_decisions,press_release,"Банк России принял решение сохранить ключевую ставку на уровне 7,75% годовых",8 февраля 2019 г,В полной мере влияние НДС на инфляцию можно будет оценить не ранее апреля текущего года.,Fiscal policy,Forward-looking,Neutral,8,0,2,2019-02-08,2019,False
manual_000942,manual,False,,e70f7be5b0b6184eec7d3e8e3f3864c2778b2773,mp_decisions,press_release,"Банк России принял решение сохранить ключевую ставку на уровне 7,75% годовых",8 февраля 2019 г,Также сохраняется неопределенность относительно дальнейшего развития внешних условий и динамики цен на отдельные продовольственные товары.,External conditions,Forward-looking,Risk-highlighting,7,0,3,2019-02-08,2019,False
manual_000943,manual,False,,e70f7be5b0b6184eec7d3e8e3f3864c2778b2773,mp_decisions,press_release,"Банк России принял решение сохранить ключевую ставку на уровне 7,75% годовых",8 февраля 2019 г,"Баланс рисков по-прежнему смещен в сторону проинфляционных, особенно на краткосрочном горизонте.",Inflation,Forward-looking,Risk-highlighting,0,0,3,2019-02-08,2019,False
manual_000944,manual,False,,e70f7be5b0b6184eec7d3e8e3f3864c2778b2773,mp_decisions,press_release,"Банк России принял решение сохранить ключевую ставку на уровне 7,75% годовых",8 февраля 2019 г,"С учетом принятого решения Банк России прогнозирует годовую инфляцию в интервале 5,0–5,5% по итогам 2019 года с возвращением к 4% в первой половине 2020 года.",Inflation,Forward-looking,Hawkish,0,0,0,2019-02-08,2019,False
manual_000945,manual,False,,e70f7be5b0b6184eec7d3e8e3f3864c2778b2773,mp_decisions,press_release,"Банк России принял решение сохранить ключевую ставку на уровне 7,75% годовых",8 февраля 2019 г,"Банк России будет принимать решения по ключевой ставке, оценивая достаточность повышения ключевой ставки в сентябре и декабре 2018 года для возврата годовой инфляции к цели в 2020 году, с учетом динамики инфляции и экономики относительно прогноза, а также рисков со стороны внешних условий и реакции на них финансовых рынков.",Interest rate,Forward-looking,Hawkish,1,0,0,2019-02-08,2019,False
manual_000946,manual,False,,e70f7be5b0b6184eec7d3e8e3f3864c2778b2773,mp_decisions,press_release,"Банк России принял решение сохранить ключевую ставку на уровне 7,75% годовых",8 февраля 2019 г,Динамика инфляции.,Inflation,Other,Other,0,2,5,2019-02-08,2019,True
manual_000947,manual,False,,e70f7be5b0b6184eec7d3e8e3f3864c2778b2773,mp_decisions,press_release,"Банк России принял решение сохранить ключевую ставку на уровне 7,75% годовых",8 февраля 2019 г,Годовая инфляция в январе 2019 года соответствовала нижней границе ожиданий Банка России.,Inflation,Backward-looking,Confidence-building,0,1,4,2019-02-08,2019,False
manual_000948,manual,False,,e70f7be5b0b6184eec7d3e8e3f3864c2778b2773,mp_decisions,press_release,"Банк России принял решение сохранить ключевую ставку на уровне 7,75% годовых",8 февраля 2019 г,"В январе годовой темп прироста потребительских цен увеличился до 5,0% (с 4,3% в декабре 2018 года).",Inflation,Backward-looking,Hawkish,0,1,0,2019-02-08,2019,False
manual_000949,manual,False,,e70f7be5b0b6184eec7d3e8e3f3864c2778b2773,mp_decisions,press_release,"Банк России принял решение сохранить ключевую ставку на уровне 7,75% годовых",8 февраля 2019 г,Вклад повышения НДС в годовые темпы роста потребительских цен в январе был умеренным.,Fiscal policy,Backward-looking,Neutral,8,1,2,2019-02-08,2019,False
manual_000950,manual,False,,e70f7be5b0b6184eec7d3e8e3f3864c2778b2773,mp_decisions,press_release,"Банк России принял решение сохранить ключевую ставку на уровне 7,75% годовых",8 февраля 2019 г,В полной мере влияние НДС на инфляцию можно будет оценить не ранее апреля текущего года.,Fiscal policy,Forward-looking,Neutral,8,0,2,2019-02-08,2019,False
manual_000951,manual,False,,e70f7be5b0b6184eec7d3e8e3f3864c2778b2773,mp_decisions,press_release,"Банк России принял решение сохранить ключевую ставку на уровне 7,75% годовых",8 февраля 2019 г,"Существенную роль в повышении инфляции в январе сыграло увеличение темпа роста цен на продовольственные товары до 5,5% (с 4,7% в декабре 2018 года).",Inflation,Backward-looking,Hawkish,0,1,0,2019-02-08,2019,False
manual_000952,manual,False,,e70f7be5b0b6184eec7d3e8e3f3864c2778b2773,mp_decisions,press_release,"Банк России принял решение сохранить ключевую ставку на уровне 7,75% годовых",8 февраля 2019 г,Ускорение продовольственной инфляции носит во многом восстановительный характер после ее существенного снижения во второй половине 2017 — первой половине 2018 года.,Inflation,Backward-looking,Neutral,0,1,2,2019-02-08,2019,False
manual_000953,manual,False,,e70f7be5b0b6184eec7d3e8e3f3864c2778b2773,mp_decisions,press_release,"Банк России принял решение сохранить ключевую ставку на уровне 7,75% годовых",8 февраля 2019 г,"Кроме того, завершается подстройка цен к произошедшему во втором полугодии 2018 года ослаблению рубля.",Exchange rate,Backward-looking,Hawkish,9,1,0,2019-02-08,2019,False
manual_000954,manual,False,,e70f7be5b0b6184eec7d3e8e3f3864c2778b2773,mp_decisions,press_release,"Банк России принял решение сохранить ключевую ставку на уровне 7,75% годовых",8 февраля 2019 г,"Цены на непродовольственные товары и услуги за последние 12 месяцев увеличились в меньшей мере, чем на продовольственном рынке.",Inflation,Backward-looking,Neutral,0,1,2,2019-02-08,2019,False
manual_000955,manual,False,,e70f7be5b0b6184eec7d3e8e3f3864c2778b2773,mp_decisions,press_release,"Банк России принял решение сохранить ключевую ставку на уровне 7,75% годовых",8 февраля 2019 г,В январе ценовые ожидания предприятий увеличились в связи с произошедшим ранее ослаблением рубля и повышением НДС.,Expectations,Backward-looking,Hawkish,4,1,0,2019-02-08,2019,False
manual_000956,manual,False,,e70f7be5b0b6184eec7d3e8e3f3864c2778b2773,mp_decisions,press_release,"Банк России принял решение сохранить ключевую ставку на уровне 7,75% годовых",8 февраля 2019 г,Инфляционные ожидания населения повысились незначительно.,Expectations,Backward-looking,Hawkish,4,1,0,2019-02-08,2019,False
manual_000957,manual,False,,e70f7be5b0b6184eec7d3e8e3f3864c2778b2773,mp_decisions,press_release,"Банк России принял решение сохранить ключевую ставку на уровне 7,75% годовых",8 февраля 2019 г,"По прогнозу Банка России, под действием повышения НДС и произошедшего в 2018 году ослабления рубля годовая инфляция временно ускорится, достигнув максимума в первом полугодии 2019 года, и составит 5,0–5,5% на конец 2019 года.",Fiscal policy,Forward-looking,Hawkish,8,0,0,2019-02-08,2019,False
manual_000958,manual,False,,e70f7be5b0b6184eec7d3e8e3f3864c2778b2773,mp_decisions,press_release,"Банк России принял решение сохранить ключевую ставку на уровне 7,75% годовых",8 февраля 2019 г,Квартальные темпы прироста потребительских цен в годовом выражении замедлятся до 4% уже во втором полугодии 2019 года.,Inflation,Forward-looking,Dovish,0,0,1,2019-02-08,2019,False
manual_000959,manual,False,,e70f7be5b0b6184eec7d3e8e3f3864c2778b2773,mp_decisions,press_release,"Банк России принял решение сохранить ключевую ставку на уровне 7,75% годовых",8 февраля 2019 г,"Годовая инфляция вернется к 4% в первой половине 2020 года, когда эффекты произошедшего ослабления рубля и повышения НДС будут исчерпаны.",Inflation,Forward-looking,Dovish,0,0,1,2019-02-08,2019,False
manual_000960,manual,False,,e70f7be5b0b6184eec7d3e8e3f3864c2778b2773,mp_decisions,press_release,"Банк России принял решение сохранить ключевую ставку на уровне 7,75% годовых",8 февраля 2019 г,Денежно-кредитные условия.,Monetary conditions,Other,Other,2,2,5,2019-02-08,2019,False
manual_000961,manual,False,,e70f7be5b0b6184eec7d3e8e3f3864c2778b2773,mp_decisions,press_release,"Банк России принял решение сохранить ключевую ставку на уровне 7,75% годовых",8 февраля 2019 г,С момента предыдущего заседания Совета директоров Банка России денежно-кредитные условия существенно не изменились.,Monetary conditions,Backward-looking,Neutral,2,1,2,2019-02-08,2019,False
manual_000962,manual,False,,e70f7be5b0b6184eec7d3e8e3f3864c2778b2773,mp_decisions,press_release,"Банк России принял решение сохранить ключевую ставку на уровне 7,75% годовых",8 февраля 2019 г,Динамика процентных ставок на различных сегментах внутреннего финансового рынка была разнонаправленной.,Monetary conditions,Backward-looking,Neutral,2,1,2,2019-02-08,2019,False
manual_000963,manual,False,,e70f7be5b0b6184eec7d3e8e3f3864c2778b2773,mp_decisions,press_release,"Банк России принял решение сохранить ключевую ставку на уровне 7,75% годовых",8 февраля 2019 г,Доходности ОФЗ снизились на фоне стабилизации ситуации на внешних финансовых рынках.,External conditions,Backward-looking,Confidence-building,7,1,4,2019-02-08,2019,False
manual_000964,manual,False,,e70f7be5b0b6184eec7d3e8e3f3864c2778b2773,mp_decisions,press_release,"Банк России принял решение сохранить ключевую ставку на уровне 7,75% годовых",8 февраля 2019 г,Ставки на депозитно-кредитном рынке несколько повысились.,Monetary conditions,Backward-looking,Neutral,2,1,2,2019-02-08,2019,False
manual_000965,manual,False,,e70f7be5b0b6184eec7d3e8e3f3864c2778b2773,mp_decisions,press_release,"Банк России принял решение сохранить ключевую ставку на уровне 7,75% годовых",8 февраля 2019 г,Сохранение положительных реальных процентных ставок по депозитам и облигациям поддержит привлекательность сбережений и сбалансированный рост потребления.,Monetary conditions,Forward-looking,Neutral,2,0,2,2019-02-08,2019,False
manual_000966,manual,False,,e70f7be5b0b6184eec7d3e8e3f3864c2778b2773,mp_decisions,press_release,"Банк России принял решение сохранить ключевую ставку на уровне 7,75% годовых",8 февраля 2019 г,Экономическая активность.,Economic activity,Other,Other,5,2,5,2019-02-08,2019,True
manual_000967,manual,False,,e70f7be5b0b6184eec7d3e8e3f3864c2778b2773,mp_decisions,press_release,"Банк России принял решение сохранить ключевую ставку на уровне 7,75% годовых",8 февраля 2019 г,"По первой оценке Росстата, прирост ВВП за 2018 год составил 2,3%, что выше прогноза Банка России в 1,5–2%.",Economic activity,Backward-looking,Confidence-building,5,1,4,2019-02-08,2019,False
manual_000968,manual,False,,e70f7be5b0b6184eec7d3e8e3f3864c2778b2773,mp_decisions,press_release,"Банк России принял решение сохранить ключевую ставку на уровне 7,75% годовых",8 февраля 2019 г,Однако в последние месяцы 2018 года рост деловой активности замедлился.,Economic activity,Backward-looking,Dovish,5,1,1,2019-02-08,2019,False
manual_000969,manual,False,,e70f7be5b0b6184eec7d3e8e3f3864c2778b2773,mp_decisions,press_release,"Банк России принял решение сохранить ключевую ставку на уровне 7,75% годовых",8 февраля 2019 г,"В декабре снизились темпы роста промышленного производства, объема строительных работ, реальной заработной платы и оборота розничной торговли.",Economic activity,Backward-looking,Dovish,5,1,1,2019-02-08,2019,False
manual_000970,manual,False,,e70f7be5b0b6184eec7d3e8e3f3864c2778b2773,mp_decisions,press_release,"Банк России принял решение сохранить ключевую ставку на уровне 7,75% годовых",8 февраля 2019 г,"Банк России сохраняет прогноз темпов роста ВВП в 1,2–1,7% в 2019 году.",Economic activity,Forward-looking,Neutral,5,0,2,2019-02-08,2019,False
manual_000971,manual,False,,e70f7be5b0b6184eec7d3e8e3f3864c2778b2773,mp_decisions,press_release,"Банк России принял решение сохранить ключевую ставку на уровне 7,75% годовых",8 февраля 2019 г,"Повышение НДС может оказать небольшое сдерживающее влияние на деловую активность, преимущественно в начале года.",Fiscal policy,Forward-looking,Dovish,8,0,1,2019-02-08,2019,False
manual_000972,manual,False,,e70f7be5b0b6184eec7d3e8e3f3864c2778b2773,mp_decisions,press_release,"Банк России принял решение сохранить ключевую ставку на уровне 7,75% годовых",8 февраля 2019 г,"Дополнительные полученные бюджетные средства уже в 2019 году будут направлены на повышение государственных расходов, в том числе инвестиционного характера.",Fiscal policy,Forward-looking,Hawkish,8,0,0,2019-02-08,2019,False
manual_000973,manual,False,,e70f7be5b0b6184eec7d3e8e3f3864c2778b2773,mp_decisions,press_release,"Банк России принял решение сохранить ключевую ставку на уровне 7,75% годовых",8 февраля 2019 г,В последующие годы возможно повышение темпов экономического роста по мере реализации запланированных структурных мер.,Economic activity,Forward-looking,Hawkish,5,0,0,2019-02-08,2019,False
manual_000974,manual,False,,e70f7be5b0b6184eec7d3e8e3f3864c2778b2773,mp_decisions,press_release,"Банк России принял решение сохранить ключевую ставку на уровне 7,75% годовых",8 февраля 2019 г,Инфляционные риски.,Inflation,Other,Other,0,2,5,2019-02-08,2019,True
manual_000975,manual,False,,e70f7be5b0b6184eec7d3e8e3f3864c2778b2773,mp_decisions,press_release,"Банк России принял решение сохранить ключевую ставку на уровне 7,75% годовых",8 февраля 2019 г,"Баланс рисков остается смещенным в сторону проинфляционных рисков, особенно на краткосрочном горизонте в связи с повышением НДС и динамикой цен на отдельные продовольственные товары.",Inflation,Forward-looking,Risk-highlighting,0,0,3,2019-02-08,2019,False
manual_000976,manual,False,,e70f7be5b0b6184eec7d3e8e3f3864c2778b2773,mp_decisions,press_release,"Банк России принял решение сохранить ключевую ставку на уровне 7,75% годовых",8 февраля 2019 г,Сохраняется неопределенность относительно дальнейшего развития внешних условий и их влияния на цены финансовых активов.,External conditions,Forward-looking,Risk-highlighting,7,0,3,2019-02-08,2019,False
manual_000977,manual,False,,e70f7be5b0b6184eec7d3e8e3f3864c2778b2773,mp_decisions,press_release,"Банк России принял решение сохранить ключевую ставку на уровне 7,75% годовых",8 февраля 2019 г,"Несмотря на рост нефтяных цен в январе 2019 года, риски превышения предложения над спросом на рынке нефти в 2019 году остаются повышенными.",External conditions,Forward-looking,Risk-highlighting,7,0,3,2019-02-08,2019,False
manual_000978,manual,False,,e70f7be5b0b6184eec7d3e8e3f3864c2778b2773,mp_decisions,press_release,"Банк России принял решение сохранить ключевую ставку на уровне 7,75% годовых",8 февраля 2019 г,Пересмотр ожидаемых темпов ужесточения денежно-кредитной политики ФРС США и центральными банками других стран с развитыми рынками снижает риски устойчивого оттока капитала из стран с формирующимися рынками.,External conditions,Forward-looking,Confidence-building,7,0,4,2019-02-08,2019,False
manual_000979,manual,False,,e70f7be5b0b6184eec7d3e8e3f3864c2778b2773,mp_decisions,press_release,"Банк России принял решение сохранить ключевую ставку на уровне 7,75% годовых",8 февраля 2019 г,Вместе с тем геополитические факторы могут привести к усилению волатильности на товарных и финансовых рынках и оказать влияние на курсовые и инфляционные ожидания.,External conditions,Forward-looking,Risk-highlighting,7,0,3,2019-02-08,2019,False
manual_000980,manual,False,,e70f7be5b0b6184eec7d3e8e3f3864c2778b2773,mp_decisions,press_release,"Банк России принял решение сохранить ключевую ставку на уровне 7,75% годовых",8 февраля 2019 г,"Оценка Банком России рисков, связанных с динамикой заработных плат, возможными изменениями в потребительском поведении, бюджетными расходами, существенно не изменилась.",Labor market,Backward-looking,Risk-highlighting,6,1,3,2019-02-08,2019,False
manual_000981,manual,False,,e70f7be5b0b6184eec7d3e8e3f3864c2778b2773,mp_decisions,press_release,"Банк России принял решение сохранить ключевую ставку на уровне 7,75% годовых",8 февраля 2019 г,Эти риски остаются умеренными.,Other,Backward-looking,Risk-highlighting,11,1,3,2019-02-08,2019,False
manual_000982,manual,False,,e70f7be5b0b6184eec7d3e8e3f3864c2778b2773,mp_decisions,press_release,"Банк России принял решение сохранить ключевую ставку на уровне 7,75% годовых",8 февраля 2019 г,"Банк России будет принимать решения по ключевой ставке, оценивая достаточность повышения ключевой ставки в сентябре и декабре 2018 года для возврата годовой инфляции к цели в 2020 году, с учетом динамики инфляции и экономики относительно прогноза, а также рисков со стороны внешних условий и реакции на них финансовых рынков.",Interest rate,Forward-looking,Hawkish,1,0,0,2019-02-08,2019,False
manual_000983,manual,False,,e70f7be5b0b6184eec7d3e8e3f3864c2778b2773,mp_decisions,press_release,"Банк России принял решение сохранить ключевую ставку на уровне 7,75% годовых",8 февраля 2019 г,"Следующее заседание Совета директоров Банка России, на котором будет рассматриваться вопрос об уровне ключевой ставки, запланировано на 22 марта 2019 года.",Interest rate,Forward-looking,Other,1,0,5,2019-02-08,2019,False
manual_000984,manual,False,,e70f7be5b0b6184eec7d3e8e3f3864c2778b2773,mp_decisions,press_release,"Банк России принял решение сохранить ключевую ставку на уровне 7,75% годовых",8 февраля 2019 г,Время публикации пресс-релиза о решении Совета директоров Банка России — 13:30 по московскому времени.,Other,Other,Other,11,2,5,2019-02-08,2019,True
manual_000985,manual,False,,e70f7be5b0b6184eec7d3e8e3f3864c2778b2773,mp_decisions,press_release,"Банк России принял решение сохранить ключевую ставку на уровне 7,75% годовых",8 февраля 2019 г,При использовании материала ссылка на Пресс-службу Банка России обязательна.,Other,Other,Other,11,2,5,2019-02-08,2019,True
manual_000986,manual,False,,e70f7be5b0b6184eec7d3e8e3f3864c2778b2773,mp_decisions,press_release,"Банк России принял решение сохранить ключевую ставку на уровне 7,75% годовых",8 февраля 2019 г,08.02.2019 00:00:00,Other,Other,Other,11,2,5,2019-02-08,2019,True
manual_000987,manual,False,,b2ea915698cf5e47ec2207468515159f9e91ff2b,mp_decisions,press_release,"Банк России принял решение снизить ключевую ставку на 25 б.п., до 6,00% годовых",7 февраля 2020 г,"Совет директоров Банка России 7 февраля 2020 года принял решение снизить ключевую ставку на 25 б.п., до 6,00% годовых.",Interest rate,Backward-looking,Dovish,1,1,1,2020-02-07,2020,False
manual_000988,manual,False,,b2ea915698cf5e47ec2207468515159f9e91ff2b,mp_decisions,press_release,"Банк России принял решение снизить ключевую ставку на 25 б.п., до 6,00% годовых",7 февраля 2020 г,"Замедление инфляции происходит быстрее, чем прогнозировалось.",Inflation,Backward-looking,Dovish,0,1,1,2020-02-07,2020,False
manual_000989,manual,False,,b2ea915698cf5e47ec2207468515159f9e91ff2b,mp_decisions,press_release,"Банк России принял решение снизить ключевую ставку на 25 б.п., до 6,00% годовых",7 февраля 2020 г,Инфляционные ожидания населения и ценовые ожидания предприятий в целом остаются стабильными.,Expectations,Backward-looking,Neutral,4,1,2,2020-02-07,2020,False
manual_000990,manual,False,,b2ea915698cf5e47ec2207468515159f9e91ff2b,mp_decisions,press_release,"Банк России принял решение снизить ключевую ставку на 25 б.п., до 6,00% годовых",7 февраля 2020 г,Темпы роста российской экономики увеличились во втором полугодии 2019 года.,Economic activity,Backward-looking,Neutral,5,1,2,2020-02-07,2020,False
manual_000991,manual,False,,b2ea915698cf5e47ec2207468515159f9e91ff2b,mp_decisions,press_release,"Банк России принял решение снизить ключевую ставку на 25 б.п., до 6,00% годовых",7 февраля 2020 г,Сохраняются риски существенного замедления мировой экономики.,External conditions,Forward-looking,Risk-highlighting,7,0,3,2020-02-07,2020,False
manual_000992,manual,False,,b2ea915698cf5e47ec2207468515159f9e91ff2b,mp_decisions,press_release,"Банк России принял решение снизить ключевую ставку на 25 б.п., до 6,00% годовых",7 февраля 2020 г,На краткосрочном горизонте дезинфляционные риски по-прежнему преобладают над проинфляционными.,Inflation,Forward-looking,Risk-highlighting,0,0,3,2020-02-07,2020,False
manual_000993,manual,False,,b2ea915698cf5e47ec2207468515159f9e91ff2b,mp_decisions,press_release,"Банк России принял решение снизить ключевую ставку на 25 б.п., до 6,00% годовых",7 февраля 2020 г,"В этих условиях с учетом проводимой денежно-кредитной политики годовая инфляция составит 3,5–4,0% по итогам 2020 года и останется вблизи 4% в дальнейшем.",Inflation,Forward-looking,Neutral,0,0,2,2020-02-07,2020,False
manual_000994,manual,False,,b2ea915698cf5e47ec2207468515159f9e91ff2b,mp_decisions,press_release,"Банк России принял решение снизить ключевую ставку на 25 б.п., до 6,00% годовых",7 февраля 2020 г,При развитии ситуации в соответствии с базовым прогнозом Банк России допускает возможность дальнейшего снижения ключевой ставки на ближайших заседаниях.,Interest rate,Forward-looking,Dovish,1,0,1,2020-02-07,2020,False
manual_000995,manual,False,,b2ea915698cf5e47ec2207468515159f9e91ff2b,mp_decisions,press_release,"Банк России принял решение снизить ключевую ставку на 25 б.п., до 6,00% годовых",7 февраля 2020 г,"Банк России будет принимать решения по ключевой ставке с учетом фактической и ожидаемой динамики инфляции относительно цели, развития экономики на прогнозном горизонте, а также оценивая риски со стороны внутренних и внешних условий и реакции на них финансовых рынков.",Interest rate,Forward-looking,Neutral,1,0,2,2020-02-07,2020,False
manual_000996,manual,False,,b2ea915698cf5e47ec2207468515159f9e91ff2b,mp_decisions,press_release,"Банк России принял решение снизить ключевую ставку на 25 б.п., до 6,00% годовых",7 февраля 2020 г,Динамика инфляции.,Other,Other,Other,11,2,5,2020-02-07,2020,True
manual_000997,manual,False,,b2ea915698cf5e47ec2207468515159f9e91ff2b,mp_decisions,press_release,"Банк России принял решение снизить ключевую ставку на 25 б.п., до 6,00% годовых",7 февраля 2020 г,"Замедление инфляции происходит быстрее, чем прогнозировалось.",Inflation,Backward-looking,Dovish,0,1,1,2020-02-07,2020,False
manual_000998,manual,False,,b2ea915698cf5e47ec2207468515159f9e91ff2b,mp_decisions,press_release,"Банк России принял решение снизить ключевую ставку на 25 б.п., до 6,00% годовых",7 февраля 2020 г,"Годовой темп прироста потребительских цен в январе снизился до 2,4% (с 3,0% в декабре 2019 года) как за счет выхода из расчета эффекта повышения НДС, так и за счет умеренного темпа роста цен в январе.",Inflation,Backward-looking,Dovish,0,1,1,2020-02-07,2020,False
manual_000999,manual,False,,b2ea915698cf5e47ec2207468515159f9e91ff2b,mp_decisions,press_release,"Банк России принял решение снизить ключевую ставку на 25 б.п., до 6,00% годовых",7 февраля 2020 г,"Годовая базовая инфляция по итогам января снизилась до 2,7% после 3,1% в декабре.",Inflation,Backward-looking,Dovish,0,1,1,2020-02-07,2020,False
manual_001000,manual,False,,b2ea915698cf5e47ec2207468515159f9e91ff2b,mp_decisions,press_release,"Банк России принял решение снизить ключевую ставку на 25 б.п., до 6,00% годовых",7 февраля 2020 г,"Показатели инфляции, отражающие наиболее устойчивые процессы ценовой динамики, по оценкам Банка России, находятся вблизи или ниже 3%.",Inflation,Backward-looking,Dovish,0,1,1,2020-02-07,2020,False
manual_001001,manual,False,,b2ea915698cf5e47ec2207468515159f9e91ff2b,mp_decisions,press_release,"Банк России принял решение снизить ключевую ставку на 25 б.п., до 6,00% годовых",7 февраля 2020 г,В январе дезинфляционные факторы продолжили оказывать существенное влияние на инфляцию.,Inflation,Backward-looking,Dovish,0,1,1,2020-02-07,2020,False
manual_001002,manual,False,,b2ea915698cf5e47ec2207468515159f9e91ff2b,mp_decisions,press_release,"Банк России принял решение снизить ключевую ставку на 25 б.п., до 6,00% годовых",7 февраля 2020 г,Годовые темпы роста цен на продовольственные и непродовольственные товары продолжали снижаться.,Inflation,Backward-looking,Dovish,0,1,1,2020-02-07,2020,False
manual_001003,manual,False,,b2ea915698cf5e47ec2207468515159f9e91ff2b,mp_decisions,press_release,"Банк России принял решение снизить ключевую ставку на 25 б.п., до 6,00% годовых",7 февраля 2020 г,Расширение предложения на отдельных продовольственных рынках способствует сохранению низких месячных (с исключением сезонности) и годовых темпов роста цен на продовольствие.,Inflation,Backward-looking,Dovish,0,1,1,2020-02-07,2020,False
manual_001004,manual,False,,b2ea915698cf5e47ec2207468515159f9e91ff2b,mp_decisions,press_release,"Банк России принял решение снизить ключевую ставку на 25 б.п., до 6,00% годовых",7 февраля 2020 г,"Произошедшее в 2019 году укрепление рубля, наряду с замедлением инфляции в странах — торговых партнерах, ограничивает рост цен на импортируемые товары.",Exchange rate,Backward-looking,Dovish,9,1,1,2020-02-07,2020,False
manual_001005,manual,False,,b2ea915698cf5e47ec2207468515159f9e91ff2b,mp_decisions,press_release,"Банк России принял решение снизить ключевую ставку на 25 б.п., до 6,00% годовых",7 февраля 2020 г,"Сохраняется влияние на инфляцию сдержанного спроса, в том числе внешнего.",Economic activity,Backward-looking,Dovish,5,1,1,2020-02-07,2020,False
manual_001006,manual,False,,b2ea915698cf5e47ec2207468515159f9e91ff2b,mp_decisions,press_release,"Банк России принял решение снизить ключевую ставку на 25 б.п., до 6,00% годовых",7 февраля 2020 г,"В январе инфляционные ожидания населения несколько снизились, при этом оставаясь на повышенном уровне.",Expectations,Backward-looking,Neutral,4,1,2,2020-02-07,2020,False
manual_001007,manual,False,,b2ea915698cf5e47ec2207468515159f9e91ff2b,mp_decisions,press_release,"Банк России принял решение снизить ключевую ставку на 25 б.п., до 6,00% годовых",7 февраля 2020 г,Ценовые ожидания предприятий стабильны.,Expectations,Backward-looking,Neutral,4,1,2,2020-02-07,2020,False
manual_001008,manual,False,,b2ea915698cf5e47ec2207468515159f9e91ff2b,mp_decisions,press_release,"Банк России принял решение снизить ключевую ставку на 25 б.п., до 6,00% годовых",7 февраля 2020 г,Произошедшее замедление годовой инфляции создает условия для дальнейшего снижения инфляционных ожиданий населения и бизнеса.,Inflation,Forward-looking,Dovish,0,0,1,2020-02-07,2020,False
manual_001009,manual,False,,b2ea915698cf5e47ec2207468515159f9e91ff2b,mp_decisions,press_release,"Банк России принял решение снизить ключевую ставку на 25 б.п., до 6,00% годовых",7 февраля 2020 г,"По прогнозу Банка России, с учетом проводимой денежно-кредитной политики годовая инфляция составит 3,5–4,0% по итогам 2020 года и останется вблизи 4% в дальнейшем.",Inflation,Forward-looking,Neutral,0,0,2,2020-02-07,2020,False
manual_001010,manual,False,,b2ea915698cf5e47ec2207468515159f9e91ff2b,mp_decisions,press_release,"Банк России принял решение снизить ключевую ставку на 25 б.п., до 6,00% годовых",7 февраля 2020 г,Денежно-кредитные условия.,Other,Other,Other,11,2,5,2020-02-07,2020,False
manual_001011,manual,False,,b2ea915698cf5e47ec2207468515159f9e91ff2b,mp_decisions,press_release,"Банк России принял решение снизить ключевую ставку на 25 б.п., до 6,00% годовых",7 февраля 2020 г,Денежно-кредитные условия продолжили смягчаться.,Monetary conditions,Backward-looking,Neutral,2,1,2,2020-02-07,2020,False
manual_001012,manual,False,,b2ea915698cf5e47ec2207468515159f9e91ff2b,mp_decisions,press_release,"Банк России принял решение снизить ключевую ставку на 25 б.п., до 6,00% годовых",7 февраля 2020 г,Продолжилось снижение доходности ОФЗ и депозитно-кредитных ставок.,Monetary conditions,Backward-looking,Neutral,2,1,2,2020-02-07,2020,False
manual_001013,manual,False,,b2ea915698cf5e47ec2207468515159f9e91ff2b,mp_decisions,press_release,"Банк России принял решение снизить ключевую ставку на 25 б.п., до 6,00% годовых",7 февраля 2020 г,"Принятые Банком России решения о снижении ключевой ставки и снижение доходностей ОФЗ создают условия для дальнейшего снижения депозитно-кредитных ставок, что поддержит рост корпоративного и ипотечного кредитования.",Interest rate,Forward-looking,Hawkish,1,0,0,2020-02-07,2020,False
manual_001014,manual,False,,b2ea915698cf5e47ec2207468515159f9e91ff2b,mp_decisions,press_release,"Банк России принял решение снизить ключевую ставку на 25 б.п., до 6,00% годовых",7 февраля 2020 г,"Вместе с тем постепенно замедляется рост потребительского кредитования, в значительной мере вследствие ужесточения неценовых условий под действием макропруденциальных мер Банка России.",Financial sector & Macroprudential policy,Backward-looking,Dovish,10,1,1,2020-02-07,2020,False
manual_001015,manual,False,,b2ea915698cf5e47ec2207468515159f9e91ff2b,mp_decisions,press_release,"Банк России принял решение снизить ключевую ставку на 25 б.п., до 6,00% годовых",7 февраля 2020 г,Банк России будет оценивать влияние уже принятых решений по ключевой ставке на денежно-кредитные условия и динамику инфляции.,Interest rate,Forward-looking,Neutral,1,0,2,2020-02-07,2020,False
manual_001016,manual,False,,b2ea915698cf5e47ec2207468515159f9e91ff2b,mp_decisions,press_release,"Банк России принял решение снизить ключевую ставку на 25 б.п., до 6,00% годовых",7 февраля 2020 г,Экономическая активность.,Other,Other,Other,11,2,5,2020-02-07,2020,True
manual_001017,manual,False,,b2ea915698cf5e47ec2207468515159f9e91ff2b,mp_decisions,press_release,"Банк России принял решение снизить ключевую ставку на 25 б.п., до 6,00% годовых",7 февраля 2020 г,"По первой оценке Росстата, прирост ВВП в 2019 году составил 1,3%, что соответствует верхней границе прогноза Банка России 0,8–1,3%.",Economic activity,Backward-looking,Neutral,5,1,2,2020-02-07,2020,False
manual_001018,manual,False,,b2ea915698cf5e47ec2207468515159f9e91ff2b,mp_decisions,press_release,"Банк России принял решение снизить ключевую ставку на 25 б.п., до 6,00% годовых",7 февраля 2020 г,Динамика расходов на конечное потребление внесла основной вклад в рост ВВП в 2019 году.,Economic activity,Backward-looking,Hawkish,5,1,0,2020-02-07,2020,False
manual_001019,manual,False,,b2ea915698cf5e47ec2207468515159f9e91ff2b,mp_decisions,press_release,"Банк России принял решение снизить ключевую ставку на 25 б.п., до 6,00% годовых",7 февраля 2020 г,"В свою очередь, снижение физического объема экспорта оказало значимое отрицательное влияние на динамику ВВП.",External conditions,Backward-looking,Dovish,7,1,1,2020-02-07,2020,False
manual_001020,manual,False,,b2ea915698cf5e47ec2207468515159f9e91ff2b,mp_decisions,press_release,"Банк России принял решение снизить ключевую ставку на 25 б.п., до 6,00% годовых",7 февраля 2020 г,В IV квартале в основном продолжилось улучшение показателей экономической активности.,Economic activity,Backward-looking,Neutral,5,1,2,2020-02-07,2020,False
manual_001021,manual,False,,b2ea915698cf5e47ec2207468515159f9e91ff2b,mp_decisions,press_release,"Банк России принял решение снизить ключевую ставку на 25 б.п., до 6,00% годовых",7 февраля 2020 г,"Так, поддержку инвестиционной активности в конце прошлого года оказало ускоренное увеличение капитальных расходов бюджета, в том числе в связи с реализацией национальных проектов.",Fiscal policy,Backward-looking,Hawkish,8,1,0,2020-02-07,2020,False
manual_001022,manual,False,,b2ea915698cf5e47ec2207468515159f9e91ff2b,mp_decisions,press_release,"Банк России принял решение снизить ключевую ставку на 25 б.п., до 6,00% годовых",7 февраля 2020 г,Продолжился годовой рост оборота розничной торговли и промышленного производства.,Economic activity,Backward-looking,Neutral,5,1,2,2020-02-07,2020,False
manual_001023,manual,False,,b2ea915698cf5e47ec2207468515159f9e91ff2b,mp_decisions,press_release,"Банк России принял решение снизить ключевую ставку на 25 б.п., до 6,00% годовых",7 февраля 2020 г,"Однако опережающие индикаторы по-прежнему указывают на сохранение слабых деловых настроений в промышленности, особенно в части экспортных заказов.",Economic activity,Forward-looking,Dovish,5,0,1,2020-02-07,2020,False
manual_001024,manual,False,,b2ea915698cf5e47ec2207468515159f9e91ff2b,mp_decisions,press_release,"Банк России принял решение снизить ключевую ставку на 25 б.п., до 6,00% годовых",7 февраля 2020 г,Сдерживающее влияние на динамику экономической активности продолжает оказывать снижение внешнего спроса на товары российского экспорта в условиях замедления роста мировой экономики.,External conditions,Backward-looking,Dovish,7,1,1,2020-02-07,2020,False
manual_001025,manual,False,,b2ea915698cf5e47ec2207468515159f9e91ff2b,mp_decisions,press_release,"Банк России принял решение снизить ключевую ставку на 25 б.п., до 6,00% годовых",7 февраля 2020 г,Рынок труда не создает избыточного инфляционного давления.,Labor market,Backward-looking,Dovish,6,1,1,2020-02-07,2020,False
manual_001026,manual,False,,b2ea915698cf5e47ec2207468515159f9e91ff2b,mp_decisions,press_release,"Банк России принял решение снизить ключевую ставку на 25 б.п., до 6,00% годовых",7 февраля 2020 г,"Безработица вблизи исторически низких уровней обусловлена не расширением спроса на труд, а одновременным сокращением численности занятых и трудоспособного населения.",Labor market,Backward-looking,Neutral,6,1,2,2020-02-07,2020,False
manual_001027,manual,False,,b2ea915698cf5e47ec2207468515159f9e91ff2b,mp_decisions,press_release,"Банк России принял решение снизить ключевую ставку на 25 б.п., до 6,00% годовых",7 февраля 2020 г,Прогноз роста ВВП в 2020–2022 годах сохранен Банком России без изменений.,Economic activity,Forward-looking,Neutral,5,0,2,2020-02-07,2020,False
manual_001028,manual,False,,b2ea915698cf5e47ec2207468515159f9e91ff2b,mp_decisions,press_release,"Банк России принял решение снизить ключевую ставку на 25 б.п., до 6,00% годовых",7 февраля 2020 г,"Темп прироста ВВП будет постепенно увеличиваться с 1,5–2,0% в 2020 году до 2–3% в 2022 году.",Economic activity,Forward-looking,Neutral,5,0,2,2020-02-07,2020,False
manual_001029,manual,False,,b2ea915698cf5e47ec2207468515159f9e91ff2b,mp_decisions,press_release,"Банк России принял решение снизить ключевую ставку на 25 б.п., до 6,00% годовых",7 февраля 2020 г,"Это возможно по мере реализации комплекса мер Правительства по преодолению структурных ограничений, в том числе реализации национальных проектов.",Fiscal policy,Forward-looking,Neutral,8,0,2,2020-02-07,2020,False
manual_001030,manual,False,,b2ea915698cf5e47ec2207468515159f9e91ff2b,mp_decisions,press_release,"Банк России принял решение снизить ключевую ставку на 25 б.п., до 6,00% годовых",7 февраля 2020 г,При этом ожидаемые на прогнозном горизонте пониженные темпы роста мировой экономики продолжат оказывать сдерживающее влияние на рост российской экономики.,External conditions,Forward-looking,Dovish,7,0,1,2020-02-07,2020,False
manual_001031,manual,False,,b2ea915698cf5e47ec2207468515159f9e91ff2b,mp_decisions,press_release,"Банк России принял решение снизить ключевую ставку на 25 б.п., до 6,00% годовых",7 февраля 2020 г,Инфляционные риски.,Other,Other,Other,11,2,5,2020-02-07,2020,True
manual_001032,manual,False,,b2ea915698cf5e47ec2207468515159f9e91ff2b,mp_decisions,press_release,"Банк России принял решение снизить ключевую ставку на 25 б.п., до 6,00% годовых",7 февраля 2020 г,На краткосрочном горизонте дезинфляционные риски по-прежнему преобладают над проинфляционными.,Inflation,Forward-looking,Risk-highlighting,0,0,3,2020-02-07,2020,False
manual_001033,manual,False,,b2ea915698cf5e47ec2207468515159f9e91ff2b,mp_decisions,press_release,"Банк России принял решение снизить ключевую ставку на 25 б.п., до 6,00% годовых",7 февраля 2020 г,Это прежде всего связано с состоянием внутреннего и внешнего спроса.,Economic activity,Backward-looking,Dovish,5,1,1,2020-02-07,2020,False
manual_001034,manual,False,,b2ea915698cf5e47ec2207468515159f9e91ff2b,mp_decisions,press_release,"Банк России принял решение снизить ключевую ставку на 25 б.п., до 6,00% годовых",7 февраля 2020 г,"Сохраняются дезинфляционные риски со стороны динамики цен на отдельные продовольственные товары, в том числе за счет роста предложения.",Inflation,Forward-looking,Risk-highlighting,0,0,3,2020-02-07,2020,False
manual_001035,manual,False,,b2ea915698cf5e47ec2207468515159f9e91ff2b,mp_decisions,press_release,"Банк России принял решение снизить ключевую ставку на 25 б.п., до 6,00% годовых",7 февраля 2020 г,Возможно продолжение влияния на рост цен произошедшего в 2019 году укрепления рубля.,Exchange rate,Forward-looking,Dovish,9,0,1,2020-02-07,2020,False
manual_001036,manual,False,,b2ea915698cf5e47ec2207468515159f9e91ff2b,mp_decisions,press_release,"Банк России принял решение снизить ключевую ставку на 25 б.п., до 6,00% годовых",7 февраля 2020 г,"Реакция как потребительского, так и инвестиционного спроса частного сектора на смягчение денежно-кредитных условий и стимулирующие бюджетные меры может быть ограничена сдержанными настроениями потребителей и бизнеса.",Economic activity,Forward-looking,Risk-highlighting,5,0,3,2020-02-07,2020,False
manual_001037,manual,False,,b2ea915698cf5e47ec2207468515159f9e91ff2b,mp_decisions,press_release,"Банк России принял решение снизить ключевую ставку на 25 б.п., до 6,00% годовых",7 февраля 2020 г,Вместе с тем необходимо учитывать действие проинфляционных факторов.,Inflation,Forward-looking,Risk-highlighting,0,0,3,2020-02-07,2020,False
manual_001038,manual,False,,b2ea915698cf5e47ec2207468515159f9e91ff2b,mp_decisions,press_release,"Банк России принял решение снизить ключевую ставку на 25 б.п., до 6,00% годовых",7 февраля 2020 г,"Не исключены риски разворота тенденций на рынке продовольствия, учитывая, что соотношение временных и постоянных факторов на этом рынке сложно оценить.",Inflation,Forward-looking,Risk-highlighting,0,0,3,2020-02-07,2020,False
manual_001039,manual,False,,b2ea915698cf5e47ec2207468515159f9e91ff2b,mp_decisions,press_release,"Банк России принял решение снизить ключевую ставку на 25 б.п., до 6,00% годовых",7 февраля 2020 г,"Наряду с этим, реализованное смягчение денежно-кредитной политики может оказать более существенное повышательное влияние на инфляцию, чем оценивает Банк России.",Interest rate,Forward-looking,Risk-highlighting,1,0,3,2020-02-07,2020,False
manual_001040,manual,False,,b2ea915698cf5e47ec2207468515159f9e91ff2b,mp_decisions,press_release,"Банк России принял решение снизить ключевую ставку на 25 б.п., до 6,00% годовых",7 февраля 2020 г,"Риски, связанные с торговыми спорами, несколько снизились.",External conditions,Backward-looking,Confidence-building,7,1,4,2020-02-07,2020,False
manual_001041,manual,False,,b2ea915698cf5e47ec2207468515159f9e91ff2b,mp_decisions,press_release,"Банк России принял решение снизить ключевую ставку на 25 б.п., до 6,00% годовых",7 февраля 2020 г,"Тем не менее сохраняется риск дальнейшего замедления темпов роста мировой экономики, в том числе под влиянием геополитических факторов, усиления волатильности на мировых товарных и финансовых рынках, что может оказать влияние на курсовые и инфляционные ожидания.",External conditions,Forward-looking,Risk-highlighting,7,0,3,2020-02-07,2020,False
manual_001042,manual,False,,b2ea915698cf5e47ec2207468515159f9e91ff2b,mp_decisions,press_release,"Банк России принял решение снизить ключевую ставку на 25 б.п., до 6,00% годовых",7 февраля 2020 г,Дополнительным фактором неопределенности для ближайших кварталов является ситуация с коронавирусом.,External conditions,Forward-looking,Risk-highlighting,7,0,3,2020-02-07,2020,False
manual_001043,manual,False,,b2ea915698cf5e47ec2207468515159f9e91ff2b,mp_decisions,press_release,"Банк России принял решение снизить ключевую ставку на 25 б.п., до 6,00% годовых",7 февраля 2020 г,"По оценкам Банка России, реализация заявленных в январе дополнительных социальных мер не окажет существенного проинфляционного влияния.",Fiscal policy,Forward-looking,Dovish,8,0,1,2020-02-07,2020,False
manual_001044,manual,False,,b2ea915698cf5e47ec2207468515159f9e91ff2b,mp_decisions,press_release,"Банк России принял решение снизить ключевую ставку на 25 б.п., до 6,00% годовых",7 февраля 2020 г,При этом в течение 2020 года на динамику инфляции будет влиять график исполнения бюджетных расходов.,Fiscal policy,Forward-looking,Neutral,8,0,2,2020-02-07,2020,False
manual_001045,manual,False,,b2ea915698cf5e47ec2207468515159f9e91ff2b,mp_decisions,press_release,"Банк России принял решение снизить ключевую ставку на 25 б.п., до 6,00% годовых",7 февраля 2020 г,На более длинном горизонте сохраняются проинфляционные риски со стороны ряда внутренних условий.,Inflation,Forward-looking,Risk-highlighting,0,0,3,2020-02-07,2020,False
manual_001046,manual,False,,b2ea915698cf5e47ec2207468515159f9e91ff2b,mp_decisions,press_release,"Банк России принял решение снизить ключевую ставку на 25 б.п., до 6,00% годовых",7 февраля 2020 г,Значимым риском остаются повышенные и незаякоренные инфляционные ожидания.,Expectations,Forward-looking,Risk-highlighting,4,0,3,2020-02-07,2020,False
manual_001047,manual,False,,b2ea915698cf5e47ec2207468515159f9e91ff2b,mp_decisions,press_release,"Банк России принял решение снизить ключевую ставку на 25 б.п., до 6,00% годовых",7 февраля 2020 г,"На среднесрочную динамику инфляции также могут оказать влияние параметры бюджетной политики, в том числе решения об инвестировании ликвидной части Фонда национального благосостояния сверх порогового уровня в 7% ВВП.",Fiscal policy,Forward-looking,Risk-highlighting,8,0,3,2020-02-07,2020,False
manual_001048,manual,False,,b2ea915698cf5e47ec2207468515159f9e91ff2b,mp_decisions,press_release,"Банк России принял решение снизить ключевую ставку на 25 б.п., до 6,00% годовых",7 февраля 2020 г,"Оценка Банком России рисков, связанных с динамикой заработных плат и возможными изменениями в потребительском поведении, существенно не изменилась.",Labor market,Backward-looking,Risk-highlighting,6,1,3,2020-02-07,2020,False
manual_001049,manual,False,,b2ea915698cf5e47ec2207468515159f9e91ff2b,mp_decisions,press_release,"Банк России принял решение снизить ключевую ставку на 25 б.п., до 6,00% годовых",7 февраля 2020 г,Эти риски остаются умеренными.,Other,Other,Other,11,2,5,2020-02-07,2020,False
manual_001050,manual,False,,b2ea915698cf5e47ec2207468515159f9e91ff2b,mp_decisions,press_release,"Банк России принял решение снизить ключевую ставку на 25 б.п., до 6,00% годовых",7 февраля 2020 г,При развитии ситуации в соответствии с базовым прогнозом Банк России допускает возможность дальнейшего снижения ключевой ставки на ближайших заседаниях.,Interest rate,Forward-looking,Dovish,1,0,1,2020-02-07,2020,False
manual_001051,manual,False,,b2ea915698cf5e47ec2207468515159f9e91ff2b,mp_decisions,press_release,"Банк России принял решение снизить ключевую ставку на 25 б.п., до 6,00% годовых",7 февраля 2020 г,"Банк России будет принимать решения по ключевой ставке с учетом фактической и ожидаемой динамики инфляции относительно цели, развития экономики на прогнозном горизонте, а также оценивая риски со стороны внутренних и внешних условий и реакции на них финансовых рынков.",Interest rate,Forward-looking,Neutral,1,0,2,2020-02-07,2020,False
manual_001052,manual,False,,b2ea915698cf5e47ec2207468515159f9e91ff2b,mp_decisions,press_release,"Банк России принял решение снизить ключевую ставку на 25 б.п., до 6,00% годовых",7 февраля 2020 г,По итогам заседания Совета директоров по ключевой ставке 7 февраля 2020 года Банк России опубликовал среднесрочный прогноз.,Other,Other,Other,11,2,5,2020-02-07,2020,False
manual_001053,manual,False,,b2ea915698cf5e47ec2207468515159f9e91ff2b,mp_decisions,press_release,"Банк России принял решение снизить ключевую ставку на 25 б.п., до 6,00% годовых",7 февраля 2020 г,"Следующее заседание Совета директоров Банка России, на котором будет рассматриваться вопрос об уровне ключевой ставки, запланировано на 20 марта 2020 года.",Other,Other,Other,11,2,5,2020-02-07,2020,False
manual_001054,manual,False,,b2ea915698cf5e47ec2207468515159f9e91ff2b,mp_decisions,press_release,"Банк России принял решение снизить ключевую ставку на 25 б.п., до 6,00% годовых",7 февраля 2020 г,Время публикации пресс-релиза о решении Совета директоров Банка России — 13:30 по московскому времени.,Other,Other,Other,11,2,5,2020-02-07,2020,True
manual_001055,manual,False,,b2ea915698cf5e47ec2207468515159f9e91ff2b,mp_decisions,press_release,"Банк России принял решение снизить ключевую ставку на 25 б.п., до 6,00% годовых",7 февраля 2020 г,При использовании материала ссылка на Пресс-службу Банка России обязательна.,Other,Other,Other,11,2,5,2020-02-07,2020,True
manual_001056,manual,False,,b2ea915698cf5e47ec2207468515159f9e91ff2b,mp_decisions,press_release,"Банк России принял решение снизить ключевую ставку на 25 б.п., до 6,00% годовых",7 февраля 2020 г,07.02.2020 00:00:00,Other,Other,Other,11,2,5,2020-02-07,2020,True
manual_001057,manual,False,,9327f89b0837b8a144cf7f223405108c751c5b25,mp_decisions,press_release,"Банк России принял решение сохранить ключевую ставку на уровне 4,25% годовых",12 февраля 2021 г,"Совет директоров Банка России 12 февраля 2021 года принял решение сохранить ключевую ставку на уровне 4,25% годовых.",Interest rate,Backward-looking,Neutral,1,1,2,2021-02-12,2021,False
manual_001058,manual,False,,9327f89b0837b8a144cf7f223405108c751c5b25,mp_decisions,press_release,"Банк России принял решение сохранить ключевую ставку на уровне 4,25% годовых",12 февраля 2021 г,В декабре и январе темп роста цен сохранялся на повышенном уровне.,Inflation,Backward-looking,Hawkish,0,1,0,2021-02-12,2021,False
manual_001059,manual,False,,9327f89b0837b8a144cf7f223405108c751c5b25,mp_decisions,press_release,"Банк России принял решение сохранить ключевую ставку на уровне 4,25% годовых",12 февраля 2021 г,"Восстановление спроса происходит быстрее и носит более устойчивый характер, чем ожидалось ранее.",Economic activity,Backward-looking,Hawkish,5,1,0,2021-02-12,2021,False
manual_001060,manual,False,,9327f89b0837b8a144cf7f223405108c751c5b25,mp_decisions,press_release,"Банк России принял решение сохранить ключевую ставку на уровне 4,25% годовых",12 февраля 2021 г,"При этом сохраняются ограничения со стороны предложения, что продолжает оказывать повышательное давление на цены.",Inflation,Backward-looking,Hawkish,0,1,0,2021-02-12,2021,False
manual_001061,manual,False,,9327f89b0837b8a144cf7f223405108c751c5b25,mp_decisions,press_release,"Банк России принял решение сохранить ключевую ставку на уровне 4,25% годовых",12 февраля 2021 г,Инфляционные ожидания населения и бизнеса пока остаются на повышенном уровне.,Expectations,Backward-looking,Hawkish,4,1,0,2021-02-12,2021,False
manual_001062,manual,False,,9327f89b0837b8a144cf7f223405108c751c5b25,mp_decisions,press_release,"Банк России принял решение сохранить ключевую ставку на уровне 4,25% годовых",12 февраля 2021 г,"Ускоряющиеся темпы вакцинации, а также ожидания дополнительных мер бюджетной поддержки в отдельных странах способствуют росту цен на финансовых и товарных рынках.",External conditions,Forward-looking,Hawkish,7,0,0,2021-02-12,2021,False
manual_001063,manual,False,,9327f89b0837b8a144cf7f223405108c751c5b25,mp_decisions,press_release,"Банк России принял решение сохранить ключевую ставку на уровне 4,25% годовых",12 февраля 2021 г,"В этих условиях дезинфляционные риски перестали преобладать на годовом горизонте, а прогноз Банка России по инфляции на 2021 год повышен до 3,7–4,2%.",Inflation,Forward-looking,Hawkish,0,0,0,2021-02-12,2021,False
manual_001064,manual,False,,9327f89b0837b8a144cf7f223405108c751c5b25,mp_decisions,press_release,"Банк России принял решение сохранить ключевую ставку на уровне 4,25% годовых",12 февраля 2021 г,В дальнейшем с учетом проводимой денежно-кредитной политики инфляция будет находиться вблизи 4%.,Inflation,Forward-looking,Neutral,0,0,2,2021-02-12,2021,False
manual_001065,manual,False,,9327f89b0837b8a144cf7f223405108c751c5b25,mp_decisions,press_release,"Банк России принял решение сохранить ключевую ставку на уровне 4,25% годовых",12 февраля 2021 г,"При развитии ситуации в соответствии с базовым прогнозом Банк России будет определять сроки и темпы возврата к нейтральной денежно-кредитной политике, принимая во внимание по-прежнему высокую неоднородность текущих тенденций в экономике и динамике цен и с учетом фактической и ожидаемой динамики инфляции относительно цели, развития экономики на прогнозном горизонте, а также оценивая риски со стороны внутренних и внешних условий и реакции на них финансовых рынков.",Interest rate,Forward-looking,Hawkish,1,0,0,2021-02-12,2021,False
manual_001066,manual,False,,9327f89b0837b8a144cf7f223405108c751c5b25,mp_decisions,press_release,"Банк России принял решение сохранить ключевую ставку на уровне 4,25% годовых",12 февраля 2021 г,Динамика инфляции.,Other,Other,Other,11,2,5,2021-02-12,2021,True
manual_001067,manual,False,,9327f89b0837b8a144cf7f223405108c751c5b25,mp_decisions,press_release,"Банк России принял решение сохранить ключевую ставку на уровне 4,25% годовых",12 февраля 2021 г,Инфляция складывается выше прогноза Банка России.,Inflation,Backward-looking,Hawkish,0,1,0,2021-02-12,2021,False
manual_001068,manual,False,,9327f89b0837b8a144cf7f223405108c751c5b25,mp_decisions,press_release,"Банк России принял решение сохранить ключевую ставку на уровне 4,25% годовых",12 февраля 2021 г,"В январе годовой темп прироста потребительских цен увеличился до 5,2% (после 4,9% в декабре).",Inflation,Backward-looking,Hawkish,0,1,0,2021-02-12,2021,False
manual_001069,manual,False,,9327f89b0837b8a144cf7f223405108c751c5b25,mp_decisions,press_release,"Банк России принял решение сохранить ключевую ставку на уровне 4,25% годовых",12 февраля 2021 г,Это в значительной мере связано с ростом цен на мировых товарных рынках и с продолжением переноса в цены произошедшего ранее ослабления рубля.,External conditions,Backward-looking,Hawkish,7,1,0,2021-02-12,2021,False
manual_001070,manual,False,,9327f89b0837b8a144cf7f223405108c751c5b25,mp_decisions,press_release,"Банк России принял решение сохранить ключевую ставку на уровне 4,25% годовых",12 февраля 2021 г,"Действие этих факторов может носить более продолжительный характер вследствие уже произошедшего ранее роста инфляционных ожиданий населения и бизнеса, а также сохраняющихся ограничений со стороны предложения.",Expectations,Forward-looking,Risk-highlighting,4,0,3,2021-02-12,2021,False
manual_001071,manual,False,,9327f89b0837b8a144cf7f223405108c751c5b25,mp_decisions,press_release,"Банк России принял решение сохранить ключевую ставку на уровне 4,25% годовых",12 февраля 2021 г,Меры Правительства ограничили рост цен на отдельные товары.,Fiscal policy,Backward-looking,Dovish,8,1,1,2021-02-12,2021,False
manual_001072,manual,False,,9327f89b0837b8a144cf7f223405108c751c5b25,mp_decisions,press_release,"Банк России принял решение сохранить ключевую ставку на уровне 4,25% годовых",12 февраля 2021 г,"Показатели текущего темпа роста потребительских цен, отражающие наиболее устойчивые процессы ценовой динамики, по оценкам Банка России, находятся вблизи 4% в годовом выражении.",Inflation,Backward-looking,Neutral,0,1,2,2021-02-12,2021,False
manual_001073,manual,False,,9327f89b0837b8a144cf7f223405108c751c5b25,mp_decisions,press_release,"Банк России принял решение сохранить ключевую ставку на уровне 4,25% годовых",12 февраля 2021 г,"Инфляционные ожидания населения снизились, однако остаются на повышенных уровнях по сравнению с периодом до начала пандемии.",Expectations,Backward-looking,Hawkish,4,1,0,2021-02-12,2021,False
manual_001074,manual,False,,9327f89b0837b8a144cf7f223405108c751c5b25,mp_decisions,press_release,"Банк России принял решение сохранить ключевую ставку на уровне 4,25% годовых",12 февраля 2021 г,Это в основном связано с произошедшим ранее ростом цен на отдельные товары повседневного спроса и курсовой волатильностью.,Inflation,Backward-looking,Hawkish,0,1,0,2021-02-12,2021,False
manual_001075,manual,False,,9327f89b0837b8a144cf7f223405108c751c5b25,mp_decisions,press_release,"Банк России принял решение сохранить ключевую ставку на уровне 4,25% годовых",12 февраля 2021 г,Ценовые ожидания предприятий существенно не изменились после роста в предыдущие месяцы.,Expectations,Backward-looking,Hawkish,4,1,0,2021-02-12,2021,False
manual_001076,manual,False,,9327f89b0837b8a144cf7f223405108c751c5b25,mp_decisions,press_release,"Банк России принял решение сохранить ключевую ставку на уровне 4,25% годовых",12 февраля 2021 г,Ожидания профессиональных аналитиков относительно инфляции в 2021 году и в среднесрочной перспективе заякорены вблизи 4%.,Expectations,Forward-looking,Confidence-building,4,0,4,2021-02-12,2021,False
manual_001077,manual,False,,9327f89b0837b8a144cf7f223405108c751c5b25,mp_decisions,press_release,"Банк России принял решение сохранить ключевую ставку на уровне 4,25% годовых",12 февраля 2021 г,Сдерживающее влияние внутреннего спроса на динамику цен ослабевает при сохраняющемся инфляционном давлении со стороны издержек предприятий.,Inflation,Backward-looking,Hawkish,0,1,0,2021-02-12,2021,False
manual_001078,manual,False,,9327f89b0837b8a144cf7f223405108c751c5b25,mp_decisions,press_release,"Банк России принял решение сохранить ключевую ставку на уровне 4,25% годовых",12 февраля 2021 г,"Наиболее заметными становятся такие проинфляционные факторы со стороны предложения, как дефицит рабочей силы по ряду специальностей и дополнительные затраты предприятий на соблюдение противоэпидемических норм.",Inflation,Backward-looking,Hawkish,0,1,0,2021-02-12,2021,False
manual_001079,manual,False,,9327f89b0837b8a144cf7f223405108c751c5b25,mp_decisions,press_release,"Банк России принял решение сохранить ключевую ставку на уровне 4,25% годовых",12 февраля 2021 г,"При сохранении действия данных факторов в предстоящие кварталы возвращение инфляции к цели Банка России может происходить медленнее, чем предполагалось ранее.",Inflation,Forward-looking,Risk-highlighting,0,0,3,2021-02-12,2021,False
manual_001080,manual,False,,9327f89b0837b8a144cf7f223405108c751c5b25,mp_decisions,press_release,"Банк России принял решение сохранить ключевую ставку на уровне 4,25% годовых",12 февраля 2021 г,"По прогнозу Банка России, в феврале—марте годовая инфляция достигнет своего максимума и в дальнейшем будет снижаться.",Inflation,Forward-looking,Dovish,0,0,1,2021-02-12,2021,False
manual_001081,manual,False,,9327f89b0837b8a144cf7f223405108c751c5b25,mp_decisions,press_release,"Банк России принял решение сохранить ключевую ставку на уровне 4,25% годовых",12 февраля 2021 г,"Траектория снижения будет определяться сроками исчерпания действия проинфляционных факторов, а также эффектами базы 2020 года.",Inflation,Forward-looking,Neutral,0,0,2,2021-02-12,2021,False
manual_001082,manual,False,,9327f89b0837b8a144cf7f223405108c751c5b25,mp_decisions,press_release,"Банк России принял решение сохранить ключевую ставку на уровне 4,25% годовых",12 февраля 2021 г,"В базовом сценарии с учетом проводимой денежно-кредитной политики годовая инфляция составит 3,7–4,2% в 2021 году и останется вблизи 4% в дальнейшем.",Inflation,Forward-looking,Neutral,0,0,2,2021-02-12,2021,False
manual_001083,manual,False,,9327f89b0837b8a144cf7f223405108c751c5b25,mp_decisions,press_release,"Банк России принял решение сохранить ключевую ставку на уровне 4,25% годовых",12 февраля 2021 г,Денежно-кредитные условия остаются мягкими и с момента предыдущего заседания Совета директоров Банка России существенно не изменились.,Monetary conditions,Backward-looking,Neutral,2,1,2,2021-02-12,2021,False
manual_001084,manual,False,,9327f89b0837b8a144cf7f223405108c751c5b25,mp_decisions,press_release,"Банк России принял решение сохранить ключевую ставку на уровне 4,25% годовых",12 февраля 2021 г,"Доходности ОФЗ несколько возросли на фоне повышения ожиданий по инфляции, роста долгосрочных ставок на мировых финансовых рынках, а также сохранения геополитической напряженности.",Monetary conditions,Backward-looking,Neutral,2,1,2,2021-02-12,2021,False
manual_001085,manual,False,,9327f89b0837b8a144cf7f223405108c751c5b25,mp_decisions,press_release,"Банк России принял решение сохранить ключевую ставку на уровне 4,25% годовых",12 февраля 2021 г,"Ускоряющиеся темпы вакцинации, а также ожидания дополнительных мер бюджетной поддержки в отдельных странах способствуют росту цен на финансовых и товарных рынках.",External conditions,Forward-looking,Hawkish,7,0,0,2021-02-12,2021,False
manual_001086,manual,False,,9327f89b0837b8a144cf7f223405108c751c5b25,mp_decisions,press_release,"Банк России принял решение сохранить ключевую ставку на уровне 4,25% годовых",12 февраля 2021 г,Кредитные и депозитные ставки преимущественно оставались неизменными.,Monetary conditions,Backward-looking,Neutral,2,1,2,2021-02-12,2021,False
manual_001087,manual,False,,9327f89b0837b8a144cf7f223405108c751c5b25,mp_decisions,press_release,"Банк России принял решение сохранить ключевую ставку на уровне 4,25% годовых",12 февраля 2021 г,"Вместе с тем повышенные темпы роста цен и рост инфляционных ожиданий в последние месяцы означают, что в реальном выражении ценовые условия кредитования несколько смягчились.",Inflation,Backward-looking,Hawkish,0,1,0,2021-02-12,2021,False
manual_001088,manual,False,,9327f89b0837b8a144cf7f223405108c751c5b25,mp_decisions,press_release,"Банк России принял решение сохранить ключевую ставку на уровне 4,25% годовых",12 февраля 2021 г,В отдельных сегментах банки продолжили смягчать и неценовые условия кредитования.,Financial sector & Macroprudential policy,Backward-looking,Hawkish,10,1,0,2021-02-12,2021,False
manual_001089,manual,False,,9327f89b0837b8a144cf7f223405108c751c5b25,mp_decisions,press_release,"Банк России принял решение сохранить ключевую ставку на уровне 4,25% годовых",12 февраля 2021 г,На этом фоне продолжилось расширение кредитования.,Credit,Backward-looking,Hawkish,3,1,0,2021-02-12,2021,False
manual_001090,manual,False,,9327f89b0837b8a144cf7f223405108c751c5b25,mp_decisions,press_release,"Банк России принял решение сохранить ключевую ставку на уровне 4,25% годовых",12 февраля 2021 г,"Наряду с мягкими денежно-кредитными условиями на динамику кредитования оказывают влияние льготные программы Правительства, а также регуляторные послабления.",Fiscal policy,Backward-looking,Neutral,8,1,2,2021-02-12,2021,False
manual_001091,manual,False,,9327f89b0837b8a144cf7f223405108c751c5b25,mp_decisions,press_release,"Банк России принял решение сохранить ключевую ставку на уровне 4,25% годовых",12 февраля 2021 г,"При принятии решений по ключевой ставке Банк России будет оценивать, насколько прекращение действия указанных антикризисных мер будет влиять на денежно-кредитные условия.",Interest rate,Forward-looking,Neutral,1,0,2,2021-02-12,2021,False
manual_001092,manual,False,,9327f89b0837b8a144cf7f223405108c751c5b25,mp_decisions,press_release,"Банк России принял решение сохранить ключевую ставку на уровне 4,25% годовых",12 февраля 2021 г,Экономическая активность.,Other,Other,Other,11,2,5,2021-02-12,2021,True
manual_001093,manual,False,,9327f89b0837b8a144cf7f223405108c751c5b25,mp_decisions,press_release,"Банк России принял решение сохранить ключевую ставку на уровне 4,25% годовых",12 февраля 2021 г,"ВВП в 2020 году сократился на 3,1%.",Economic activity,Backward-looking,Dovish,5,1,1,2021-02-12,2021,False
manual_001094,manual,False,,9327f89b0837b8a144cf7f223405108c751c5b25,mp_decisions,press_release,"Банк России принял решение сохранить ключевую ставку на уровне 4,25% годовых",12 февраля 2021 г,"Это меньше, чем Банк России ожидал ранее.",Economic activity,Backward-looking,Confidence-building,5,1,4,2021-02-12,2021,False
manual_001095,manual,False,,9327f89b0837b8a144cf7f223405108c751c5b25,mp_decisions,press_release,"Банк России принял решение сохранить ключевую ставку на уровне 4,25% годовых",12 февраля 2021 г,"Восстановление экономики, по оценкам Банка России, продолжалось и в IV квартале 2020 года.",Economic activity,Backward-looking,Neutral,5,1,2,2021-02-12,2021,False
manual_001096,manual,False,,9327f89b0837b8a144cf7f223405108c751c5b25,mp_decisions,press_release,"Банк России принял решение сохранить ключевую ставку на уровне 4,25% годовых",12 февраля 2021 г,"Ухудшение эпидемической обстановки в России и в мире оказало гораздо менее значимое сдерживающее влияние на экономику, чем ожидалось.",External conditions,Backward-looking,Confidence-building,7,1,4,2021-02-12,2021,False
manual_001097,manual,False,,9327f89b0837b8a144cf7f223405108c751c5b25,mp_decisions,press_release,"Банк России принял решение сохранить ключевую ставку на уровне 4,25% годовых",12 февраля 2021 г,Это связано с точечным характером ограничительных мер и значительной адаптацией граждан и предприятий к новым условиям.,Economic activity,Backward-looking,Confidence-building,5,1,4,2021-02-12,2021,False
manual_001098,manual,False,,9327f89b0837b8a144cf7f223405108c751c5b25,mp_decisions,press_release,"Банк России принял решение сохранить ключевую ставку на уровне 4,25% годовых",12 февраля 2021 г,В IV квартале 2020 года продолжалось восстановление реальных доходов населения и началось снижение безработицы.,Labor market,Backward-looking,Hawkish,6,1,0,2021-02-12,2021,False
manual_001099,manual,False,,9327f89b0837b8a144cf7f223405108c751c5b25,mp_decisions,press_release,"Банк России принял решение сохранить ключевую ставку на уровне 4,25% годовых",12 февраля 2021 г,Оперативные индикаторы экономической активности свидетельствуют о продолжении восстановления экономики в начале 2021 года.,Economic activity,Backward-looking,Neutral,5,1,2,2021-02-12,2021,False
manual_001100,manual,False,,9327f89b0837b8a144cf7f223405108c751c5b25,mp_decisions,press_release,"Банк России принял решение сохранить ключевую ставку на уровне 4,25% годовых",12 февраля 2021 г,Темпы восстановления будут поддержаны улучшением потребительских и деловых настроений на фоне частичного снятия ограничительных мер и вакцинации населения от коронавируса.,Economic activity,Forward-looking,Neutral,5,0,2,2021-02-12,2021,False
manual_001101,manual,False,,9327f89b0837b8a144cf7f223405108c751c5b25,mp_decisions,press_release,"Банк России принял решение сохранить ключевую ставку на уровне 4,25% годовых",12 февраля 2021 г,"Банк России прогнозирует восстановительный рост российской экономики в 2021 году на 3,0–4,0%.",Economic activity,Forward-looking,Neutral,5,0,2,2021-02-12,2021,False
manual_001102,manual,False,,9327f89b0837b8a144cf7f223405108c751c5b25,mp_decisions,press_release,"Банк России принял решение сохранить ключевую ставку на уровне 4,25% годовых",12 февраля 2021 г,Однако масштабы восстановления в отдельных отраслях могут по-прежнему сильно различаться.,Economic activity,Forward-looking,Risk-highlighting,5,0,3,2021-02-12,2021,False
manual_001103,manual,False,,9327f89b0837b8a144cf7f223405108c751c5b25,mp_decisions,press_release,"Банк России принял решение сохранить ключевую ставку на уровне 4,25% годовых",12 февраля 2021 г,"В 2022–2023 годах ВВП, по прогнозу Банка России, вырастет на 2,5–3,5 и 2,0–3,0% соответственно.",Economic activity,Forward-looking,Neutral,5,0,2,2021-02-12,2021,False
manual_001104,manual,False,,9327f89b0837b8a144cf7f223405108c751c5b25,mp_decisions,press_release,"Банк России принял решение сохранить ключевую ставку на уровне 4,25% годовых",12 февраля 2021 г,"На среднесрочную траекторию экономического роста значимое влияние будут оказывать динамика пандемии коронавируса в России и в мире, характер восстановления частного спроса в условиях возможного изменения поведения населения и бизнеса, а также траектория бюджетной консолидации.",External conditions,Forward-looking,Risk-highlighting,7,0,3,2021-02-12,2021,False
manual_001105,manual,False,,9327f89b0837b8a144cf7f223405108c751c5b25,mp_decisions,press_release,"Банк России принял решение сохранить ключевую ставку на уровне 4,25% годовых",12 февраля 2021 г,Мягкая денежно-кредитная политика продолжит оказывать поддержку экономике в течение 2021 года.,Interest rate,Forward-looking,Hawkish,1,0,0,2021-02-12,2021,False
manual_001106,manual,False,,9327f89b0837b8a144cf7f223405108c751c5b25,mp_decisions,press_release,"Банк России принял решение сохранить ключевую ставку на уровне 4,25% годовых",12 февраля 2021 г,Инфляционные риски.,Other,Other,Other,11,2,5,2021-02-12,2021,True
manual_001107,manual,False,,9327f89b0837b8a144cf7f223405108c751c5b25,mp_decisions,press_release,"Банк России принял решение сохранить ключевую ставку на уровне 4,25% годовых",12 февраля 2021 г,Дезинфляционные риски перестали преобладать на горизонте 2021 года.,Inflation,Forward-looking,Hawkish,0,0,0,2021-02-12,2021,False
manual_001108,manual,False,,9327f89b0837b8a144cf7f223405108c751c5b25,mp_decisions,press_release,"Банк России принял решение сохранить ключевую ставку на уровне 4,25% годовых",12 февраля 2021 г,"Действие проинфляционных факторов может оказаться более продолжительным и выраженным в условиях более быстрого восстановления спроса, а также произошедшего ранее роста инфляционных ожиданий и сопутствующих вторичных эффектов.",Inflation,Forward-looking,Risk-highlighting,0,0,3,2021-02-12,2021,False
manual_001109,manual,False,,9327f89b0837b8a144cf7f223405108c751c5b25,mp_decisions,press_release,"Банк России принял решение сохранить ключевую ставку на уровне 4,25% годовых",12 февраля 2021 г,"Повышательное давление на цены могут оказывать временно сохраняющиеся затруднения в производственных и логистических цепочках, а также дополнительные издержки предприятий, связанные с защитой работников и потребителей от угрозы распространения коронавируса.",Inflation,Forward-looking,Risk-highlighting,0,0,3,2021-02-12,2021,False
manual_001110,manual,False,,9327f89b0837b8a144cf7f223405108c751c5b25,mp_decisions,press_release,"Банк России принял решение сохранить ключевую ставку на уровне 4,25% годовых",12 февраля 2021 г,Проинфляционные риски создает динамика внутренних цен на отдельные продовольственные товары под влиянием факторов со стороны предложения и конъюнктуры соответствующих мировых рынков.,Inflation,Forward-looking,Risk-highlighting,0,0,3,2021-02-12,2021,False
manual_001111,manual,False,,9327f89b0837b8a144cf7f223405108c751c5b25,mp_decisions,press_release,"Банк России принял решение сохранить ключевую ставку на уровне 4,25% годовых",12 февраля 2021 г,"Краткосрочные проинфляционные риски также связаны с усилением волатильности на глобальных рынках, в том числе под влиянием различных геополитических событий, что может отражаться на курсовых и инфляционных ожиданиях.",External conditions,Forward-looking,Risk-highlighting,7,0,3,2021-02-12,2021,False
manual_001112,manual,False,,9327f89b0837b8a144cf7f223405108c751c5b25,mp_decisions,press_release,"Банк России принял решение сохранить ключевую ставку на уровне 4,25% годовых",12 февраля 2021 г,"Также в условиях более быстрого, чем ожидалось ранее, восстановления мировой экономики и, соответственно, исчерпания необходимости проведения беспрецедентно стимулирующей политики в развитых экономиках возможно более раннее начало нормализации денежно-кредитной политики в этих странах.",External conditions,Forward-looking,Risk-highlighting,7,0,3,2021-02-12,2021,False
manual_001113,manual,False,,9327f89b0837b8a144cf7f223405108c751c5b25,mp_decisions,press_release,"Банк России принял решение сохранить ключевую ставку на уровне 4,25% годовых",12 февраля 2021 г,Это может стать дополнительным фактором роста волатильности на мировых финансовых рынках.,External conditions,Forward-looking,Risk-highlighting,7,0,3,2021-02-12,2021,False
manual_001114,manual,False,,9327f89b0837b8a144cf7f223405108c751c5b25,mp_decisions,press_release,"Банк России принял решение сохранить ключевую ставку на уровне 4,25% годовых",12 февраля 2021 г,Дезинфляционные риски для базового сценария в основном связаны с более слабым восстановлением спроса в России и в мире.,Economic activity,Forward-looking,Risk-highlighting,5,0,3,2021-02-12,2021,False
manual_001115,manual,False,,9327f89b0837b8a144cf7f223405108c751c5b25,mp_decisions,press_release,"Банк России принял решение сохранить ключевую ставку на уровне 4,25% годовых",12 февраля 2021 г,"Замедлить восстановление экономической активности могут, в частности, распространение новых штаммов вируса и более низкие темпы вакцинации, а также ужесточение ограничительных мер.",External conditions,Forward-looking,Risk-highlighting,7,0,3,2021-02-12,2021,False
manual_001116,manual,False,,9327f89b0837b8a144cf7f223405108c751c5b25,mp_decisions,press_release,"Банк России принял решение сохранить ключевую ставку на уровне 4,25% годовых",12 февраля 2021 г,"Сдерживающее влияние на динамику инфляции могут также оказать устойчивые изменения в предпочтениях и поведении населения, в том числе возможное устойчивое повышение склонности к сбережению; более медленное восстановление доходов населения.",Inflation,Forward-looking,Risk-highlighting,0,0,3,2021-02-12,2021,False
manual_001117,manual,False,,9327f89b0837b8a144cf7f223405108c751c5b25,mp_decisions,press_release,"Банк России принял решение сохранить ключевую ставку на уровне 4,25% годовых",12 февраля 2021 г,"В свою очередь открытие границ по мере снятия ограничительных мер может восстановить потребление зарубежных услуг, а также ослабить ограничения со стороны предложения на рынке труда через приток иностранной рабочей силы.",External conditions,Forward-looking,Neutral,7,0,2,2021-02-12,2021,False
manual_001118,manual,False,,9327f89b0837b8a144cf7f223405108c751c5b25,mp_decisions,press_release,"Банк России принял решение сохранить ключевую ставку на уровне 4,25% годовых",12 февраля 2021 г,"Сохраняется неопределенность относительно долгосрочных структурных последствий пандемии коронавируса для российской и мировой экономики, в частности масштаба снижения потенциала российской экономики.",External conditions,Forward-looking,Risk-highlighting,7,0,3,2021-02-12,2021,False
manual_001119,manual,False,,9327f89b0837b8a144cf7f223405108c751c5b25,mp_decisions,press_release,"Банк России принял решение сохранить ключевую ставку на уровне 4,25% годовых",12 февраля 2021 г,"Значимое влияние на потенциал глобального роста также могут оказывать геополитические факторы, в том числе обострение торговых противоречий.",External conditions,Forward-looking,Risk-highlighting,7,0,3,2021-02-12,2021,False
manual_001120,manual,False,,9327f89b0837b8a144cf7f223405108c751c5b25,mp_decisions,press_release,"Банк России принял решение сохранить ключевую ставку на уровне 4,25% годовых",12 февраля 2021 г,"Масштаб отклонения российской экономики от потенциала, в частности в потребительском секторе экономики, является определяющим фактором для среднесрочной динамики инфляции.",Economic activity,Forward-looking,Neutral,5,0,2,2021-02-12,2021,False
manual_001121,manual,False,,9327f89b0837b8a144cf7f223405108c751c5b25,mp_decisions,press_release,"Банк России принял решение сохранить ключевую ставку на уровне 4,25% годовых",12 февраля 2021 г,На среднесрочную динамику инфляции значимо влияет бюджетная политика.,Fiscal policy,Forward-looking,Neutral,8,0,2,2021-02-12,2021,False
manual_001122,manual,False,,9327f89b0837b8a144cf7f223405108c751c5b25,mp_decisions,press_release,"Банк России принял решение сохранить ключевую ставку на уровне 4,25% годовых",12 февраля 2021 г,"В базовом сценарии Банк России исходит из параметров федерального бюджета и бюджетов субъектов Федерации, отраженных в Основных направлениях бюджетной, налоговой и таможенно-тарифной политики на 2021 год и на плановый период 2022 и 2023 годов, а также заявленных сроков завершения антикризисных мер Правительства и Банка России.",Fiscal policy,Forward-looking,Neutral,8,0,2,2021-02-12,2021,False
manual_001123,manual,False,,9327f89b0837b8a144cf7f223405108c751c5b25,mp_decisions,press_release,"Банк России принял решение сохранить ключевую ставку на уровне 4,25% годовых",12 февраля 2021 г,"При развитии ситуации в соответствии с базовым прогнозом Банк России будет определять сроки и темпы возврата к нейтральной денежно-кредитной политике, принимая во внимание по-прежнему высокую неоднородность текущих тенденций в экономике и динамике цен и с учетом фактической и ожидаемой динамики инфляции относительно цели, развития экономики на прогнозном горизонте, а также оценивая риски со стороны внутренних и внешних условий и реакции на них финансовых рынков.",Interest rate,Forward-looking,Hawkish,1,0,0,2021-02-12,2021,False
manual_001124,manual,False,,9327f89b0837b8a144cf7f223405108c751c5b25,mp_decisions,press_release,"Банк России принял решение сохранить ключевую ставку на уровне 4,25% годовых",12 февраля 2021 г,По итогам заседания Совета директоров по ключевой ставке 12 февраля 2021 года Банк России опубликовал среднесрочный прогноз.,Other,Other,Other,11,2,5,2021-02-12,2021,False
manual_001125,manual,False,,9327f89b0837b8a144cf7f223405108c751c5b25,mp_decisions,press_release,"Банк России принял решение сохранить ключевую ставку на уровне 4,25% годовых",12 февраля 2021 г,"Следующее заседание Совета директоров Банка России, на котором будет рассматриваться вопрос об уровне ключевой ставки, запланировано на 19 марта 2021 года.",Other,Other,Other,11,2,5,2021-02-12,2021,False
manual_001126,manual,False,,9327f89b0837b8a144cf7f223405108c751c5b25,mp_decisions,press_release,"Банк России принял решение сохранить ключевую ставку на уровне 4,25% годовых",12 февраля 2021 г,Время публикации пресс-релиза о решении Совета директоров Банка России — 13:30 по московскому времени.,Other,Other,Other,11,2,5,2021-02-12,2021,True
manual_001127,manual,False,,9327f89b0837b8a144cf7f223405108c751c5b25,mp_decisions,press_release,"Банк России принял решение сохранить ключевую ставку на уровне 4,25% годовых",12 февраля 2021 г,Заявление Председателя Банка России Эльвиры.,Other,Other,Other,11,2,5,2021-02-12,2021,True
manual_001128,manual,False,,9327f89b0837b8a144cf7f223405108c751c5b25,mp_decisions,press_release,"Банк России принял решение сохранить ключевую ставку на уровне 4,25% годовых",12 февраля 2021 г,Набиуллиной по итогам заседания Совета директоров 12 февраля 2021 года.,Other,Other,Other,11,2,5,2021-02-12,2021,False
manual_001129,manual,False,,9327f89b0837b8a144cf7f223405108c751c5b25,mp_decisions,press_release,"Банк России принял решение сохранить ключевую ставку на уровне 4,25% годовых",12 февраля 2021 г,При использовании материала ссылка на Пресс-службу Банка России обязательна.,Other,Other,Other,11,2,5,2021-02-12,2021,True
manual_001130,manual,False,,9327f89b0837b8a144cf7f223405108c751c5b25,mp_decisions,press_release,"Банк России принял решение сохранить ключевую ставку на уровне 4,25% годовых",12 февраля 2021 г,12.02.2021 00:00:00,Other,Other,Other,11,2,5,2021-02-12,2021,True
manual_001131,manual,False,,cb6cb489db375b5cb6e7686d14f6b18b69c5d3a3,mp_decisions,press_release,"Банк России принял решение повысить ключевую ставку на 100 б.п., до 9,50% годовых",11 февраля 2022 г,"Совет директоров Банка России 11 февраля 2022 года принял решение повысить ключевую ставку на 100 б.п., до 9,50% годовых.",Interest rate,Backward-looking,Hawkish,1,1,0,2022-02-11,2022,False
manual_001132,manual,False,,cb6cb489db375b5cb6e7686d14f6b18b69c5d3a3,mp_decisions,press_release,"Банк России принял решение повысить ключевую ставку на 100 б.п., до 9,50% годовых",11 февраля 2022 г,Инфляция складывается значительно выше октябрьского прогноза Банка России.,Inflation,Backward-looking,Hawkish,0,1,0,2022-02-11,2022,False
manual_001133,manual,False,,cb6cb489db375b5cb6e7686d14f6b18b69c5d3a3,mp_decisions,press_release,"Банк России принял решение повысить ключевую ставку на 100 б.п., до 9,50% годовых",11 февраля 2022 г,Расширение спроса продолжает опережать возможности наращивания выпуска.,Economic activity,Backward-looking,Hawkish,5,1,0,2022-02-11,2022,False
manual_001134,manual,False,,cb6cb489db375b5cb6e7686d14f6b18b69c5d3a3,mp_decisions,press_release,"Банк России принял решение повысить ключевую ставку на 100 б.п., до 9,50% годовых",11 февраля 2022 г,Быстрый рост экономической активности при ограниченности свободных трудовых ресурсов усиливает инфляционное давление.,Economic activity,Backward-looking,Hawkish,5,1,0,2022-02-11,2022,False
manual_001135,manual,False,,cb6cb489db375b5cb6e7686d14f6b18b69c5d3a3,mp_decisions,press_release,"Банк России принял решение повысить ключевую ставку на 100 б.п., до 9,50% годовых",11 февраля 2022 г,Проинфляционной остается конъюнктура мировых товарных рынков.,External conditions,Backward-looking,Hawkish,7,1,0,2022-02-11,2022,False
manual_001136,manual,False,,cb6cb489db375b5cb6e7686d14f6b18b69c5d3a3,mp_decisions,press_release,"Банк России принял решение повысить ключевую ставку на 100 б.п., до 9,50% годовых",11 февраля 2022 г,"Инфляционные ожидания пока не снижаются, оставаясь на многолетних максимумах.",Expectations,Backward-looking,Hawkish,4,1,0,2022-02-11,2022,False
manual_001137,manual,False,,cb6cb489db375b5cb6e7686d14f6b18b69c5d3a3,mp_decisions,press_release,"Банк России принял решение повысить ключевую ставку на 100 б.п., до 9,50% годовых",11 февраля 2022 г,В этих условиях баланс рисков для инфляции еще больше сместился в сторону проинфляционных.,Inflation,Forward-looking,Risk-highlighting,0,0,3,2022-02-11,2022,False
manual_001138,manual,False,,cb6cb489db375b5cb6e7686d14f6b18b69c5d3a3,mp_decisions,press_release,"Банк России принял решение повысить ключевую ставку на 100 б.п., до 9,50% годовых",11 февраля 2022 г,Проводимая Банком России денежно-кредитная политика направлена на возвращение инфляции к 4%.,Interest rate,Backward-looking,Hawkish,1,1,0,2022-02-11,2022,False
manual_001139,manual,False,,cb6cb489db375b5cb6e7686d14f6b18b69c5d3a3,mp_decisions,press_release,"Банк России принял решение повысить ключевую ставку на 100 б.п., до 9,50% годовых",11 февраля 2022 г,При развитии ситуации в соответствии с базовым прогнозом Банк России допускает возможность дальнейшего повышения ключевой ставки на ближайших заседаниях.,Interest rate,Forward-looking,Hawkish,1,0,0,2022-02-11,2022,False
manual_001140,manual,False,,cb6cb489db375b5cb6e7686d14f6b18b69c5d3a3,mp_decisions,press_release,"Банк России принял решение повысить ключевую ставку на 100 б.п., до 9,50% годовых",11 февраля 2022 г,"Решения по ключевой ставке будут приниматься с учетом фактической и ожидаемой динамики инфляции относительно цели, развития экономики на прогнозном горизонте, а также оценки рисков со стороны внутренних и внешних условий и реакции на них финансовых рынков.",Interest rate,Forward-looking,Neutral,1,0,2,2022-02-11,2022,False
manual_001141,manual,False,,cb6cb489db375b5cb6e7686d14f6b18b69c5d3a3,mp_decisions,press_release,"Банк России принял решение повысить ключевую ставку на 100 б.п., до 9,50% годовых",11 февраля 2022 г,"По прогнозу Банка России, с учетом проводимой денежно-кредитной политики годовая инфляция снизится до 5,0–6,0% в 2022 году и вернется к цели в середине 2023 года.",Inflation,Forward-looking,Dovish,0,0,1,2022-02-11,2022,False
manual_001142,manual,False,,cb6cb489db375b5cb6e7686d14f6b18b69c5d3a3,mp_decisions,press_release,"Банк России принял решение повысить ключевую ставку на 100 б.п., до 9,50% годовых",11 февраля 2022 г,В дальнейшем годовая инфляция будет находиться вблизи 4%.,Inflation,Forward-looking,Neutral,0,0,2,2022-02-11,2022,False
manual_001143,manual,False,,cb6cb489db375b5cb6e7686d14f6b18b69c5d3a3,mp_decisions,press_release,"Банк России принял решение повысить ключевую ставку на 100 б.п., до 9,50% годовых",11 февраля 2022 г,Динамика инфляции.,Other,Other,Other,11,2,5,2022-02-11,2022,True
manual_001144,manual,False,,cb6cb489db375b5cb6e7686d14f6b18b69c5d3a3,mp_decisions,press_release,"Банк России принял решение повысить ключевую ставку на 100 б.п., до 9,50% годовых",11 февраля 2022 г,Инфляция складывается значительно выше октябрьского прогноза Банка России.,Inflation,Backward-looking,Hawkish,0,1,0,2022-02-11,2022,False
manual_001145,manual,False,,cb6cb489db375b5cb6e7686d14f6b18b69c5d3a3,mp_decisions,press_release,"Банк России принял решение повысить ключевую ставку на 100 б.п., до 9,50% годовых",11 февраля 2022 г,"В январе месячные сезонно сглаженные темпы роста потребительских цен вновь выросли после снижения в декабре, тем не менее были ниже пиковых значений осени 2021 года.",Inflation,Backward-looking,Hawkish,0,1,0,2022-02-11,2022,False
manual_001146,manual,False,,cb6cb489db375b5cb6e7686d14f6b18b69c5d3a3,mp_decisions,press_release,"Банк России принял решение повысить ключевую ставку на 100 б.п., до 9,50% годовых",11 февраля 2022 г,"Годовая инфляция в январе увеличилась до 8,7% (после 8,4% в декабре 2021 года).",Inflation,Backward-looking,Hawkish,0,1,0,2022-02-11,2022,False
manual_001147,manual,False,,cb6cb489db375b5cb6e7686d14f6b18b69c5d3a3,mp_decisions,press_release,"Банк России принял решение повысить ключевую ставку на 100 б.п., до 9,50% годовых",11 февраля 2022 г,"По оценке на 4 февраля, она составила 8,8%.",Inflation,Backward-looking,Hawkish,0,1,0,2022-02-11,2022,False
manual_001148,manual,False,,cb6cb489db375b5cb6e7686d14f6b18b69c5d3a3,mp_decisions,press_release,"Банк России принял решение повысить ключевую ставку на 100 б.п., до 9,50% годовых",11 февраля 2022 г,"Показатели, характеризующие наиболее устойчивые процессы ценовой динамики, по оценкам Банка России, продолжают находиться значимо выше 4% в годовом выражении.",Inflation,Backward-looking,Hawkish,0,1,0,2022-02-11,2022,False
manual_001149,manual,False,,cb6cb489db375b5cb6e7686d14f6b18b69c5d3a3,mp_decisions,press_release,"Банк России принял решение повысить ключевую ставку на 100 б.п., до 9,50% годовых",11 февраля 2022 г,"Это является отражением того, что устойчивый рост внутреннего спроса опережает возможности расширения производства по широкому кругу отраслей.",Economic activity,Backward-looking,Hawkish,5,1,0,2022-02-11,2022,False
manual_001150,manual,False,,cb6cb489db375b5cb6e7686d14f6b18b69c5d3a3,mp_decisions,press_release,"Банк России принял решение повысить ключевую ставку на 100 б.п., до 9,50% годовых",11 февраля 2022 г,"На этом фоне предприятиям легче переносить в цены возросшие издержки, в том числе связанные с ростом цен на мировых рынках.",Inflation,Backward-looking,Hawkish,0,1,0,2022-02-11,2022,False
manual_001151,manual,False,,cb6cb489db375b5cb6e7686d14f6b18b69c5d3a3,mp_decisions,press_release,"Банк России принял решение повысить ключевую ставку на 100 б.п., до 9,50% годовых",11 февраля 2022 г,При этом дальнейшее расширение производства ограничено растущей нехваткой рабочей силы.,Labor market,Forward-looking,Hawkish,6,0,0,2022-02-11,2022,False
manual_001152,manual,False,,cb6cb489db375b5cb6e7686d14f6b18b69c5d3a3,mp_decisions,press_release,"Банк России принял решение повысить ключевую ставку на 100 б.п., до 9,50% годовых",11 февраля 2022 г,Инерцию роста цен усиливают высокие и незаякоренные инфляционные ожидания населения и бизнеса.,Expectations,Backward-looking,Hawkish,4,1,0,2022-02-11,2022,False
manual_001153,manual,False,,cb6cb489db375b5cb6e7686d14f6b18b69c5d3a3,mp_decisions,press_release,"Банк России принял решение повысить ключевую ставку на 100 б.п., до 9,50% годовых",11 февраля 2022 г,"В январе инфляционные ожидания населения несколько снизились, но оставались вблизи максимумов за последние шесть лет.",Expectations,Backward-looking,Hawkish,4,1,0,2022-02-11,2022,False
manual_001154,manual,False,,cb6cb489db375b5cb6e7686d14f6b18b69c5d3a3,mp_decisions,press_release,"Банк России принял решение повысить ключевую ставку на 100 б.п., до 9,50% годовых",11 февраля 2022 г,Последние данные указывают на рост ценовых ожиданий предприятий и обновление ими многолетних максимумов.,Expectations,Backward-looking,Hawkish,4,1,0,2022-02-11,2022,False
manual_001155,manual,False,,cb6cb489db375b5cb6e7686d14f6b18b69c5d3a3,mp_decisions,press_release,"Банк России принял решение повысить ключевую ставку на 100 б.п., до 9,50% годовых",11 февраля 2022 г,"Ожидания профессиональных аналитиков на 2022 год повысились, однако на среднесрочную перспективу заякорены вблизи 4%.",Expectations,Forward-looking,Neutral,4,0,2,2022-02-11,2022,False
manual_001156,manual,False,,cb6cb489db375b5cb6e7686d14f6b18b69c5d3a3,mp_decisions,press_release,"Банк России принял решение повысить ключевую ставку на 100 б.п., до 9,50% годовых",11 февраля 2022 г,Преобладающее влияние проинфляционных факторов привело к значительному и продолжительному отклонению инфляции вверх от цели.,Inflation,Backward-looking,Hawkish,0,1,0,2022-02-11,2022,False
manual_001157,manual,False,,cb6cb489db375b5cb6e7686d14f6b18b69c5d3a3,mp_decisions,press_release,"Банк России принял решение повысить ключевую ставку на 100 б.п., до 9,50% годовых",11 февраля 2022 г,"По прогнозу Банка России, с учетом проводимой денежно-кредитной политики годовая инфляция снизится до 5,0–6,0% в 2022 году и вернется к цели в середине 2023 года.",Inflation,Forward-looking,Dovish,0,0,1,2022-02-11,2022,False
manual_001158,manual,False,,cb6cb489db375b5cb6e7686d14f6b18b69c5d3a3,mp_decisions,press_release,"Банк России принял решение повысить ключевую ставку на 100 б.п., до 9,50% годовых",11 февраля 2022 г,В дальнейшем годовая инфляция будет находиться вблизи 4%.,Inflation,Forward-looking,Neutral,0,0,2,2022-02-11,2022,False
manual_001159,manual,False,,cb6cb489db375b5cb6e7686d14f6b18b69c5d3a3,mp_decisions,press_release,"Банк России принял решение повысить ключевую ставку на 100 б.п., до 9,50% годовых",11 февраля 2022 г,"Денежно-кредитные условия, по оценкам Банка России, перешли от мягких к нейтральным.",Monetary conditions,Backward-looking,Neutral,2,1,2,2022-02-11,2022,False
manual_001160,manual,False,,cb6cb489db375b5cb6e7686d14f6b18b69c5d3a3,mp_decisions,press_release,"Банк России принял решение повысить ключевую ставку на 100 б.п., до 9,50% годовых",11 февраля 2022 г,Рост фактической инфляции и высокие инфляционные ожидания в настоящий момент сдерживают их переход в область жестких значений.,Inflation,Backward-looking,Hawkish,0,1,0,2022-02-11,2022,False
manual_001161,manual,False,,cb6cb489db375b5cb6e7686d14f6b18b69c5d3a3,mp_decisions,press_release,"Банк России принял решение повысить ключевую ставку на 100 б.п., до 9,50% годовых",11 февраля 2022 г,"С момента предыдущего заседания Совета директоров Банка России доходности краткосрочных ОФЗ увеличились, преимущественно отражая ожидания рынка по траектории ключевой ставки.",Monetary conditions,Backward-looking,Neutral,2,1,2,2022-02-11,2022,False
manual_001162,manual,False,,cb6cb489db375b5cb6e7686d14f6b18b69c5d3a3,mp_decisions,press_release,"Банк России принял решение повысить ключевую ставку на 100 б.п., до 9,50% годовых",11 февраля 2022 г,"Доходности средне- и долгосрочных ОФЗ также выросли, в основном из-за усиления геополитической напряженности.",External conditions,Backward-looking,Risk-highlighting,7,1,3,2022-02-11,2022,False
manual_001163,manual,False,,cb6cb489db375b5cb6e7686d14f6b18b69c5d3a3,mp_decisions,press_release,"Банк России принял решение повысить ключевую ставку на 100 б.п., до 9,50% годовых",11 февраля 2022 г,Продолжается увеличение кредитных и депозитных ставок.,Monetary conditions,Backward-looking,Neutral,2,1,2,2022-02-11,2022,False
manual_001164,manual,False,,cb6cb489db375b5cb6e7686d14f6b18b69c5d3a3,mp_decisions,press_release,"Банк России принял решение повысить ключевую ставку на 100 б.п., до 9,50% годовых",11 февраля 2022 г,Вместе с тем рост номинальных процентных ставок пока не обеспечил достаточного увеличения склонности к сбережению и не привел к более сбалансированной динамике кредитования.,Monetary conditions,Backward-looking,Neutral,2,1,2,2022-02-11,2022,False
manual_001165,manual,False,,cb6cb489db375b5cb6e7686d14f6b18b69c5d3a3,mp_decisions,press_release,"Банк России принял решение повысить ключевую ставку на 100 б.п., до 9,50% годовых",11 февраля 2022 г,Приток средств на срочные рублевые депозиты происходит умеренным темпом.,Monetary conditions,Backward-looking,Neutral,2,1,2,2022-02-11,2022,False
manual_001166,manual,False,,cb6cb489db375b5cb6e7686d14f6b18b69c5d3a3,mp_decisions,press_release,"Банк России принял решение повысить ключевую ставку на 100 б.п., до 9,50% годовых",11 февраля 2022 г,"Одновременно с этим сохраняется высокая активность на рынке как розничного, так и корпоративного кредитования.",Credit,Backward-looking,Hawkish,3,1,0,2022-02-11,2022,False
manual_001167,manual,False,,cb6cb489db375b5cb6e7686d14f6b18b69c5d3a3,mp_decisions,press_release,"Банк России принял решение повысить ключевую ставку на 100 б.п., до 9,50% годовых",11 февраля 2022 г,"Проводимая Банком России денежно-кредитная политика ускорит формирование жестких денежно-кредитных условий, необходимых для возвращения инфляции к цели и ограничения воздействия текущей высокой инфляции на долгосрочные процентные ставки.",Interest rate,Forward-looking,Hawkish,1,0,0,2022-02-11,2022,False
manual_001168,manual,False,,cb6cb489db375b5cb6e7686d14f6b18b69c5d3a3,mp_decisions,press_release,"Банк России принял решение повысить ключевую ставку на 100 б.п., до 9,50% годовых",11 февраля 2022 г,"Это укрепит тенденцию к повышению привлекательности депозитов для населения, защитит покупательную способность сбережений, обеспечит сбалансированный рост кредитования и экономики в целом.",Monetary conditions,Forward-looking,Confidence-building,2,0,4,2022-02-11,2022,False
manual_001169,manual,False,,cb6cb489db375b5cb6e7686d14f6b18b69c5d3a3,mp_decisions,press_release,"Банк России принял решение повысить ключевую ставку на 100 б.п., до 9,50% годовых",11 февраля 2022 г,Экономическая активность.,Other,Other,Other,11,2,5,2022-02-11,2022,True
manual_001170,manual,False,,cb6cb489db375b5cb6e7686d14f6b18b69c5d3a3,mp_decisions,press_release,"Банк России принял решение повысить ключевую ставку на 100 б.п., до 9,50% годовых",11 февраля 2022 г,"По оценкам Банка России, в IV квартале 2021 года российская экономика заметно отклонилась вверх от траектории сбалансированного роста.",Economic activity,Backward-looking,Hawkish,5,1,0,2022-02-11,2022,False
manual_001171,manual,False,,cb6cb489db375b5cb6e7686d14f6b18b69c5d3a3,mp_decisions,press_release,"Банк России принял решение повысить ключевую ставку на 100 б.п., до 9,50% годовых",11 февраля 2022 г,"Ускоренный рост кредитования, рост реальных заработных плат и невысокая склонность домашних хозяйств к сбережению, обусловленная повышенными инфляционными ожиданиями, поддерживают рост потребительской активности, особенно на рынках непродовольственных товаров.",Credit,Backward-looking,Hawkish,3,1,0,2022-02-11,2022,False
manual_001172,manual,False,,cb6cb489db375b5cb6e7686d14f6b18b69c5d3a3,mp_decisions,press_release,"Банк России принял решение повысить ключевую ставку на 100 б.п., до 9,50% годовых",11 февраля 2022 г,Растущий внутренний и внешний спрос и высокие корпоративные прибыли оказывают поддержку инвестиционной активности.,Economic activity,Backward-looking,Hawkish,5,1,0,2022-02-11,2022,False
manual_001173,manual,False,,cb6cb489db375b5cb6e7686d14f6b18b69c5d3a3,mp_decisions,press_release,"Банк России принял решение повысить ключевую ставку на 100 б.п., до 9,50% годовых",11 февраля 2022 г,"Ограничения со стороны предложения в российской экономике связаны не только с такими временными проблемами, как перебои в производственных и логистических цепочках, но также и с более устойчивыми факторами.",Economic activity,Backward-looking,Hawkish,5,1,0,2022-02-11,2022,False
manual_001174,manual,False,,cb6cb489db375b5cb6e7686d14f6b18b69c5d3a3,mp_decisions,press_release,"Банк России принял решение повысить ключевую ставку на 100 б.п., до 9,50% годовых",11 февраля 2022 г,Это в первую очередь касается рынка труда.,Labor market,Backward-looking,Neutral,6,1,2,2022-02-11,2022,False
manual_001175,manual,False,,cb6cb489db375b5cb6e7686d14f6b18b69c5d3a3,mp_decisions,press_release,"Банк России принял решение повысить ключевую ставку на 100 б.п., до 9,50% годовых",11 февраля 2022 г,Спрос на рабочую силу продолжает расти по широкому кругу отраслей.,Labor market,Backward-looking,Hawkish,6,1,0,2022-02-11,2022,False
manual_001176,manual,False,,cb6cb489db375b5cb6e7686d14f6b18b69c5d3a3,mp_decisions,press_release,"Банк России принял решение повысить ключевую ставку на 100 б.п., до 9,50% годовых",11 февраля 2022 г,"При этом во многих секторах наблюдается ее дефицит, несмотря на приток иностранной рабочей силы.",Labor market,Backward-looking,Hawkish,6,1,0,2022-02-11,2022,False
manual_001177,manual,False,,cb6cb489db375b5cb6e7686d14f6b18b69c5d3a3,mp_decisions,press_release,"Банк России принял решение повысить ключевую ставку на 100 б.п., до 9,50% годовых",11 февраля 2022 г,"Уровень безработицы находится на историческом минимуме, а число вакансий — на исторических максимумах.",Labor market,Backward-looking,Hawkish,6,1,0,2022-02-11,2022,False
manual_001178,manual,False,,cb6cb489db375b5cb6e7686d14f6b18b69c5d3a3,mp_decisions,press_release,"Банк России принял решение повысить ключевую ставку на 100 б.п., до 9,50% годовых",11 февраля 2022 г,"Ситуация на рынке труда указывает на то, что в дальнейшем увеличение устойчивых темпов роста российской экономики будет прежде всего определяться темпами роста производительности труда.",Labor market,Forward-looking,Neutral,6,0,2,2022-02-11,2022,False
manual_001179,manual,False,,cb6cb489db375b5cb6e7686d14f6b18b69c5d3a3,mp_decisions,press_release,"Банк России принял решение повысить ключевую ставку на 100 б.п., до 9,50% годовых",11 февраля 2022 г,"Согласно обновленному базовому прогнозу, рост ВВП в 2022 году составит 2,0–3,0%.",Economic activity,Forward-looking,Neutral,5,0,2,2022-02-11,2022,False
manual_001180,manual,False,,cb6cb489db375b5cb6e7686d14f6b18b69c5d3a3,mp_decisions,press_release,"Банк России принял решение повысить ключевую ставку на 100 б.п., до 9,50% годовых",11 февраля 2022 г,"В 2023 году российская экономика, по прогнозу Банка России, вырастет на 1,5–2,5%, в 2024 году — на 2,0–3,0%.",Economic activity,Forward-looking,Neutral,5,0,2,2022-02-11,2022,False
manual_001181,manual,False,,cb6cb489db375b5cb6e7686d14f6b18b69c5d3a3,mp_decisions,press_release,"Банк России принял решение повысить ключевую ставку на 100 б.п., до 9,50% годовых",11 февраля 2022 г,"Это предполагает, что российская экономика вернется на траекторию сбалансированного роста к концу 2023 года и далее будет развиваться темпом, соответствующим ее потенциалу.",Economic activity,Forward-looking,Confidence-building,5,0,4,2022-02-11,2022,False
manual_001182,manual,False,,cb6cb489db375b5cb6e7686d14f6b18b69c5d3a3,mp_decisions,press_release,"Банк России принял решение повысить ключевую ставку на 100 б.п., до 9,50% годовых",11 февраля 2022 г,Инфляционные риски.,Other,Other,Other,11,2,5,2022-02-11,2022,True
manual_001183,manual,False,,cb6cb489db375b5cb6e7686d14f6b18b69c5d3a3,mp_decisions,press_release,"Банк России принял решение повысить ключевую ставку на 100 б.п., до 9,50% годовых",11 февраля 2022 г,Баланс рисков еще более сместился в сторону проинфляционных.,Inflation,Forward-looking,Risk-highlighting,0,0,3,2022-02-11,2022,False
manual_001184,manual,False,,cb6cb489db375b5cb6e7686d14f6b18b69c5d3a3,mp_decisions,press_release,"Банк России принял решение повысить ключевую ставку на 100 б.п., до 9,50% годовых",11 февраля 2022 г,Действие проинфляционных факторов может быть усилено повышенными инфляционными ожиданиями и сопутствующими вторичными эффектами.,Expectations,Forward-looking,Risk-highlighting,4,0,3,2022-02-11,2022,False
manual_001185,manual,False,,cb6cb489db375b5cb6e7686d14f6b18b69c5d3a3,mp_decisions,press_release,"Банк России принял решение повысить ключевую ставку на 100 б.п., до 9,50% годовых",11 февраля 2022 г,"Замедлению инфляции могут препятствовать более медленная, чем ожидается в базовом сценарии, нормализация производственных и логистических цепочек, дефицит трудовых ресурсов, а также структурные изменения на рынке труда в результате влияния пандемии.",Inflation,Forward-looking,Risk-highlighting,0,0,3,2022-02-11,2022,False
manual_001186,manual,False,,cb6cb489db375b5cb6e7686d14f6b18b69c5d3a3,mp_decisions,press_release,"Банк России принял решение повысить ключевую ставку на 100 б.п., до 9,50% годовых",11 февраля 2022 г,Усиление дефицита трудовых ресурсов может привести к отставанию темпов роста производительности труда от роста заработной платы.,Labor market,Forward-looking,Risk-highlighting,6,0,3,2022-02-11,2022,False
manual_001187,manual,False,,cb6cb489db375b5cb6e7686d14f6b18b69c5d3a3,mp_decisions,press_release,"Банк России принял решение повысить ключевую ставку на 100 б.п., до 9,50% годовых",11 февраля 2022 г,Вследствие активного роста спроса в мировой экономике проинфляционные риски со стороны ценовой конъюнктуры мировых товарных рынков еще возросли.,External conditions,Forward-looking,Risk-highlighting,7,0,3,2022-02-11,2022,False
manual_001188,manual,False,,cb6cb489db375b5cb6e7686d14f6b18b69c5d3a3,mp_decisions,press_release,"Банк России принял решение повысить ключевую ставку на 100 б.п., до 9,50% годовых",11 февраля 2022 г,Это в первую очередь касается рынков энергоносителей и продовольствия.,External conditions,Backward-looking,Hawkish,7,1,0,2022-02-11,2022,False
manual_001189,manual,False,,cb6cb489db375b5cb6e7686d14f6b18b69c5d3a3,mp_decisions,press_release,"Банк России принял решение повысить ключевую ставку на 100 б.п., до 9,50% годовых",11 февраля 2022 г,"Усилились краткосрочные проинфляционные риски, связанные с волатильностью на глобальных финансовых рынках, в том числе под влиянием различных геополитических событий, что может отражаться на курсовых и инфляционных ожиданиях.",External conditions,Forward-looking,Risk-highlighting,7,0,3,2022-02-11,2022,False
manual_001190,manual,False,,cb6cb489db375b5cb6e7686d14f6b18b69c5d3a3,mp_decisions,press_release,"Банк России принял решение повысить ключевую ставку на 100 б.п., до 9,50% годовых",11 февраля 2022 г,Из-за дальнейшего усиления инфляционного давления в мировой экономике ускоряется нормализация денежно-кредитной политики центральными банками развитых стран.,External conditions,Backward-looking,Hawkish,7,1,0,2022-02-11,2022,False
manual_001191,manual,False,,cb6cb489db375b5cb6e7686d14f6b18b69c5d3a3,mp_decisions,press_release,"Банк России принял решение повысить ключевую ставку на 100 б.п., до 9,50% годовых",11 февраля 2022 г,"Это может стать дополнительным фактором роста волатильности на мировых финансовых рынках, особенно в странах с формирующимися рынками.",External conditions,Forward-looking,Risk-highlighting,7,0,3,2022-02-11,2022,False
manual_001192,manual,False,,cb6cb489db375b5cb6e7686d14f6b18b69c5d3a3,mp_decisions,press_release,"Банк России принял решение повысить ключевую ставку на 100 б.п., до 9,50% годовых",11 февраля 2022 г,Дезинфляционные риски для базового сценария остаются умеренными и в основном связаны со скоростью и масштабом подстройки предложения к растущему спросу.,Inflation,Forward-looking,Risk-highlighting,0,0,3,2022-02-11,2022,False
manual_001193,manual,False,,cb6cb489db375b5cb6e7686d14f6b18b69c5d3a3,mp_decisions,press_release,"Банк России принял решение повысить ключевую ставку на 100 б.п., до 9,50% годовых",11 февраля 2022 г,"Понижательное давление на цены может оказать более быстрая, чем ожидается в базовом сценарии, нормализация производственных и логистических цепочек в российской и мировой экономике.",Inflation,Forward-looking,Risk-highlighting,0,0,3,2022-02-11,2022,False
manual_001194,manual,False,,cb6cb489db375b5cb6e7686d14f6b18b69c5d3a3,mp_decisions,press_release,"Банк России принял решение повысить ключевую ставку на 100 б.п., до 9,50% годовых",11 февраля 2022 г,Открытие границ по мере снятия ограничительных мер может восстановить потребление зарубежных услуг.,External conditions,Forward-looking,Neutral,7,0,2,2022-02-11,2022,False
manual_001195,manual,False,,cb6cb489db375b5cb6e7686d14f6b18b69c5d3a3,mp_decisions,press_release,"Банк России принял решение повысить ключевую ставку на 100 б.п., до 9,50% годовых",11 февраля 2022 г,На среднесрочную динамику инфляции значимо влияет бюджетная политика.,Fiscal policy,Forward-looking,Neutral,8,0,2,2022-02-11,2022,False
manual_001196,manual,False,,cb6cb489db375b5cb6e7686d14f6b18b69c5d3a3,mp_decisions,press_release,"Банк России принял решение повысить ключевую ставку на 100 б.п., до 9,50% годовых",11 февраля 2022 г,"В базовом сценарии Банк России исходит из заложенной в Основных направлениях бюджетной, налоговой и таможенно-тарифной политики траектории нормализации бюджетной политики, предполагающей возвращение к параметрам бюджетного правила в 2022 году.",Fiscal policy,Forward-looking,Neutral,8,0,2,2022-02-11,2022,False
manual_001197,manual,False,,cb6cb489db375b5cb6e7686d14f6b18b69c5d3a3,mp_decisions,press_release,"Банк России принял решение повысить ключевую ставку на 100 б.п., до 9,50% годовых",11 февраля 2022 г,Банк России также учитывает в прогнозе принятые Правительством Российской Федерации решения об инвестировании ликвидной части Фонда национального благосостояния.,Fiscal policy,Forward-looking,Neutral,8,0,2,2022-02-11,2022,False
manual_001198,manual,False,,cb6cb489db375b5cb6e7686d14f6b18b69c5d3a3,mp_decisions,press_release,"Банк России принял решение повысить ключевую ставку на 100 б.п., до 9,50% годовых",11 февраля 2022 г,При развитии ситуации в соответствии с базовым прогнозом Банк России допускает возможность дальнейшего повышения ключевой ставки на ближайших заседаниях.,Interest rate,Forward-looking,Hawkish,1,0,0,2022-02-11,2022,False
manual_001199,manual,False,,cb6cb489db375b5cb6e7686d14f6b18b69c5d3a3,mp_decisions,press_release,"Банк России принял решение повысить ключевую ставку на 100 б.п., до 9,50% годовых",11 февраля 2022 г,"Решения по ключевой ставке будут приниматься с учетом фактической и ожидаемой динамики инфляции относительно цели, развития экономики на прогнозном горизонте, а также оценки рисков со стороны внутренних и внешних условий и реакции на них финансовых рынков.",Interest rate,Forward-looking,Neutral,1,0,2,2022-02-11,2022,False
manual_001200,manual,False,,cb6cb489db375b5cb6e7686d14f6b18b69c5d3a3,mp_decisions,press_release,"Банк России принял решение повысить ключевую ставку на 100 б.п., до 9,50% годовых",11 февраля 2022 г,По итогам заседания Совета директоров по ключевой ставке 11 февраля 2022 года Банк России опубликовал среднесрочный прогноз.,Other,Other,Other,11,2,5,2022-02-11,2022,False
manual_001201,manual,False,,cb6cb489db375b5cb6e7686d14f6b18b69c5d3a3,mp_decisions,press_release,"Банк России принял решение повысить ключевую ставку на 100 б.п., до 9,50% годовых",11 февраля 2022 г,"Следующее заседание Совета директоров Банка России, на котором будет рассматриваться вопрос об уровне ключевой ставки, запланировано на 18 марта 2022 года.",Other,Other,Other,11,2,5,2022-02-11,2022,False
manual_001202,manual,False,,cb6cb489db375b5cb6e7686d14f6b18b69c5d3a3,mp_decisions,press_release,"Банк России принял решение повысить ключевую ставку на 100 б.п., до 9,50% годовых",11 февраля 2022 г,Время публикации пресс-релиза о решении Совета директоров Банка России — 13:30 по московскому времени.,Other,Other,Other,11,2,5,2022-02-11,2022,True
manual_001203,manual,False,,cb6cb489db375b5cb6e7686d14f6b18b69c5d3a3,mp_decisions,press_release,"Банк России принял решение повысить ключевую ставку на 100 б.п., до 9,50% годовых",11 февраля 2022 г,Заявление Председателя Банка России Эльвиры Набиуллиной по итогам заседания Совета директоров Банка России 11 февраля 2022 года.,Other,Other,Other,11,2,5,2022-02-11,2022,True
manual_001204,manual,False,,cb6cb489db375b5cb6e7686d14f6b18b69c5d3a3,mp_decisions,press_release,"Банк России принял решение повысить ключевую ставку на 100 б.п., до 9,50% годовых",11 февраля 2022 г,При использовании материала ссылка на Пресс-службу Банка России обязательна.,Other,Other,Other,11,2,5,2022-02-11,2022,True
manual_001205,manual,False,,cb6cb489db375b5cb6e7686d14f6b18b69c5d3a3,mp_decisions,press_release,"Банк России принял решение повысить ключевую ставку на 100 б.п., до 9,50% годовых",11 февраля 2022 г,11.02.2022 00:00:00,Other,Other,Other,11,2,5,2022-02-11,2022,True
manual_001206,manual,False,,5034b7d2de826d46c9d87dbd2ff1253833d6d530,mp_decisions,press_release,"Банк России принял решение сохранить ключевую ставку на уровне 7,50% годовых",10 февраля 2023 г,"Совет директоров Банка России 10 февраля 2023 года принял решение сохранить ключевую ставку на уровне 7,50% годовых.",Interest rate,Backward-looking,Neutral,1,1,2,2023-02-10,2023,False
manual_001207,manual,False,,5034b7d2de826d46c9d87dbd2ff1253833d6d530,mp_decisions,press_release,"Банк России принял решение сохранить ключевую ставку на уровне 7,50% годовых",10 февраля 2023 г,"Текущие темпы прироста цен возрастают, оставаясь умеренными в части устойчивых компонентов.",Inflation,Backward-looking,Hawkish,0,1,0,2023-02-10,2023,False
manual_001208,manual,False,,5034b7d2de826d46c9d87dbd2ff1253833d6d530,mp_decisions,press_release,"Банк России принял решение сохранить ключевую ставку на уровне 7,50% годовых",10 февраля 2023 г,"Инфляционные ожидания населения и бизнеса снизились, но сохраняются на повышенном уровне.",Expectations,Backward-looking,Hawkish,4,1,0,2023-02-10,2023,False
manual_001209,manual,False,,5034b7d2de826d46c9d87dbd2ff1253833d6d530,mp_decisions,press_release,"Банк России принял решение сохранить ключевую ставку на уровне 7,50% годовых",10 февраля 2023 г,Динамика экономической активности складывается лучше октябрьского прогноза Банка России.,Economic activity,Backward-looking,Neutral,5,1,2,2023-02-10,2023,False
manual_001210,manual,False,,5034b7d2de826d46c9d87dbd2ff1253833d6d530,mp_decisions,press_release,"Банк России принял решение сохранить ключевую ставку на уровне 7,50% годовых",10 февраля 2023 г,"Хотя население по-прежнему проявляет осторожность в потребительском поведении, появляются признаки восстановления потребительской активности.",Economic activity,Backward-looking,Hawkish,5,1,0,2023-02-10,2023,False
manual_001211,manual,False,,5034b7d2de826d46c9d87dbd2ff1253833d6d530,mp_decisions,press_release,"Банк России принял решение сохранить ключевую ставку на уровне 7,50% годовых",10 февраля 2023 г,"Ускорение исполнения бюджетных расходов, ухудшение условий внешней торговли и состояние рынка труда усиливают проинфляционные риски.",Fiscal policy,Backward-looking,Hawkish,8,1,0,2023-02-10,2023,False
manual_001212,manual,False,,5034b7d2de826d46c9d87dbd2ff1253833d6d530,mp_decisions,press_release,"Банк России принял решение сохранить ключевую ставку на уровне 7,50% годовых",10 февраля 2023 г,"Банк России будет принимать дальнейшие решения по ключевой ставке с учетом фактической и ожидаемой динамики инфляции относительно цели, процесса структурной перестройки экономики, а также оценивая риски со стороны внутренних и внешних условий и реакции на них финансовых рынков.",Interest rate,Forward-looking,Neutral,1,0,2,2023-02-10,2023,False
manual_001213,manual,False,,5034b7d2de826d46c9d87dbd2ff1253833d6d530,mp_decisions,press_release,"Банк России принял решение сохранить ключевую ставку на уровне 7,50% годовых",10 февраля 2023 г,При усилении проинфляционных рисков Банк России будет оценивать целесообразность повышения ключевой ставки на ближайших заседаниях.,Interest rate,Forward-looking,Hawkish,1,0,0,2023-02-10,2023,False
manual_001214,manual,False,,5034b7d2de826d46c9d87dbd2ff1253833d6d530,mp_decisions,press_release,"Банк России принял решение сохранить ключевую ставку на уровне 7,50% годовых",10 февраля 2023 г,"По прогнозу Банка России, с учетом проводимой денежно-кредитной политики годовая инфляция составит 5,0–7,0% в 2023 году и вернется к 4% в 2024 году.",Inflation,Forward-looking,Dovish,0,0,1,2023-02-10,2023,False
manual_001215,manual,False,,5034b7d2de826d46c9d87dbd2ff1253833d6d530,mp_decisions,press_release,"Банк России принял решение сохранить ключевую ставку на уровне 7,50% годовых",10 февраля 2023 г,Динамика инфляции.,Other,Other,Other,11,2,5,2023-02-10,2023,True
manual_001216,manual,False,,5034b7d2de826d46c9d87dbd2ff1253833d6d530,mp_decisions,press_release,"Банк России принял решение сохранить ключевую ставку на уровне 7,50% годовых",10 февраля 2023 г,"По оценке на 6 февраля, годовая инфляция составила 11,8% после 11,9% в декабре 2022 года.",Inflation,Backward-looking,Hawkish,0,1,0,2023-02-10,2023,False
manual_001217,manual,False,,5034b7d2de826d46c9d87dbd2ff1253833d6d530,mp_decisions,press_release,"Банк России принял решение сохранить ключевую ставку на уровне 7,50% годовых",10 февраля 2023 г,"Текущие темпы прироста цен возрастают, ускорившись с начала 2023 года.",Inflation,Backward-looking,Hawkish,0,1,0,2023-02-10,2023,False
manual_001218,manual,False,,5034b7d2de826d46c9d87dbd2ff1253833d6d530,mp_decisions,press_release,"Банк России принял решение сохранить ключевую ставку на уровне 7,50% годовых",10 февраля 2023 г,"Увеличение инфляционного давления отчасти происходит за счет волатильных компонентов, в особенности цен на плодоовощную продукцию, и произошедшего в конце 2022 года ослабления рубля.",Inflation,Backward-looking,Hawkish,0,1,0,2023-02-10,2023,False
manual_001219,manual,False,,5034b7d2de826d46c9d87dbd2ff1253833d6d530,mp_decisions,press_release,"Банк России принял решение сохранить ключевую ставку на уровне 7,50% годовых",10 февраля 2023 г,В то же время в части устойчивых компонентов текущие темпы прироста цен остаются умеренными.,Inflation,Backward-looking,Dovish,0,1,1,2023-02-10,2023,False
manual_001220,manual,False,,5034b7d2de826d46c9d87dbd2ff1253833d6d530,mp_decisions,press_release,"Банк России принял решение сохранить ключевую ставку на уровне 7,50% годовых",10 февраля 2023 г,"Инфляционные ожидания населения и ценовые ожидания предприятий снизились, но сохраняются на повышенном уровне.",Expectations,Backward-looking,Hawkish,4,1,0,2023-02-10,2023,False
manual_001221,manual,False,,5034b7d2de826d46c9d87dbd2ff1253833d6d530,mp_decisions,press_release,"Банк России принял решение сохранить ключевую ставку на уровне 7,50% годовых",10 февраля 2023 г,При этом в январе ценовые ожидания предприятий продемонстрировали снижение впервые после нескольких месяцев роста.,Expectations,Backward-looking,Dovish,4,1,1,2023-02-10,2023,False
manual_001222,manual,False,,5034b7d2de826d46c9d87dbd2ff1253833d6d530,mp_decisions,press_release,"Банк России принял решение сохранить ключевую ставку на уровне 7,50% годовых",10 февраля 2023 г,"Инфляционные ожидания профессиональных аналитиков на 2023 год несколько повысились, но на среднесрочную перспективу заякорены вблизи 4%.",Expectations,Forward-looking,Neutral,4,0,2,2023-02-10,2023,False
manual_001223,manual,False,,5034b7d2de826d46c9d87dbd2ff1253833d6d530,mp_decisions,press_release,"Банк России принял решение сохранить ключевую ставку на уровне 7,50% годовых",10 февраля 2023 г,"По прогнозу Банка России, в ближайшие месяцы показатель годовой инфляции временно опустится ниже 4% под влиянием эффекта высокой базы прошлого года.",Inflation,Forward-looking,Dovish,0,0,1,2023-02-10,2023,False
manual_001224,manual,False,,5034b7d2de826d46c9d87dbd2ff1253833d6d530,mp_decisions,press_release,"Банк России принял решение сохранить ключевую ставку на уровне 7,50% годовых",10 февраля 2023 г,В то же время устойчивое инфляционное давление будет постепенно увеличиваться с умеренно низких значений.,Inflation,Forward-looking,Hawkish,0,0,0,2023-02-10,2023,False
manual_001225,manual,False,,5034b7d2de826d46c9d87dbd2ff1253833d6d530,mp_decisions,press_release,"Банк России принял решение сохранить ключевую ставку на уровне 7,50% годовых",10 февраля 2023 г,"В базовом сценарии с учетом проводимой денежно-кредитной политики годовая инфляция составит 5,0–7,0% в 2023 году, вернется к 4% в 2024 году и будет находиться вблизи 4% в дальнейшем.",Inflation,Forward-looking,Dovish,0,0,1,2023-02-10,2023,False
manual_001226,manual,False,,5034b7d2de826d46c9d87dbd2ff1253833d6d530,mp_decisions,press_release,"Банк России принял решение сохранить ключевую ставку на уровне 7,50% годовых",10 февраля 2023 г,Денежно-кредитные условия оставались в целом нейтральными.,Monetary conditions,Backward-looking,Neutral,2,1,2,2023-02-10,2023,False
manual_001227,manual,False,,5034b7d2de826d46c9d87dbd2ff1253833d6d530,mp_decisions,press_release,"Банк России принял решение сохранить ключевую ставку на уровне 7,50% годовых",10 февраля 2023 г,"С момента предыдущего заседания Совета директоров Банка России по ключевой ставке доходности ОФЗ повысились, наклон кривой ОФЗ увеличился.",Monetary conditions,Backward-looking,Neutral,2,1,2,2023-02-10,2023,False
manual_001228,manual,False,,5034b7d2de826d46c9d87dbd2ff1253833d6d530,mp_decisions,press_release,"Банк России принял решение сохранить ключевую ставку на уровне 7,50% годовых",10 февраля 2023 г,Это во многом отражает увеличение программы государственных заимствований.,Fiscal policy,Backward-looking,Neutral,8,1,2,2023-02-10,2023,False
manual_001229,manual,False,,5034b7d2de826d46c9d87dbd2ff1253833d6d530,mp_decisions,press_release,"Банк России принял решение сохранить ключевую ставку на уровне 7,50% годовых",10 февраля 2023 г,В то же время кредитные и депозитные ставки существенно не изменились.,Monetary conditions,Backward-looking,Neutral,2,1,2,2023-02-10,2023,False
manual_001230,manual,False,,5034b7d2de826d46c9d87dbd2ff1253833d6d530,mp_decisions,press_release,"Банк России принял решение сохранить ключевую ставку на уровне 7,50% годовых",10 февраля 2023 г,"Кредитная активность в целом оставалась высокой, особенно в ипотечном и корпоративном сегменте.",Credit,Backward-looking,Hawkish,3,1,0,2023-02-10,2023,False
manual_001231,manual,False,,5034b7d2de826d46c9d87dbd2ff1253833d6d530,mp_decisions,press_release,"Банк России принял решение сохранить ключевую ставку на уровне 7,50% годовых",10 февраля 2023 г,Увеличились средства населения и организаций на текущих счетах и депозитах в банках.,Monetary conditions,Backward-looking,Neutral,2,1,2,2023-02-10,2023,False
manual_001232,manual,False,,5034b7d2de826d46c9d87dbd2ff1253833d6d530,mp_decisions,press_release,"Банк России принял решение сохранить ключевую ставку на уровне 7,50% годовых",10 февраля 2023 г,При этом в конце 2022 года весомый вклад в рост текущих счетов вносило увеличение бюджетных расходов.,Fiscal policy,Backward-looking,Neutral,8,1,2,2023-02-10,2023,False
manual_001233,manual,False,,5034b7d2de826d46c9d87dbd2ff1253833d6d530,mp_decisions,press_release,"Банк России принял решение сохранить ключевую ставку на уровне 7,50% годовых",10 февраля 2023 г,"В целом, несмотря на повышенные инфляционные ожидания и некоторое улучшение потребительских настроений, население по-прежнему проявляет осторожность в потребительском поведении.",Expectations,Backward-looking,Neutral,4,1,2,2023-02-10,2023,False
manual_001234,manual,False,,5034b7d2de826d46c9d87dbd2ff1253833d6d530,mp_decisions,press_release,"Банк России принял решение сохранить ключевую ставку на уровне 7,50% годовых",10 февраля 2023 г,Это отражается в высокой склонности к сбережению и повышенной доле ликвидных активов (текущих счетов и наличных рублей) в общей структуре сбережений.,Monetary conditions,Backward-looking,Dovish,2,1,1,2023-02-10,2023,False
manual_001235,manual,False,,5034b7d2de826d46c9d87dbd2ff1253833d6d530,mp_decisions,press_release,"Банк России принял решение сохранить ключевую ставку на уровне 7,50% годовых",10 февраля 2023 г,Экономическая активность.,Other,Other,Other,11,2,5,2023-02-10,2023,True
manual_001236,manual,False,,5034b7d2de826d46c9d87dbd2ff1253833d6d530,mp_decisions,press_release,"Банк России принял решение сохранить ключевую ставку на уровне 7,50% годовых",10 февраля 2023 г,"По оценке Банка России, снижение ВВП по итогам 2022 года составило 2,5%.",Economic activity,Backward-looking,Dovish,5,1,1,2023-02-10,2023,False
manual_001237,manual,False,,5034b7d2de826d46c9d87dbd2ff1253833d6d530,mp_decisions,press_release,"Банк России принял решение сохранить ключевую ставку на уровне 7,50% годовых",10 февраля 2023 г,"Оперативные данные в конце 2022 года и начале 2023 года указывают на то, что динамика деловой и потребительской активности, равно как и внешней торговли, складывается лучше октябрьского прогноза Банка России.",Economic activity,Backward-looking,Hawkish,5,1,0,2023-02-10,2023,False
manual_001238,manual,False,,5034b7d2de826d46c9d87dbd2ff1253833d6d530,mp_decisions,press_release,"Банк России принял решение сохранить ключевую ставку на уровне 7,50% годовых",10 февраля 2023 г,В то же время на текущем этапе возможности расширения производства в российской экономике в значительной мере ограничены состоянием рынка труда.,Labor market,Backward-looking,Hawkish,6,1,0,2023-02-10,2023,False
manual_001239,manual,False,,5034b7d2de826d46c9d87dbd2ff1253833d6d530,mp_decisions,press_release,"Банк России принял решение сохранить ключевую ставку на уровне 7,50% годовых",10 февраля 2023 г,Безработица остается вблизи исторического минимума.,Labor market,Backward-looking,Hawkish,6,1,0,2023-02-10,2023,False
manual_001240,manual,False,,5034b7d2de826d46c9d87dbd2ff1253833d6d530,mp_decisions,press_release,"Банк России принял решение сохранить ключевую ставку на уровне 7,50% годовых",10 февраля 2023 г,На фоне последствий частичной мобилизации и общего роста спроса предприятий на труд во многих отраслях усиливается нехватка рабочей силы.,Labor market,Backward-looking,Hawkish,6,1,0,2023-02-10,2023,False
manual_001241,manual,False,,5034b7d2de826d46c9d87dbd2ff1253833d6d530,mp_decisions,press_release,"Банк России принял решение сохранить ключевую ставку на уровне 7,50% годовых",10 февраля 2023 г,В этих условиях рост производительности труда может отставать от роста реальных заработных плат.,Labor market,Forward-looking,Risk-highlighting,6,0,3,2023-02-10,2023,False
manual_001242,manual,False,,5034b7d2de826d46c9d87dbd2ff1253833d6d530,mp_decisions,press_release,"Банк России принял решение сохранить ключевую ставку на уровне 7,50% годовых",10 февраля 2023 г,В условиях перестройки экономики продолжается изменение структуры совокупного спроса.,Economic activity,Backward-looking,Neutral,5,1,2,2023-02-10,2023,False
manual_001243,manual,False,,5034b7d2de826d46c9d87dbd2ff1253833d6d530,mp_decisions,press_release,"Банк России принял решение сохранить ключевую ставку на уровне 7,50% годовых",10 февраля 2023 г,"Потребительский спрос оставался сдержанным в конце 2022 года, однако с начала 2023 года появляются признаки его восстановления на фоне улучшения потребительских настроений.",Economic activity,Backward-looking,Hawkish,5,1,0,2023-02-10,2023,False
manual_001244,manual,False,,5034b7d2de826d46c9d87dbd2ff1253833d6d530,mp_decisions,press_release,"Банк России принял решение сохранить ключевую ставку на уровне 7,50% годовых",10 февраля 2023 г,Замедление инвестиционного спроса в частном секторе происходит одновременно с расширением государственных инвестиций.,Fiscal policy,Backward-looking,Neutral,8,1,2,2023-02-10,2023,False
manual_001245,manual,False,,5034b7d2de826d46c9d87dbd2ff1253833d6d530,mp_decisions,press_release,"Банк России принял решение сохранить ключевую ставку на уровне 7,50% годовых",10 февраля 2023 г,При этом ускорение исполнения бюджетных расходов увеличивает вклад бюджетной политики в расширение совокупного спроса.,Fiscal policy,Backward-looking,Hawkish,8,1,0,2023-02-10,2023,False
manual_001246,manual,False,,5034b7d2de826d46c9d87dbd2ff1253833d6d530,mp_decisions,press_release,"Банк России принял решение сохранить ключевую ставку на уровне 7,50% годовых",10 февраля 2023 г,"С учетом продолжающейся структурной перестройки российской экономики в базовом сценарии Банк России прогнозирует, что темп прироста ВВП составит (-1,0)—(1,0)% в 2023 году и 0,5–2,5% в 2024 году.",Economic activity,Forward-looking,Neutral,5,0,2,2023-02-10,2023,False
manual_001247,manual,False,,5034b7d2de826d46c9d87dbd2ff1253833d6d530,mp_decisions,press_release,"Банк России принял решение сохранить ключевую ставку на уровне 7,50% годовых",10 февраля 2023 г,"В 2025 году ВВП вырастет на 1,5–2,5%.",Economic activity,Forward-looking,Neutral,5,0,2,2023-02-10,2023,False
manual_001248,manual,False,,5034b7d2de826d46c9d87dbd2ff1253833d6d530,mp_decisions,press_release,"Банк России принял решение сохранить ключевую ставку на уровне 7,50% годовых",10 февраля 2023 г,Инфляционные риски.,Other,Other,Other,11,2,5,2023-02-10,2023,True
manual_001249,manual,False,,5034b7d2de826d46c9d87dbd2ff1253833d6d530,mp_decisions,press_release,"Банк России принял решение сохранить ключевую ставку на уровне 7,50% годовых",10 февраля 2023 г,На среднесрочном горизонте баланс рисков по-прежнему смещен в сторону проинфляционных.,Inflation,Forward-looking,Risk-highlighting,0,0,3,2023-02-10,2023,False
manual_001250,manual,False,,5034b7d2de826d46c9d87dbd2ff1253833d6d530,mp_decisions,press_release,"Банк России принял решение сохранить ключевую ставку на уровне 7,50% годовых",10 февраля 2023 г,На краткосрочном горизонте проинфляционные риски вновь выросли и также преобладают над дезинфляционными.,Inflation,Forward-looking,Risk-highlighting,0,0,3,2023-02-10,2023,False
manual_001251,manual,False,,5034b7d2de826d46c9d87dbd2ff1253833d6d530,mp_decisions,press_release,"Банк России принял решение сохранить ключевую ставку на уровне 7,50% годовых",10 февраля 2023 г,"Замедление мировой экономики, а также дальнейшее усиление внешних торговых и финансовых ограничений могут ослабить внешний спрос на товары российского экспорта и иметь проинфляционное влияние через динамику валютного курса.",External conditions,Forward-looking,Risk-highlighting,7,0,3,2023-02-10,2023,False
manual_001252,manual,False,,5034b7d2de826d46c9d87dbd2ff1253833d6d530,mp_decisions,press_release,"Банк России принял решение сохранить ключевую ставку на уровне 7,50% годовых",10 февраля 2023 г,"В свою очередь, негативное влияние действующих внешних ограничений на потенциал российской экономики может оказаться сильнее, что также является значимым проинфляционным риском.",External conditions,Forward-looking,Risk-highlighting,7,0,3,2023-02-10,2023,False
manual_001253,manual,False,,5034b7d2de826d46c9d87dbd2ff1253833d6d530,mp_decisions,press_release,"Банк России принял решение сохранить ключевую ставку на уровне 7,50% годовых",10 февраля 2023 г,В базовом сценарии Банк России исходит из уже принятых решений по среднесрочной траектории расходов федерального бюджета и бюджетной системы в целом.,Fiscal policy,Forward-looking,Neutral,8,0,2,2023-02-10,2023,False
manual_001254,manual,False,,5034b7d2de826d46c9d87dbd2ff1253833d6d530,mp_decisions,press_release,"Банк России принял решение сохранить ключевую ставку на уровне 7,50% годовых",10 февраля 2023 г,В случае дополнительного расширения бюджетного дефицита проинфляционные риски возрастут и может потребоваться более жесткая денежно-кредитная политика для возвращения инфляции к цели в 2024 году и ее поддержания вблизи 4% в дальнейшем.,Fiscal policy,Forward-looking,Risk-highlighting,8,0,3,2023-02-10,2023,False
manual_001255,manual,False,,5034b7d2de826d46c9d87dbd2ff1253833d6d530,mp_decisions,press_release,"Банк России принял решение сохранить ключевую ставку на уровне 7,50% годовых",10 февраля 2023 г,Сохраняются проинфляционные риски со стороны рынка труда.,Labor market,Forward-looking,Risk-highlighting,6,0,3,2023-02-10,2023,False
manual_001256,manual,False,,5034b7d2de826d46c9d87dbd2ff1253833d6d530,mp_decisions,press_release,"Банк России принял решение сохранить ключевую ставку на уровне 7,50% годовых",10 февраля 2023 г,Нехватка рабочей силы в отдельных отраслях может привести к отставанию роста производительности труда от роста реальных заработных плат.,Labor market,Forward-looking,Risk-highlighting,6,0,3,2023-02-10,2023,False
manual_001257,manual,False,,5034b7d2de826d46c9d87dbd2ff1253833d6d530,mp_decisions,press_release,"Банк России принял решение сохранить ключевую ставку на уровне 7,50% годовых",10 февраля 2023 г,"Риском также являются высокие и незаякоренные инфляционные ожидания, особенно чувствительные к курсовым колебаниям.",Expectations,Forward-looking,Risk-highlighting,4,0,3,2023-02-10,2023,False
manual_001258,manual,False,,5034b7d2de826d46c9d87dbd2ff1253833d6d530,mp_decisions,press_release,"Банк России принял решение сохранить ключевую ставку на уровне 7,50% годовых",10 февраля 2023 г,В этих условиях продолжающийся рост наиболее ликвидных активов в структуре сбережений населения может создать предпосылки для более быстрой активизации потребительского спроса в будущем.,Monetary conditions,Forward-looking,Risk-highlighting,2,0,3,2023-02-10,2023,False
manual_001259,manual,False,,5034b7d2de826d46c9d87dbd2ff1253833d6d530,mp_decisions,press_release,"Банк России принял решение сохранить ключевую ставку на уровне 7,50% годовых",10 февраля 2023 г,"Дезинфляционным риском для базового сценария является сохранение высокой склонности населения к сбережению в условиях общей неопределенности, а также длительности привыкания населения к новой структуре предложения на потребительских рынках.",Inflation,Forward-looking,Risk-highlighting,0,0,3,2023-02-10,2023,False
manual_001260,manual,False,,5034b7d2de826d46c9d87dbd2ff1253833d6d530,mp_decisions,press_release,"Банк России принял решение сохранить ключевую ставку на уровне 7,50% годовых",10 февраля 2023 г,"Рост премии за риск в доходностях облигаций и кредитных ставках может дополнительно ужесточить денежно-кредитные условия, сдерживая кредитную активность в экономике.",Monetary conditions,Forward-looking,Risk-highlighting,2,0,3,2023-02-10,2023,False
manual_001261,manual,False,,5034b7d2de826d46c9d87dbd2ff1253833d6d530,mp_decisions,press_release,"Банк России принял решение сохранить ключевую ставку на уровне 7,50% годовых",10 февраля 2023 г,"Дезинфляционное влияние может оказать и более быстрая адаптация экономики, сопровождающаяся в том числе активным восстановлением импорта.",Economic activity,Forward-looking,Dovish,5,0,1,2023-02-10,2023,False
manual_001262,manual,False,,5034b7d2de826d46c9d87dbd2ff1253833d6d530,mp_decisions,press_release,"Банк России принял решение сохранить ключевую ставку на уровне 7,50% годовых",10 февраля 2023 г,"Банк России будет принимать дальнейшие решения по ключевой ставке с учетом фактической и ожидаемой динамики инфляции относительно цели, процесса структурной перестройки экономики, а также оценивая риски со стороны внутренних и внешних условий и реакции на них финансовых рынков.",Interest rate,Forward-looking,Neutral,1,0,2,2023-02-10,2023,False
manual_001263,manual,False,,5034b7d2de826d46c9d87dbd2ff1253833d6d530,mp_decisions,press_release,"Банк России принял решение сохранить ключевую ставку на уровне 7,50% годовых",10 февраля 2023 г,При усилении проинфляционных рисков Банк России будет оценивать целесообразность повышения ключевой ставки на ближайших заседаниях.,Interest rate,Forward-looking,Hawkish,1,0,0,2023-02-10,2023,False
manual_001264,manual,False,,5034b7d2de826d46c9d87dbd2ff1253833d6d530,mp_decisions,press_release,"Банк России принял решение сохранить ключевую ставку на уровне 7,50% годовых",10 февраля 2023 г,По итогам заседания Совета директоров по ключевой ставке 10 февраля 2023 года Банк России опубликовал среднесрочный прогноз.,Other,Other,Other,11,2,5,2023-02-10,2023,False
manual_001265,manual,False,,5034b7d2de826d46c9d87dbd2ff1253833d6d530,mp_decisions,press_release,"Банк России принял решение сохранить ключевую ставку на уровне 7,50% годовых",10 февраля 2023 г,"Следующее заседание Совета директоров Банка России, на котором будет рассматриваться вопрос об уровне ключевой ставки, запланировано на 17 марта 2023 года.",Other,Other,Other,11,2,5,2023-02-10,2023,False
manual_001266,manual,False,,5034b7d2de826d46c9d87dbd2ff1253833d6d530,mp_decisions,press_release,"Банк России принял решение сохранить ключевую ставку на уровне 7,50% годовых",10 февраля 2023 г,Время публикации пресс-релиза о решении Совета директоров Банка России — 13:30 по московскому времени.,Other,Other,Other,11,2,5,2023-02-10,2023,True
manual_001267,manual,False,,5034b7d2de826d46c9d87dbd2ff1253833d6d530,mp_decisions,press_release,"Банк России принял решение сохранить ключевую ставку на уровне 7,50% годовых",10 февраля 2023 г,Заявление Председателя Банка России Эльвиры Набиуллиной по итогам заседания Совета директоров Банка России 10 февраля 2023 года.,Other,Other,Other,11,2,5,2023-02-10,2023,True
manual_001268,manual,False,,5034b7d2de826d46c9d87dbd2ff1253833d6d530,mp_decisions,press_release,"Банк России принял решение сохранить ключевую ставку на уровне 7,50% годовых",10 февраля 2023 г,При использовании материала ссылка на Пресс-службу Банка России обязательна.,Other,Other,Other,11,2,5,2023-02-10,2023,True
manual_001269,manual,False,,5034b7d2de826d46c9d87dbd2ff1253833d6d530,mp_decisions,press_release,"Банк России принял решение сохранить ключевую ставку на уровне 7,50% годовых",10 февраля 2023 г,10.02.2023 13:30:00,Other,Other,Other,11,2,5,2023-02-10,2023,True
manual_001270,manual,False,,be59572204f539489c14394ef400ffb2621be467,mp_decisions,press_release,"Банк России принял решение сохранить ключевую ставку на уровне 16,00% годовых",16 февраля 2024 г,"Совет директоров Банка России 16 февраля 2024 года принял решение сохранить ключевую ставку на уровне 16,00% годовых.",Interest rate,Backward-looking,Neutral,1,1,2,2024-02-16,2024,False
manual_001271,manual,False,,be59572204f539489c14394ef400ffb2621be467,mp_decisions,press_release,"Банк России принял решение сохранить ключевую ставку на уровне 16,00% годовых",16 февраля 2024 г,"Текущее инфляционное давление снизилось по сравнению с осенними месяцами, но остается высоким.",Inflation,Backward-looking,Hawkish,0,1,0,2024-02-16,2024,False
manual_001272,manual,False,,be59572204f539489c14394ef400ffb2621be467,mp_decisions,press_release,"Банк России принял решение сохранить ключевую ставку на уровне 16,00% годовых",16 февраля 2024 г,Внутренний спрос продолжает значительно опережать возможности расширения производства товаров и услуг.,Economic activity,Backward-looking,Hawkish,5,1,0,2024-02-16,2024,False
manual_001273,manual,False,,be59572204f539489c14394ef400ffb2621be467,mp_decisions,press_release,"Банк России принял решение сохранить ключевую ставку на уровне 16,00% годовых",16 февраля 2024 г,Судить об устойчивости складывающихся дезинфляционных тенденций преждевременно.,Inflation,Backward-looking,Risk-highlighting,0,1,3,2024-02-16,2024,False
manual_001274,manual,False,,be59572204f539489c14394ef400ffb2621be467,mp_decisions,press_release,"Банк России принял решение сохранить ключевую ставку на уровне 16,00% годовых",16 февраля 2024 г,Проводимая Банком России денежно-кредитная политика закрепит процесс дезинфляции в экономике.,Interest rate,Forward-looking,Dovish,1,0,1,2024-02-16,2024,False
manual_001275,manual,False,,be59572204f539489c14394ef400ffb2621be467,mp_decisions,press_release,"Банк России принял решение сохранить ключевую ставку на уровне 16,00% годовых",16 февраля 2024 г,Возвращение инфляции к цели в 2024 году и ее дальнейшая стабилизация вблизи 4% предполагают продолжительный период поддержания жестких денежно-кредитных условий в экономике.,Inflation,Forward-looking,Hawkish,0,0,0,2024-02-16,2024,False
manual_001276,manual,False,,be59572204f539489c14394ef400ffb2621be467,mp_decisions,press_release,"Банк России принял решение сохранить ключевую ставку на уровне 16,00% годовых",16 февраля 2024 г,"Согласно прогнозу Банка России, c учетом проводимой денежно-кредитной политики годовая инфляция снизится до 4,0–4,5% в 2024 году и будет находиться вблизи 4% в дальнейшем.",Inflation,Forward-looking,Dovish,0,0,1,2024-02-16,2024,False
manual_001277,manual,False,,be59572204f539489c14394ef400ffb2621be467,mp_decisions,press_release,"Банк России принял решение сохранить ключевую ставку на уровне 16,00% годовых",16 февраля 2024 г,"В среднем за декабрь — январь текущий рост цен с поправкой на сезонность снизился до 6,6% в пересчете на год (по сравнению с 11,5% в осенние месяцы).",Inflation,Backward-looking,Dovish,0,1,1,2024-02-16,2024,False
manual_001278,manual,False,,be59572204f539489c14394ef400ffb2621be467,mp_decisions,press_release,"Банк России принял решение сохранить ключевую ставку на уровне 16,00% годовых",16 февраля 2024 г,"Аналогичный показатель базовой инфляции уменьшился до 7,0% в пересчете на год (по сравнению с 10,2% в осенние месяцы).",Inflation,Backward-looking,Dovish,0,1,1,2024-02-16,2024,False
manual_001279,manual,False,,be59572204f539489c14394ef400ffb2621be467,mp_decisions,press_release,"Банк России принял решение сохранить ключевую ставку на уровне 16,00% годовых",16 февраля 2024 г,Это во многом отражает постепенно нарастающие эффекты от ужесточения денежно-кредитной политики.,Interest rate,Backward-looking,Dovish,1,1,1,2024-02-16,2024,False
manual_001280,manual,False,,be59572204f539489c14394ef400ffb2621be467,mp_decisions,press_release,"Банк России принял решение сохранить ключевую ставку на уровне 16,00% годовых",16 февраля 2024 г,"Показатель годовой инфляции пока сохраняется вблизи уровней декабря 2023 года за счет эффекта базы и, по оценке на 12 февраля, составил 7,4%.",Inflation,Backward-looking,Hawkish,0,1,0,2024-02-16,2024,False
manual_001281,manual,False,,be59572204f539489c14394ef400ffb2621be467,mp_decisions,press_release,"Банк России принял решение сохранить ключевую ставку на уровне 16,00% годовых",16 февраля 2024 г,"Инфляционные ожидания населения уменьшились с начала текущего года, приблизившись к уровням III квартала 2023 года.",Expectations,Backward-looking,Dovish,4,1,1,2024-02-16,2024,False
manual_001282,manual,False,,be59572204f539489c14394ef400ffb2621be467,mp_decisions,press_release,"Банк России принял решение сохранить ключевую ставку на уровне 16,00% годовых",16 февраля 2024 г,Снизились и ценовые ожидания предприятий.,Expectations,Backward-looking,Dovish,4,1,1,2024-02-16,2024,False
manual_001283,manual,False,,be59572204f539489c14394ef400ffb2621be467,mp_decisions,press_release,"Банк России принял решение сохранить ключевую ставку на уровне 16,00% годовых",16 февраля 2024 г,Однако инфляционные ожидания по-прежнему остаются на повышенных уровнях.,Expectations,Backward-looking,Hawkish,4,1,0,2024-02-16,2024,False
manual_001284,manual,False,,be59572204f539489c14394ef400ffb2621be467,mp_decisions,press_release,"Банк России принял решение сохранить ключевую ставку на уровне 16,00% годовых",16 февраля 2024 г,Это определяет инерцию текущего повышенного роста цен.,Inflation,Backward-looking,Hawkish,0,1,0,2024-02-16,2024,False
manual_001285,manual,False,,be59572204f539489c14394ef400ffb2621be467,mp_decisions,press_release,"Банк России принял решение сохранить ключевую ставку на уровне 16,00% годовых",16 февраля 2024 г,"Рост российской экономики на 3,6% в 2023 году был выше, чем Банк России прогнозировал ранее.",Economic activity,Backward-looking,Hawkish,5,1,0,2024-02-16,2024,False
manual_001286,manual,False,,be59572204f539489c14394ef400ffb2621be467,mp_decisions,press_release,"Банк России принял решение сохранить ключевую ставку на уровне 16,00% годовых",16 февраля 2024 г,"С учетом повышенного инфляционного давления это свидетельствует о том, что внутренний спрос продолжает значительно опережать возможности расширения производства товаров и услуг.",Inflation,Backward-looking,Hawkish,0,1,0,2024-02-16,2024,False
manual_001287,manual,False,,be59572204f539489c14394ef400ffb2621be467,mp_decisions,press_release,"Банк России принял решение сохранить ключевую ставку на уровне 16,00% годовых",16 февраля 2024 г,"В то же время растущая склонность населения к сбережению, замедление роста потребительской активности, охлаждение спроса на импорт начинают создавать условия для возвращения экономики к сбалансированному росту.",Economic activity,Backward-looking,Dovish,5,1,1,2024-02-16,2024,False
manual_001288,manual,False,,be59572204f539489c14394ef400ffb2621be467,mp_decisions,press_release,"Банк России принял решение сохранить ключевую ставку на уровне 16,00% годовых",16 февраля 2024 г,Этот процесс займет продолжительное время.,Other,Other,Other,11,2,5,2024-02-16,2024,False
manual_001289,manual,False,,be59572204f539489c14394ef400ffb2621be467,mp_decisions,press_release,"Банк России принял решение сохранить ключевую ставку на уровне 16,00% годовых",16 февраля 2024 г,Дефицит трудовых ресурсов остается главным ограничением для расширения выпуска товаров и услуг.,Labor market,Backward-looking,Hawkish,6,1,0,2024-02-16,2024,False
manual_001290,manual,False,,be59572204f539489c14394ef400ffb2621be467,mp_decisions,press_release,"Банк России принял решение сохранить ключевую ставку на уровне 16,00% годовых",16 февраля 2024 г,"Оперативные индикаторы, включая опросы предприятий, свидетельствуют о том, что жесткость рынка труда остается высокой, хотя и перестала расти в ряде отраслей.",Labor market,Backward-looking,Hawkish,6,1,0,2024-02-16,2024,False
manual_001291,manual,False,,be59572204f539489c14394ef400ffb2621be467,mp_decisions,press_release,"Банк России принял решение сохранить ключевую ставку на уровне 16,00% годовых",16 февраля 2024 г,Денежно-кредитные условия ужесточаются вслед за повышением ключевой ставки во второй половине 2023 года.,Interest rate,Backward-looking,Hawkish,1,1,0,2024-02-16,2024,False
manual_001292,manual,False,,be59572204f539489c14394ef400ffb2621be467,mp_decisions,press_release,"Банк России принял решение сохранить ключевую ставку на уровне 16,00% годовых",16 февраля 2024 г,Продолжается рост номинальных и реальных процентных ставок в различных сегментах финансового рынка.,Monetary conditions,Backward-looking,Neutral,2,1,2,2024-02-16,2024,False
manual_001293,manual,False,,be59572204f539489c14394ef400ffb2621be467,mp_decisions,press_release,"Банк России принял решение сохранить ключевую ставку на уровне 16,00% годовых",16 февраля 2024 г,Сохраняется стабильный приток средств населения на срочные депозиты.,Monetary conditions,Backward-looking,Neutral,2,1,2,2024-02-16,2024,False
manual_001294,manual,False,,be59572204f539489c14394ef400ffb2621be467,mp_decisions,press_release,"Банк России принял решение сохранить ключевую ставку на уровне 16,00% годовых",16 февраля 2024 г,Существенно снизилась активность на рынке необеспеченного потребительского кредитования и в рыночном сегменте ипотечного кредитования.,Credit,Backward-looking,Dovish,3,1,1,2024-02-16,2024,False
manual_001295,manual,False,,be59572204f539489c14394ef400ffb2621be467,mp_decisions,press_release,"Банк России принял решение сохранить ключевую ставку на уровне 16,00% годовых",16 февраля 2024 г,Первые признаки замедления демонстрирует корпоративное кредитование.,Credit,Backward-looking,Dovish,3,1,1,2024-02-16,2024,False
manual_001296,manual,False,,be59572204f539489c14394ef400ffb2621be467,mp_decisions,press_release,"Банк России принял решение сохранить ключевую ставку на уровне 16,00% годовых",16 февраля 2024 г,Ужесточение ряда макропруденциальных мер и отмена большинства регуляторных послаблений для банков также вносят вклад в ужесточение условий банковского кредитования.,Financial sector & Macroprudential policy,Backward-looking,Dovish,10,1,1,2024-02-16,2024,False
manual_001297,manual,False,,be59572204f539489c14394ef400ffb2621be467,mp_decisions,press_release,"Банк России принял решение сохранить ключевую ставку на уровне 16,00% годовых",16 февраля 2024 г,Это окажет дополнительное сдерживающее влияние на динамику кредитования в 2024 году.,Credit,Forward-looking,Dovish,3,0,1,2024-02-16,2024,False
manual_001298,manual,False,,be59572204f539489c14394ef400ffb2621be467,mp_decisions,press_release,"Банк России принял решение сохранить ключевую ставку на уровне 16,00% годовых",16 февраля 2024 г,В то же время высокими остаются выдачи ипотечных кредитов в рамках государственных льготных программ.,Fiscal policy,Backward-looking,Hawkish,8,1,0,2024-02-16,2024,False
manual_001299,manual,False,,be59572204f539489c14394ef400ffb2621be467,mp_decisions,press_release,"Банк России принял решение сохранить ключевую ставку на уровне 16,00% годовых",16 февраля 2024 г,На среднесрочном горизонте баланс рисков для инфляции остается смещенным в сторону проинфляционных.,Inflation,Forward-looking,Risk-highlighting,0,0,3,2024-02-16,2024,False
manual_001300,manual,False,,be59572204f539489c14394ef400ffb2621be467,mp_decisions,press_release,"Банк России принял решение сохранить ключевую ставку на уровне 16,00% годовых",16 февраля 2024 г,"Основные проинфляционные риски связаны с изменением условий внешней торговли (в том числе под влиянием геополитической напряженности), с сохранением высоких инфляционных ожиданий, с усилением отклонения российской экономики вверх от траектории сбалансированного роста, а также с траекторией нормализации бюджетной политики.",External conditions,Forward-looking,Risk-highlighting,7,0,3,2024-02-16,2024,False
manual_001301,manual,False,,be59572204f539489c14394ef400ffb2621be467,mp_decisions,press_release,"Банк России принял решение сохранить ключевую ставку на уровне 16,00% годовых",16 февраля 2024 г,"Дезинфляционные риски в первую очередь связаны с более быстрым замедлением роста внутреннего спроса, чем ожидается в базовом сценарии.",Economic activity,Forward-looking,Risk-highlighting,5,0,3,2024-02-16,2024,False
manual_001302,manual,False,,be59572204f539489c14394ef400ffb2621be467,mp_decisions,press_release,"Банк России принял решение сохранить ключевую ставку на уровне 16,00% годовых",16 февраля 2024 г,По итогам заседания Совета директоров по ключевой ставке 16 февраля 2024 года Банк России опубликовал среднесрочный прогноз.,Other,Other,Other,11,2,5,2024-02-16,2024,False
manual_001303,manual,False,,be59572204f539489c14394ef400ffb2621be467,mp_decisions,press_release,"Банк России принял решение сохранить ключевую ставку на уровне 16,00% годовых",16 февраля 2024 г,27 февраля 2024 года Банк России опубликует Резюме обсуждения ключевой ставки и Комментарий к среднесрочному прогнозу.,Other,Other,Other,11,2,5,2024-02-16,2024,False
manual_001304,manual,False,,be59572204f539489c14394ef400ffb2621be467,mp_decisions,press_release,"Банк России принял решение сохранить ключевую ставку на уровне 16,00% годовых",16 февраля 2024 г,"Следующее заседание Совета директоров Банка России, на котором будет рассматриваться вопрос об уровне ключевой ставки, запланировано на 22 марта 2024 года.",Other,Other,Other,11,2,5,2024-02-16,2024,False
manual_001305,manual,False,,be59572204f539489c14394ef400ffb2621be467,mp_decisions,press_release,"Банк России принял решение сохранить ключевую ставку на уровне 16,00% годовых",16 февраля 2024 г,Время публикации пресс-релиза о решении Совета директоров Банка России — 13:30 по московскому времени.,Other,Other,Other,11,2,5,2024-02-16,2024,True
manual_001306,manual,False,,be59572204f539489c14394ef400ffb2621be467,mp_decisions,press_release,"Банк России принял решение сохранить ключевую ставку на уровне 16,00% годовых",16 февраля 2024 г,Заявление Председателя Банка России Эльвиры Набиуллиной по итогам заседания Совета директоров Банка России 16 февраля 2024 года.,Other,Other,Other,11,2,5,2024-02-16,2024,True
manual_001307,manual,False,,be59572204f539489c14394ef400ffb2621be467,mp_decisions,press_release,"Банк России принял решение сохранить ключевую ставку на уровне 16,00% годовых",16 февраля 2024 г,При использовании материала ссылка на Пресс-службу Банка России обязательна.,Other,Other,Other,11,2,5,2024-02-16,2024,True
manual_001308,manual,False,,be59572204f539489c14394ef400ffb2621be467,mp_decisions,press_release,"Банк России принял решение сохранить ключевую ставку на уровне 16,00% годовых",16 февраля 2024 г,16.02.2024 13:30:00,Other,Other,Other,11,2,5,2024-02-16,2024,True
manual_001309,manual,False,,06c01cf9d98f92b29b7c3ca26e221fe19fe65fa3,mp_decisions,press_release,"Банк России принял решение сохранить ключевую ставку на уровне 21,00% годовых",14 февраля 2025 г,"Совет директоров Банка России 14 февраля 2025 года принял решение сохранить ключевую ставку на уровне 21,00% годовых.",Interest rate,Backward-looking,Neutral,1,1,2,2025-02-14,2025,False
manual_001310,manual,False,,06c01cf9d98f92b29b7c3ca26e221fe19fe65fa3,mp_decisions,press_release,"Банк России принял решение сохранить ключевую ставку на уровне 21,00% годовых",14 февраля 2025 г,Текущее инфляционное давление остается высоким.,Inflation,Backward-looking,Hawkish,0,1,0,2025-02-14,2025,False
manual_001311,manual,False,,06c01cf9d98f92b29b7c3ca26e221fe19fe65fa3,mp_decisions,press_release,"Банк России принял решение сохранить ключевую ставку на уровне 21,00% годовых",14 февраля 2025 г,Рост внутреннего спроса по-прежнему значительно опережает возможности расширения предложения товаров и услуг.,Economic activity,Backward-looking,Hawkish,5,1,0,2025-02-14,2025,False
manual_001312,manual,False,,06c01cf9d98f92b29b7c3ca26e221fe19fe65fa3,mp_decisions,press_release,"Банк России принял решение сохранить ключевую ставку на уровне 21,00% годовых",14 февраля 2025 г,"Вместе с тем более выраженным стало охлаждение кредитной активности, растет склонность населения к сбережению.",Credit,Backward-looking,Dovish,3,1,1,2025-02-14,2025,False
manual_001313,manual,False,,06c01cf9d98f92b29b7c3ca26e221fe19fe65fa3,mp_decisions,press_release,"Банк России принял решение сохранить ключевую ставку на уровне 21,00% годовых",14 февраля 2025 г,"По оценке Банка России, достигнутая жесткость денежно-кредитных условий формирует необходимые предпосылки для возобновления процесса дезинфляции и возвращения инфляции к цели в 2026 году.",Monetary conditions,Forward-looking,Dovish,2,0,1,2025-02-14,2025,False
manual_001314,manual,False,,06c01cf9d98f92b29b7c3ca26e221fe19fe65fa3,mp_decisions,press_release,"Банк России принял решение сохранить ключевую ставку на уровне 21,00% годовых",14 февраля 2025 г,Банк России будет оценивать целесообразность повышения ключевой ставки на ближайшем заседании с учетом скорости и устойчивости снижения инфляции.,Interest rate,Forward-looking,Hawkish,1,0,0,2025-02-14,2025,False
manual_001315,manual,False,,06c01cf9d98f92b29b7c3ca26e221fe19fe65fa3,mp_decisions,press_release,"Банк России принял решение сохранить ключевую ставку на уровне 21,00% годовых",14 февраля 2025 г,"В базовом сценарии для возвращения инфляции к цели потребуется более продолжительный период поддержания жестких денежно-кредитных условий в экономике, чем прогнозировалось в октябре.",Inflation,Forward-looking,Hawkish,0,0,0,2025-02-14,2025,False
manual_001316,manual,False,,06c01cf9d98f92b29b7c3ca26e221fe19fe65fa3,mp_decisions,press_release,"Банк России принял решение сохранить ключевую ставку на уровне 21,00% годовых",14 февраля 2025 г,"По прогнозу Банка России, с учетом проводимой денежно-кредитной политики годовая инфляция снизится до 7,0–8,0% в 2025 году, вернется к 4,0% в 2026 году и будет находиться на цели в дальнейшем.",Inflation,Forward-looking,Dovish,0,0,1,2025-02-14,2025,False
manual_001317,manual,False,,06c01cf9d98f92b29b7c3ca26e221fe19fe65fa3,mp_decisions,press_release,"Банк России принял решение сохранить ключевую ставку на уровне 21,00% годовых",14 февраля 2025 г,"В IV квартале 2024 года текущий рост цен с поправкой на сезонность составил в среднем 12,1% в пересчете на год после 11,3% в предыдущем квартале.",Inflation,Backward-looking,Hawkish,0,1,0,2025-02-14,2025,False
manual_001318,manual,False,,06c01cf9d98f92b29b7c3ca26e221fe19fe65fa3,mp_decisions,press_release,"Банк России принял решение сохранить ключевую ставку на уровне 21,00% годовых",14 февраля 2025 г,"Аналогичный показатель базовой инфляции также увеличился в среднем до 12,1% после 7,6% в предыдущем квартале.",Inflation,Backward-looking,Hawkish,0,1,0,2025-02-14,2025,False
manual_001319,manual,False,,06c01cf9d98f92b29b7c3ca26e221fe19fe65fa3,mp_decisions,press_release,"Банк России принял решение сохранить ключевую ставку на уровне 21,00% годовых",14 февраля 2025 г,"Устойчивое инфляционное давление усилилось, отражая высокий внутренний спрос второй половины 2024 года.",Inflation,Backward-looking,Hawkish,0,1,0,2025-02-14,2025,False
manual_001320,manual,False,,06c01cf9d98f92b29b7c3ca26e221fe19fe65fa3,mp_decisions,press_release,"Банк России принял решение сохранить ключевую ставку на уровне 21,00% годовых",14 февраля 2025 г,Вклад в динамику цен вносит и произошедшее осенью ослабление рубля.,Exchange rate,Backward-looking,Hawkish,9,1,0,2025-02-14,2025,False
manual_001321,manual,False,,06c01cf9d98f92b29b7c3ca26e221fe19fe65fa3,mp_decisions,press_release,"Банк России принял решение сохранить ключевую ставку на уровне 21,00% годовых",14 февраля 2025 г,"Недельные данные в январе и начале февраля указывают на то, что текущие темпы роста цен немного снизились по сравнению с декабрем, но остаются высокими.",Inflation,Backward-looking,Hawkish,0,1,0,2025-02-14,2025,False
manual_001322,manual,False,,06c01cf9d98f92b29b7c3ca26e221fe19fe65fa3,mp_decisions,press_release,"Банк России принял решение сохранить ключевую ставку на уровне 21,00% годовых",14 февраля 2025 г,"Годовая инфляция, по оценке на 10 февраля, составила 10,0%.",Inflation,Backward-looking,Hawkish,0,1,0,2025-02-14,2025,False
manual_001323,manual,False,,06c01cf9d98f92b29b7c3ca26e221fe19fe65fa3,mp_decisions,press_release,"Банк России принял решение сохранить ключевую ставку на уровне 21,00% годовых",14 февраля 2025 г,Инфляционные ожидания населения сохраняются вблизи высоких уровней конца 2024 года.,Expectations,Backward-looking,Hawkish,4,1,0,2025-02-14,2025,False
manual_001324,manual,False,,06c01cf9d98f92b29b7c3ca26e221fe19fe65fa3,mp_decisions,press_release,"Банк России принял решение сохранить ключевую ставку на уровне 21,00% годовых",14 февраля 2025 г,Ожидания профессиональных аналитиков на 2025 год выросли и остаются выше 4% в 2026 году.,Expectations,Forward-looking,Hawkish,4,0,0,2025-02-14,2025,False
manual_001325,manual,False,,06c01cf9d98f92b29b7c3ca26e221fe19fe65fa3,mp_decisions,press_release,"Банк России принял решение сохранить ключевую ставку на уровне 21,00% годовых",14 февраля 2025 г,"В то же время ценовые ожидания предприятий снизились впервые с I квартала 2024 года, хотя и сохраняются на повышенном уровне.",Expectations,Backward-looking,Hawkish,4,1,0,2025-02-14,2025,False
manual_001326,manual,False,,06c01cf9d98f92b29b7c3ca26e221fe19fe65fa3,mp_decisions,press_release,"Банк России принял решение сохранить ключевую ставку на уровне 21,00% годовых",14 февраля 2025 г,Высокие инфляционные ожидания усиливают инерцию устойчивой инфляции.,Expectations,Backward-looking,Hawkish,4,1,0,2025-02-14,2025,False
manual_001327,manual,False,,06c01cf9d98f92b29b7c3ca26e221fe19fe65fa3,mp_decisions,press_release,"Банк России принял решение сохранить ключевую ставку на уровне 21,00% годовых",14 февраля 2025 г,"В базовом сценарии Банк России ожидает, что в ближайшие месяцы инфляционное давление начнет постепенно снижаться под влиянием охлаждения кредитования и высокой сберегательной активности.",Inflation,Forward-looking,Dovish,0,0,1,2025-02-14,2025,False
manual_001328,manual,False,,06c01cf9d98f92b29b7c3ca26e221fe19fe65fa3,mp_decisions,press_release,"Банк России принял решение сохранить ключевую ставку на уровне 21,00% годовых",14 февраля 2025 г,"По итогам 2024 года рост российской экономики составил 4,1%, что несколько выше, чем Банк России прогнозировал в октябре.",Economic activity,Backward-looking,Hawkish,5,1,0,2025-02-14,2025,False
manual_001329,manual,False,,06c01cf9d98f92b29b7c3ca26e221fe19fe65fa3,mp_decisions,press_release,"Банк России принял решение сохранить ключевую ставку на уровне 21,00% годовых",14 февраля 2025 г,"Это во многом связано с более сильным, чем ожидалось, ростом внутреннего спроса.",Economic activity,Backward-looking,Hawkish,5,1,0,2025-02-14,2025,False
manual_001330,manual,False,,06c01cf9d98f92b29b7c3ca26e221fe19fe65fa3,mp_decisions,press_release,"Банк России принял решение сохранить ключевую ставку на уровне 21,00% годовых",14 февраля 2025 г,"Высокое текущее инфляционное давление свидетельствует о том, что сохраняется значительное отклонение российской экономики вверх от траектории сбалансированного роста.",Inflation,Backward-looking,Hawkish,0,1,0,2025-02-14,2025,False
manual_001331,manual,False,,06c01cf9d98f92b29b7c3ca26e221fe19fe65fa3,mp_decisions,press_release,"Банк России принял решение сохранить ключевую ставку на уровне 21,00% годовых",14 февраля 2025 г,Рынок труда остается жестким.,Labor market,Backward-looking,Hawkish,6,1,0,2025-02-14,2025,False
manual_001332,manual,False,,06c01cf9d98f92b29b7c3ca26e221fe19fe65fa3,mp_decisions,press_release,"Банк России принял решение сохранить ключевую ставку на уровне 21,00% годовых",14 февраля 2025 г,Безработица по-прежнему находится на исторических минимумах.,Labor market,Backward-looking,Hawkish,6,1,0,2025-02-14,2025,False
manual_001333,manual,False,,06c01cf9d98f92b29b7c3ca26e221fe19fe65fa3,mp_decisions,press_release,"Банк России принял решение сохранить ключевую ставку на уровне 21,00% годовых",14 февраля 2025 г,Рост заработных плат продолжает опережать рост производительности труда.,Labor market,Backward-looking,Hawkish,6,1,0,2025-02-14,2025,False
manual_001334,manual,False,,06c01cf9d98f92b29b7c3ca26e221fe19fe65fa3,mp_decisions,press_release,"Банк России принял решение сохранить ключевую ставку на уровне 21,00% годовых",14 февраля 2025 г,"В то же время, по данным опросов, планы компаний по найму работников и увеличению заработных плат стали более сдержанными.",Labor market,Backward-looking,Dovish,6,1,1,2025-02-14,2025,False
manual_001335,manual,False,,06c01cf9d98f92b29b7c3ca26e221fe19fe65fa3,mp_decisions,press_release,"Банк России принял решение сохранить ключевую ставку на уровне 21,00% годовых",14 февраля 2025 г,"Снижается доля предприятий, испытывающих дефицит кадров.",Labor market,Backward-looking,Dovish,6,1,1,2025-02-14,2025,False
manual_001336,manual,False,,06c01cf9d98f92b29b7c3ca26e221fe19fe65fa3,mp_decisions,press_release,"Банк России принял решение сохранить ключевую ставку на уровне 21,00% годовых",14 февраля 2025 г,"Кроме того, наблюдается уменьшение спроса на рабочую силу в отдельных отраслях и ее переток в другие секторы.",Labor market,Backward-looking,Dovish,6,1,1,2025-02-14,2025,False
manual_001337,manual,False,,06c01cf9d98f92b29b7c3ca26e221fe19fe65fa3,mp_decisions,press_release,"Банк России принял решение сохранить ключевую ставку на уровне 21,00% годовых",14 февраля 2025 г,Это создает предпосылки для постепенного возвращения экономики к сбалансированному росту.,Economic activity,Forward-looking,Dovish,5,0,1,2025-02-14,2025,False
manual_001338,manual,False,,06c01cf9d98f92b29b7c3ca26e221fe19fe65fa3,mp_decisions,press_release,"Банк России принял решение сохранить ключевую ставку на уровне 21,00% годовых",14 февраля 2025 г,Денежно-кредитные условия остаются жесткими под влиянием проводимой денежно-кредитной политики и автономных факторов.,Monetary conditions,Backward-looking,Hawkish,2,1,0,2025-02-14,2025,False
manual_001339,manual,False,,06c01cf9d98f92b29b7c3ca26e221fe19fe65fa3,mp_decisions,press_release,"Банк России принял решение сохранить ключевую ставку на уровне 21,00% годовых",14 февраля 2025 г,"Рыночные процентные ставки несколько снизились после декабрьского заседания, в основном из-за корректировки вниз ожиданий участников рынка по траектории ключевой ставки.",Monetary conditions,Backward-looking,Neutral,2,1,2,2025-02-14,2025,False
manual_001340,manual,False,,06c01cf9d98f92b29b7c3ca26e221fe19fe65fa3,mp_decisions,press_release,"Банк России принял решение сохранить ключевую ставку на уровне 21,00% годовых",14 февраля 2025 г,При этом ужесточились неценовые условия банковского кредитования.,Financial sector & Macroprudential policy,Backward-looking,Dovish,10,1,1,2025-02-14,2025,False
manual_001341,manual,False,,06c01cf9d98f92b29b7c3ca26e221fe19fe65fa3,mp_decisions,press_release,"Банк России принял решение сохранить ключевую ставку на уровне 21,00% годовых",14 февраля 2025 г,В последние месяцы значительно выросла норма сбережения домашних хозяйств.,Monetary conditions,Backward-looking,Dovish,2,1,1,2025-02-14,2025,False
manual_001342,manual,False,,06c01cf9d98f92b29b7c3ca26e221fe19fe65fa3,mp_decisions,press_release,"Банк России принял решение сохранить ключевую ставку на уровне 21,00% годовых",14 февраля 2025 г,Охлаждение кредитной активности усилилось и охватывает все сегменты кредитного рынка.,Credit,Backward-looking,Dovish,3,1,1,2025-02-14,2025,False
manual_001343,manual,False,,06c01cf9d98f92b29b7c3ca26e221fe19fe65fa3,mp_decisions,press_release,"Банк России принял решение сохранить ключевую ставку на уровне 21,00% годовых",14 февраля 2025 г,В декабре — январе розничное кредитование сокращалось.,Credit,Backward-looking,Dovish,3,1,1,2025-02-14,2025,False
manual_001344,manual,False,,06c01cf9d98f92b29b7c3ca26e221fe19fe65fa3,mp_decisions,press_release,"Банк России принял решение сохранить ключевую ставку на уровне 21,00% годовых",14 февраля 2025 г,Это происходило за счет замедления темпов роста ипотеки и снижения портфеля потребительских кредитов.,Credit,Backward-looking,Dovish,3,1,1,2025-02-14,2025,False
manual_001345,manual,False,,06c01cf9d98f92b29b7c3ca26e221fe19fe65fa3,mp_decisions,press_release,"Банк России принял решение сохранить ключевую ставку на уровне 21,00% годовых",14 февраля 2025 г,Портфель корпоративных кредитов также уменьшился.,Credit,Backward-looking,Dovish,3,1,1,2025-02-14,2025,False
manual_001346,manual,False,,06c01cf9d98f92b29b7c3ca26e221fe19fe65fa3,mp_decisions,press_release,"Банк России принял решение сохранить ключевую ставку на уровне 21,00% годовых",14 февраля 2025 г,По итогам заседания Совета директоров по ключевой ставке 14 февраля 2025 года Банк России обновил среднесрочный прогноз.,Other,Other,Other,11,2,5,2025-02-14,2025,False
manual_001347,manual,False,,06c01cf9d98f92b29b7c3ca26e221fe19fe65fa3,mp_decisions,press_release,"Банк России принял решение сохранить ключевую ставку на уровне 21,00% годовых",14 февраля 2025 г,"С учетом проводимой денежно-кредитной политики и влияния автономных факторов (ужесточения макропруденциальной политики, плановой нормализации банковского регулирования, повышения требований банков к заемщикам) Банк России понизил прогноз по росту кредита экономике на 2025–2026 годы.",Financial sector & Macroprudential policy,Forward-looking,Dovish,10,0,1,2025-02-14,2025,False
manual_001348,manual,False,,06c01cf9d98f92b29b7c3ca26e221fe19fe65fa3,mp_decisions,press_release,"Банк России принял решение сохранить ключевую ставку на уровне 21,00% годовых",14 февраля 2025 г,На среднесрочном горизонте баланс рисков для инфляции по-прежнему смещен в сторону проинфляционных.,Inflation,Forward-looking,Risk-highlighting,0,0,3,2025-02-14,2025,False
manual_001349,manual,False,,06c01cf9d98f92b29b7c3ca26e221fe19fe65fa3,mp_decisions,press_release,"Банк России принял решение сохранить ключевую ставку на уровне 21,00% годовых",14 февраля 2025 г,"Основные проинфляционные риски связаны с сохранением отклонения российской экономики вверх от траектории сбалансированного роста и высоких инфляционных ожиданий, а также с ухудшением условий внешней торговли.",Economic activity,Forward-looking,Risk-highlighting,5,0,3,2025-02-14,2025,False
manual_001350,manual,False,,06c01cf9d98f92b29b7c3ca26e221fe19fe65fa3,mp_decisions,press_release,"Банк России принял решение сохранить ключевую ставку на уровне 21,00% годовых",14 февраля 2025 г,Дезинфляционные риски связаны с более быстрым замедлением роста кредитования и внутреннего спроса под влиянием ужесточения денежно-кредитных условий.,Credit,Forward-looking,Risk-highlighting,3,0,3,2025-02-14,2025,False
manual_001351,manual,False,,06c01cf9d98f92b29b7c3ca26e221fe19fe65fa3,mp_decisions,press_release,"Банк России принял решение сохранить ключевую ставку на уровне 21,00% годовых",14 февраля 2025 г,Банк России исходит из объявленных параметров бюджетной политики.,Fiscal policy,Forward-looking,Neutral,8,0,2,2025-02-14,2025,False
manual_001352,manual,False,,06c01cf9d98f92b29b7c3ca26e221fe19fe65fa3,mp_decisions,press_release,"Банк России принял решение сохранить ключевую ставку на уровне 21,00% годовых",14 февраля 2025 г,Ее нормализация в 2025 году будет иметь дезинфляционный эффект.,Fiscal policy,Forward-looking,Dovish,8,0,1,2025-02-14,2025,False
manual_001353,manual,False,,06c01cf9d98f92b29b7c3ca26e221fe19fe65fa3,mp_decisions,press_release,"Банк России принял решение сохранить ключевую ставку на уровне 21,00% годовых",14 февраля 2025 г,Изменение параметров бюджетной политики может потребовать корректировки проводимой денежно-кредитной политики.,Fiscal policy,Forward-looking,Risk-highlighting,8,0,3,2025-02-14,2025,False
manual_001354,manual,False,,06c01cf9d98f92b29b7c3ca26e221fe19fe65fa3,mp_decisions,press_release,"Банк России принял решение сохранить ключевую ставку на уровне 21,00% годовых",14 февраля 2025 г,26 февраля 2025 года Банк России опубликует Резюме обсуждения ключевой ставки и Комментарий к среднесрочному прогнозу.,Other,Other,Other,11,2,5,2025-02-14,2025,False
manual_001355,manual,False,,06c01cf9d98f92b29b7c3ca26e221fe19fe65fa3,mp_decisions,press_release,"Банк России принял решение сохранить ключевую ставку на уровне 21,00% годовых",14 февраля 2025 г,"Следующее заседание Совета директоров Банка России, на котором будет рассматриваться вопрос об уровне ключевой ставки, запланировано на 21 марта 2025 года.",Other,Other,Other,11,2,5,2025-02-14,2025,False
manual_001356,manual,False,,06c01cf9d98f92b29b7c3ca26e221fe19fe65fa3,mp_decisions,press_release,"Банк России принял решение сохранить ключевую ставку на уровне 21,00% годовых",14 февраля 2025 г,Время публикации пресс-релиза о решении Совета директоров Банка России — 13:30 по московскому времени.,Other,Other,Other,11,2,5,2025-02-14,2025,True
manual_001357,manual,False,,06c01cf9d98f92b29b7c3ca26e221fe19fe65fa3,mp_decisions,press_release,"Банк России принял решение сохранить ключевую ставку на уровне 21,00% годовых",14 февраля 2025 г,Заявление Председателя Банка России Эльвиры Набиуллиной по итогам заседания Совета директоров Банка России 14 февраля 2025 года.,Other,Other,Other,11,2,5,2025-02-14,2025,True
manual_001358,manual,False,,06c01cf9d98f92b29b7c3ca26e221fe19fe65fa3,mp_decisions,press_release,"Банк России принял решение сохранить ключевую ставку на уровне 21,00% годовых",14 февраля 2025 г,При использовании материала ссылка на Пресс-службу Банка России обязательна.,Other,Other,Other,11,2,5,2025-02-14,2025,True
manual_001359,manual,False,,06c01cf9d98f92b29b7c3ca26e221fe19fe65fa3,mp_decisions,press_release,"Банк России принял решение сохранить ключевую ставку на уровне 21,00% годовых",14 февраля 2025 г,14.02.2025 13:30:00,Other,Other,Other,11,2,5,2025-02-14,2025,True
manual_001360,manual,False,,78f63e52460d75219f4f4f378ca746159d0ee4a7,decision_key_rate,summary,Резюме обсуждения ключевой ставки,26.02.2025,"Участники обсуждения: члены Совета директоров Банка России, руководители Департамента денежно-кредитной политики, Департамента исследований и прогнозирования, а также представители других департаментов и главных управлений Банка России.",Other,Other,Other,11,2,5,2025-02-26,2025,False
manual_001361,manual,False,,78f63e52460d75219f4f4f378ca746159d0ee4a7,decision_key_rate,summary,Резюме обсуждения ключевой ставки,26.02.2025,"Департамент денежно-кредитной политики и Департамент исследований и прогнозирования представили результаты анализа текущей экономической ситуации в стране и мире, а также предложения по базовому макроэкономическому прогнозу на 2025 — 2027 годы и его вариациям.",Other,Other,Other,11,2,5,2025-02-26,2025,False
manual_001362,manual,False,,78f63e52460d75219f4f4f378ca746159d0ee4a7,decision_key_rate,summary,Резюме обсуждения ключевой ставки,26.02.2025,"Главные управления Банка России рассказали о ситуации в регионах, включая результаты опросов бизнеса.",Other,Other,Other,11,2,5,2025-02-26,2025,False
manual_001363,manual,False,,78f63e52460d75219f4f4f378ca746159d0ee4a7,decision_key_rate,summary,Резюме обсуждения ключевой ставки,26.02.2025,Дополнительно участники обсуждения рассмотрели информацию от Департамента финансовой стабильности и Департамента организации международных расчетов.,Other,Other,Other,11,2,5,2025-02-26,2025,False
manual_001364,manual,False,,78f63e52460d75219f4f4f378ca746159d0ee4a7,decision_key_rate,summary,Резюме обсуждения ключевой ставки,26.02.2025,Материал отражает ключевые моменты обсуждения.,Other,Other,Other,11,2,5,2025-02-26,2025,False
manual_001365,manual,False,,78f63e52460d75219f4f4f378ca746159d0ee4a7,decision_key_rate,summary,Резюме обсуждения ключевой ставки,26.02.2025,Ситуация в экономике и инфляция.,Other,Other,Other,11,2,5,2025-02-26,2025,False
manual_001366,manual,False,,78f63e52460d75219f4f4f378ca746159d0ee4a7,decision_key_rate,summary,Резюме обсуждения ключевой ставки,26.02.2025,Денежно-кредитные условия.,Other,Other,Other,11,2,5,2025-02-26,2025,False
manual_001367,manual,False,,78f63e52460d75219f4f4f378ca746159d0ee4a7,decision_key_rate,summary,Резюме обсуждения ключевой ставки,26.02.2025,Внешние условия.,Other,Other,Other,11,2,5,2025-02-26,2025,True
manual_001368,manual,False,,78f63e52460d75219f4f4f378ca746159d0ee4a7,decision_key_rate,summary,Резюме обсуждения ключевой ставки,26.02.2025,Инфляционные риски.,Other,Other,Other,11,2,5,2025-02-26,2025,True
manual_001369,manual,False,,78f63e52460d75219f4f4f378ca746159d0ee4a7,decision_key_rate,summary,Резюме обсуждения ключевой ставки,26.02.2025,Выводы для денежно-кредитной политики и решение по ключевой ставке.,Other,Other,Other,11,2,5,2025-02-26,2025,False
manual_001370,manual,False,,78f63e52460d75219f4f4f378ca746159d0ee4a7,decision_key_rate,summary,Резюме обсуждения ключевой ставки,26.02.2025,Дополнительные материалы.,Other,Other,Other,11,2,5,2025-02-26,2025,True
manual_001371,manual,False,,78f63e52460d75219f4f4f378ca746159d0ee4a7,decision_key_rate,summary,Резюме обсуждения ключевой ставки,26.02.2025,Ситуация в экономике и инфляция.,Other,Other,Other,11,2,5,2025-02-26,2025,False
manual_001372,manual,False,,78f63e52460d75219f4f4f378ca746159d0ee4a7,decision_key_rate,summary,Резюме обсуждения ключевой ставки,26.02.2025,"Текущий рост цен в IV квартале 2024 года в среднем составил 12,1% с сезонной корректировкой в годовом выражении (с.к.г.) после 11,3% с.к.г. в III квартале 2024 года.",Inflation,Backward-looking,Hawkish,0,1,0,2025-02-26,2025,False
manual_001373,manual,False,,78f63e52460d75219f4f4f378ca746159d0ee4a7,decision_key_rate,summary,Резюме обсуждения ключевой ставки,26.02.2025,Устойчивые показатели инфляции повысились.,Inflation,Backward-looking,Hawkish,0,1,0,2025-02-26,2025,False
manual_001374,manual,False,,78f63e52460d75219f4f4f378ca746159d0ee4a7,decision_key_rate,summary,Резюме обсуждения ключевой ставки,26.02.2025,"Базовая инфляция в IV квартале 2024 года выросла в среднем до 12,1 с 7,6% с.к.г. в III квартале 2024 года.",Inflation,Backward-looking,Hawkish,0,1,0,2025-02-26,2025,False
manual_001375,manual,False,,78f63e52460d75219f4f4f378ca746159d0ee4a7,decision_key_rate,summary,Резюме обсуждения ключевой ставки,26.02.2025,"ВВП в 2024 году увеличился на 4,1%.",Economic activity,Backward-looking,Neutral,5,1,2,2025-02-26,2025,False
manual_001376,manual,False,,78f63e52460d75219f4f4f378ca746159d0ee4a7,decision_key_rate,summary,Резюме обсуждения ключевой ставки,26.02.2025,Рост экономики был обеспечен высоким потребительским и инвестиционным спросом.,Economic activity,Backward-looking,Hawkish,5,1,0,2025-02-26,2025,False
manual_001377,manual,False,,78f63e52460d75219f4f4f378ca746159d0ee4a7,decision_key_rate,summary,Резюме обсуждения ключевой ставки,26.02.2025,Индикатор бизнес-климата Банка России в январе – феврале 2025 года в среднем оставался на уровне IV квартала 2024 года.,Economic activity,Backward-looking,Neutral,5,1,2,2025-02-26,2025,False
manual_001378,manual,False,,78f63e52460d75219f4f4f378ca746159d0ee4a7,decision_key_rate,summary,Резюме обсуждения ключевой ставки,26.02.2025,Ценовые ожидания предприятий в феврале 2025 года снизились впервые с I квартала 2024 года.,Expectations,Backward-looking,Dovish,4,1,1,2025-02-26,2025,False
manual_001379,manual,False,,78f63e52460d75219f4f4f378ca746159d0ee4a7,decision_key_rate,summary,Резюме обсуждения ключевой ставки,26.02.2025,"Уровень безработицы в декабре 2024 года сохранялся на историческом минимуме – 2,3% с сезонной корректировкой.",Labor market,Backward-looking,Hawkish,6,1,0,2025-02-26,2025,False
manual_001380,manual,False,,78f63e52460d75219f4f4f378ca746159d0ee4a7,decision_key_rate,summary,Резюме обсуждения ключевой ставки,26.02.2025,В ноябре рост номинальных и реальных зарплат ускорился.,Labor market,Backward-looking,Hawkish,6,1,0,2025-02-26,2025,False
manual_001381,manual,False,,78f63e52460d75219f4f4f378ca746159d0ee4a7,decision_key_rate,summary,Резюме обсуждения ключевой ставки,26.02.2025,"По опросам, компании планируют более умеренное повышение зарплат в 2025 году.",Labor market,Forward-looking,Dovish,6,0,1,2025-02-26,2025,False
manual_001382,manual,False,,78f63e52460d75219f4f4f378ca746159d0ee4a7,decision_key_rate,summary,Резюме обсуждения ключевой ставки,26.02.2025,Инфляционное давление оставалось высоким.,Inflation,Backward-looking,Hawkish,0,1,0,2025-02-26,2025,False
manual_001383,manual,False,,78f63e52460d75219f4f4f378ca746159d0ee4a7,decision_key_rate,summary,Резюме обсуждения ключевой ставки,26.02.2025,К концу 2024 года инфляция значительно увеличилась.,Inflation,Backward-looking,Hawkish,0,1,0,2025-02-26,2025,False
manual_001384,manual,False,,78f63e52460d75219f4f4f378ca746159d0ee4a7,decision_key_rate,summary,Резюме обсуждения ключевой ставки,26.02.2025,Большинство показателей устойчивой инфляции превысили 10%.,Inflation,Backward-looking,Hawkish,0,1,0,2025-02-26,2025,False
manual_001385,manual,False,,78f63e52460d75219f4f4f378ca746159d0ee4a7,decision_key_rate,summary,Резюме обсуждения ключевой ставки,26.02.2025,"Участники обсуждения отметили, что высокие темпы роста цен в конце года отражали ситуацию, сложившуюся в экономике во второй половине 2024 года: внутренний спрос продолжал расти быстрыми темпами, значительно опережающими возможности расширения предложения товаров и услуг.",Economic activity,Backward-looking,Hawkish,5,1,0,2025-02-26,2025,False
manual_001386,manual,False,,78f63e52460d75219f4f4f378ca746159d0ee4a7,decision_key_rate,summary,Резюме обсуждения ключевой ставки,26.02.2025,Ослабление рубля в ноябре — начале декабря 2024 года также повлияло на рост цен в конце года.,Exchange rate,Backward-looking,Hawkish,9,1,0,2025-02-26,2025,False
manual_001387,manual,False,,78f63e52460d75219f4f4f378ca746159d0ee4a7,decision_key_rate,summary,Резюме обсуждения ключевой ставки,26.02.2025,"В начале 2025 года значительный вклад в инфляцию внесла индексация регулируемых цен и тарифов (в частности, повышение стоимости проезда в общественном транспорте и отдельных тарифов ЖКУ).",Inflation,Backward-looking,Hawkish,0,1,0,2025-02-26,2025,False
manual_001388,manual,False,,78f63e52460d75219f4f4f378ca746159d0ee4a7,decision_key_rate,summary,Резюме обсуждения ключевой ставки,26.02.2025,"В то же время последние недельные данные указывают на снижение текущего темпа роста цен, хотя он все еще остается высоким.",Inflation,Backward-looking,Dovish,0,1,1,2025-02-26,2025,False
manual_001389,manual,False,,78f63e52460d75219f4f4f378ca746159d0ee4a7,decision_key_rate,summary,Резюме обсуждения ключевой ставки,26.02.2025,"Участники согласились, что говорить о развороте тенденций в динамике инфляции пока рано.",Inflation,Backward-looking,Risk-highlighting,0,1,3,2025-02-26,2025,False
manual_001390,manual,False,,78f63e52460d75219f4f4f378ca746159d0ee4a7,decision_key_rate,summary,Резюме обсуждения ключевой ставки,26.02.2025,Инфляционные ожидания оставались высокими.,Expectations,Backward-looking,Hawkish,4,1,0,2025-02-26,2025,False
manual_001391,manual,False,,78f63e52460d75219f4f4f378ca746159d0ee4a7,decision_key_rate,summary,Резюме обсуждения ключевой ставки,26.02.2025,Ожидания населения по инфляции были близки к максимальным значениям за последние два года.,Expectations,Backward-looking,Hawkish,4,1,0,2025-02-26,2025,False
manual_001392,manual,False,,78f63e52460d75219f4f4f378ca746159d0ee4a7,decision_key_rate,summary,Резюме обсуждения ключевой ставки,26.02.2025,Профессиональные аналитики снова повысили прогноз по инфляции на 2025 — 2026 годы.,Expectations,Forward-looking,Hawkish,4,0,0,2025-02-26,2025,False
manual_001393,manual,False,,78f63e52460d75219f4f4f378ca746159d0ee4a7,decision_key_rate,summary,Резюме обсуждения ключевой ставки,26.02.2025,Они по-прежнему ожидают инфляцию выше 4% в 2026 году.,Expectations,Forward-looking,Hawkish,4,0,0,2025-02-26,2025,False
manual_001394,manual,False,,78f63e52460d75219f4f4f378ca746159d0ee4a7,decision_key_rate,summary,Резюме обсуждения ключевой ставки,26.02.2025,"Ценовые ожидания предприятий также оставались повышенными, хотя в феврале впервые за 12 месяцев они заметно снизились.",Expectations,Backward-looking,Hawkish,4,1,0,2025-02-26,2025,False
manual_001395,manual,False,,78f63e52460d75219f4f4f378ca746159d0ee4a7,decision_key_rate,summary,Резюме обсуждения ключевой ставки,26.02.2025,"Участники обсуждения отметили, что высокие инфляционные ожидания создают вторичные эффекты в динамике цен.",Expectations,Backward-looking,Hawkish,4,1,0,2025-02-26,2025,False
manual_001396,manual,False,,78f63e52460d75219f4f4f378ca746159d0ee4a7,decision_key_rate,summary,Резюме обсуждения ключевой ставки,26.02.2025,"Когда инфляционные ожидания высокие, население и компании склонны воспринимать врéменные изменения цен как постоянные и меняют свое поведение: увеличивают спрос на товары, сырье и услуги.",Expectations,Other,Hawkish,4,2,0,2025-02-26,2025,False
manual_001397,manual,False,,78f63e52460d75219f4f4f378ca746159d0ee4a7,decision_key_rate,summary,Резюме обсуждения ключевой ставки,26.02.2025,Это приводит к самоподдерживающемуся циклу инфляции и делает разовые шоки более устойчивыми.,Inflation,Other,Hawkish,0,2,0,2025-02-26,2025,False
manual_001398,manual,False,,78f63e52460d75219f4f4f378ca746159d0ee4a7,decision_key_rate,summary,Резюме обсуждения ключевой ставки,26.02.2025,"Участники также отметили, что инфляционные ожидания населения и бизнеса остаются незаякоренными и формируются под влиянием текущей высокой инфляции.",Expectations,Backward-looking,Hawkish,4,1,0,2025-02-26,2025,False
manual_001399,manual,False,,78f63e52460d75219f4f4f378ca746159d0ee4a7,decision_key_rate,summary,Резюме обсуждения ключевой ставки,26.02.2025,Для их снижения необходимо замедление роста цен.,Expectations,Forward-looking,Neutral,4,0,2,2025-02-26,2025,False
manual_001400,manual,False,,78f63e52460d75219f4f4f378ca746159d0ee4a7,decision_key_rate,summary,Резюме обсуждения ключевой ставки,26.02.2025,Снижение инфляционных ожиданий является важным условием для устойчивого замедления инфляции.,Expectations,Forward-looking,Dovish,4,0,1,2025-02-26,2025,False
manual_001401,manual,False,,78f63e52460d75219f4f4f378ca746159d0ee4a7,decision_key_rate,summary,Резюме обсуждения ключевой ставки,26.02.2025,Рост экономики в 2024 году оказался выше октябрьского прогноза Банка России.,Economic activity,Backward-looking,Hawkish,5,1,0,2025-02-26,2025,False
manual_001402,manual,False,,78f63e52460d75219f4f4f378ca746159d0ee4a7,decision_key_rate,summary,Резюме обсуждения ключевой ставки,26.02.2025,"Это было связано с более сильным внутренним спросом, который оставался основным драйвером экономического роста.",Economic activity,Backward-looking,Hawkish,5,1,0,2025-02-26,2025,False
manual_001403,manual,False,,78f63e52460d75219f4f4f378ca746159d0ee4a7,decision_key_rate,summary,Резюме обсуждения ключевой ставки,26.02.2025,"С учетом более высокой оценки темпов роста экономики в 2024 году, а также пересмотра Росстатом годовых данных по ВВП за 2022 — 2023 годы, уровень выпуска оказался несколько выше октябрьских оценок Банка России.",Economic activity,Backward-looking,Hawkish,5,1,0,2025-02-26,2025,False
manual_001404,manual,False,,78f63e52460d75219f4f4f378ca746159d0ee4a7,decision_key_rate,summary,Резюме обсуждения ключевой ставки,26.02.2025,Росстат пока не уточнил квартальные данные по ВВП после публикации годовых.,Other,Other,Other,11,2,5,2025-02-26,2025,False
manual_001405,manual,False,,78f63e52460d75219f4f4f378ca746159d0ee4a7,decision_key_rate,summary,Резюме обсуждения ключевой ставки,26.02.2025,"Судя по оперативным данным и опросам, в IV квартале 2024 года экономический рост мог ускориться.",Economic activity,Backward-looking,Hawkish,5,1,0,2025-02-26,2025,False
manual_001406,manual,False,,78f63e52460d75219f4f4f378ca746159d0ee4a7,decision_key_rate,summary,Резюме обсуждения ключевой ставки,26.02.2025,Импульс к росту экономика получила в том числе в результате активизации бюджетных расходов в этот период.,Fiscal policy,Backward-looking,Hawkish,8,1,0,2025-02-26,2025,False
manual_001407,manual,False,,78f63e52460d75219f4f4f378ca746159d0ee4a7,decision_key_rate,summary,Резюме обсуждения ключевой ставки,26.02.2025,"В то же время, по оценкам, в IV квартале 2024 года рост потребительского спроса замедлился, чему способствовало охлаждение розничного кредитования во второй половине 2024 года при продолжающемся увеличении сберегательной активности.",Credit,Backward-looking,Dovish,3,1,1,2025-02-26,2025,False
manual_001408,manual,False,,78f63e52460d75219f4f4f378ca746159d0ee4a7,decision_key_rate,summary,Резюме обсуждения ключевой ставки,26.02.2025,"Участники отметили, что снижение потребительского спроса пока происходит медленно в условиях быстрого роста доходов.",Economic activity,Backward-looking,Hawkish,5,1,0,2025-02-26,2025,False
manual_001409,manual,False,,78f63e52460d75219f4f4f378ca746159d0ee4a7,decision_key_rate,summary,Резюме обсуждения ключевой ставки,26.02.2025,Инвестиционная активность в IV квартале 2024 года оставалась высокой.,Economic activity,Backward-looking,Hawkish,5,1,0,2025-02-26,2025,False
manual_001410,manual,False,,78f63e52460d75219f4f4f378ca746159d0ee4a7,decision_key_rate,summary,Резюме обсуждения ключевой ставки,26.02.2025,"Помимо бюджетных стимулов, ее поддерживал высокий финансовый результат компаний, в том числе накопленный в предыдущие два года.",Economic activity,Backward-looking,Hawkish,5,1,0,2025-02-26,2025,False
manual_001411,manual,False,,78f63e52460d75219f4f4f378ca746159d0ee4a7,decision_key_rate,summary,Резюме обсуждения ключевой ставки,26.02.2025,"Однако с лета 2024 года наметилась тенденция к снижению финансового результата (скользящего за последние 12 месяцев), что будет побуждать бизнес оптимизировать свои инвестиционные планы и сокращать издержки.",Economic activity,Forward-looking,Dovish,5,0,1,2025-02-26,2025,False
manual_001412,manual,False,,78f63e52460d75219f4f4f378ca746159d0ee4a7,decision_key_rate,summary,Резюме обсуждения ключевой ставки,26.02.2025,"Опросы показывают, что компании уже снижают инвестиционный спрос и откладывают реализацию новых проектов.",Economic activity,Backward-looking,Dovish,5,1,1,2025-02-26,2025,False
manual_001413,manual,False,,78f63e52460d75219f4f4f378ca746159d0ee4a7,decision_key_rate,summary,Резюме обсуждения ключевой ставки,26.02.2025,"Участники обсуждения отметили, что дефицит кадров остается основным фактором, ограничивающим расширение предложения.",Labor market,Backward-looking,Hawkish,6,1,0,2025-02-26,2025,False
manual_001414,manual,False,,78f63e52460d75219f4f4f378ca746159d0ee4a7,decision_key_rate,summary,Резюме обсуждения ключевой ставки,26.02.2025,Однако напряженность на рынке труда перестала нарастать.,Labor market,Backward-looking,Dovish,6,1,1,2025-02-26,2025,False
manual_001415,manual,False,,78f63e52460d75219f4f4f378ca746159d0ee4a7,decision_key_rate,summary,Резюме обсуждения ключевой ставки,26.02.2025,"Доля предприятий, испытывающих дефицит кадров, снижается несколько месяцев подряд.",Labor market,Backward-looking,Dovish,6,1,1,2025-02-26,2025,False
manual_001416,manual,False,,78f63e52460d75219f4f4f378ca746159d0ee4a7,decision_key_rate,summary,Резюме обсуждения ключевой ставки,26.02.2025,"Количество вакансий уменьшается, а количество резюме растет.",Labor market,Backward-looking,Dovish,6,1,1,2025-02-26,2025,False
manual_001417,manual,False,,78f63e52460d75219f4f4f378ca746159d0ee4a7,decision_key_rate,summary,Резюме обсуждения ключевой ставки,26.02.2025,Из регионов поступают сообщения о снижении спроса на труд на отдельных предприятиях.,Labor market,Backward-looking,Dovish,6,1,1,2025-02-26,2025,False
manual_001418,manual,False,,78f63e52460d75219f4f4f378ca746159d0ee4a7,decision_key_rate,summary,Резюме обсуждения ключевой ставки,26.02.2025,Компании планируют более умеренно повышать зарплаты в 2025 году и сокращают планы по найму новых сотрудников.,Labor market,Forward-looking,Dovish,6,0,1,2025-02-26,2025,False
manual_001419,manual,False,,78f63e52460d75219f4f4f378ca746159d0ee4a7,decision_key_rate,summary,Резюме обсуждения ключевой ставки,26.02.2025,"Участники подчеркнули, что пока это лишь отдельные признаки начала нормализации ситуации на рынке труда.",Labor market,Backward-looking,Risk-highlighting,6,1,3,2025-02-26,2025,False
manual_001420,manual,False,,78f63e52460d75219f4f4f378ca746159d0ee4a7,decision_key_rate,summary,Резюме обсуждения ключевой ставки,26.02.2025,"Также было высказано мнение, что уменьшение вакансий может быть связано с тем, что компании прекращают поиски из-за невозможности найти работников.",Labor market,Backward-looking,Risk-highlighting,6,1,3,2025-02-26,2025,False
manual_001421,manual,False,,78f63e52460d75219f4f4f378ca746159d0ee4a7,decision_key_rate,summary,Резюме обсуждения ключевой ставки,26.02.2025,"При этом люди, уже имеющие работу, могут продолжать размещать резюме в поисках более привлекательных условий труда.",Labor market,Backward-looking,Risk-highlighting,6,1,3,2025-02-26,2025,False
manual_001422,manual,False,,78f63e52460d75219f4f4f378ca746159d0ee4a7,decision_key_rate,summary,Резюме обсуждения ключевой ставки,26.02.2025,"Участники обсуждения пришли к выводу, что в IV квартале масштаб перегрева экономики не уменьшился.",Economic activity,Backward-looking,Hawkish,5,1,0,2025-02-26,2025,False
manual_001423,manual,False,,78f63e52460d75219f4f4f378ca746159d0ee4a7,decision_key_rate,summary,Резюме обсуждения ключевой ставки,26.02.2025,"На это указывают значительно возросшее инфляционное давление и сохраняющаяся напряженность на рынке труда, а также модельные оценки масштаба перегрева экономики, представленные подразделениями.",Inflation,Backward-looking,Hawkish,0,1,0,2025-02-26,2025,False
manual_001424,manual,False,,78f63e52460d75219f4f4f378ca746159d0ee4a7,decision_key_rate,summary,Резюме обсуждения ключевой ставки,26.02.2025,"Участники отметили, что годовая инфляция в 2025 году будет выше октябрьского прогноза Банка России, учитывая больший масштаб перегрева экономики и более высокую инфляцию в конце 2024 года, чем оценивалось ранее.",Inflation,Forward-looking,Hawkish,0,0,0,2025-02-26,2025,False
manual_001425,manual,False,,78f63e52460d75219f4f4f378ca746159d0ee4a7,decision_key_rate,summary,Резюме обсуждения ключевой ставки,26.02.2025,"При этом они по-прежнему ожидают, что текущие темпы роста цен в ближайшие месяцы начнут снижаться под влиянием ужесточения денежно-кредитных условий.",Monetary conditions,Forward-looking,Dovish,2,0,1,2025-02-26,2025,False
manual_001426,manual,False,,78f63e52460d75219f4f4f378ca746159d0ee4a7,decision_key_rate,summary,Резюме обсуждения ключевой ставки,26.02.2025,Значимым дезинфляционным фактором в этом году также станет нормализация бюджетной политики и возврат к формированию бюджетных расходов в соответствии с бюджетным правилом.,Fiscal policy,Forward-looking,Dovish,8,0,1,2025-02-26,2025,False
manual_001427,manual,False,,78f63e52460d75219f4f4f378ca746159d0ee4a7,decision_key_rate,summary,Резюме обсуждения ключевой ставки,26.02.2025,Денежно-кредитные условия.,Other,Other,Other,11,2,5,2025-02-26,2025,False
manual_001428,manual,False,,78f63e52460d75219f4f4f378ca746159d0ee4a7,decision_key_rate,summary,Резюме обсуждения ключевой ставки,26.02.2025,С декабрьского заседания ставки на денежном рынке и доходности ОФЗ снизились.,Monetary conditions,Backward-looking,Neutral,2,1,2,2025-02-26,2025,False
manual_001429,manual,False,,78f63e52460d75219f4f4f378ca746159d0ee4a7,decision_key_rate,summary,Резюме обсуждения ключевой ставки,26.02.2025,Процентные ставки по депозитам немного уменьшились.,Monetary conditions,Backward-looking,Neutral,2,1,2,2025-02-26,2025,False
manual_001430,manual,False,,78f63e52460d75219f4f4f378ca746159d0ee4a7,decision_key_rate,summary,Резюме обсуждения ключевой ставки,26.02.2025,Кредитные ставки не изменились и оставались высокими.,Monetary conditions,Backward-looking,Neutral,2,1,2,2025-02-26,2025,False
manual_001431,manual,False,,78f63e52460d75219f4f4f378ca746159d0ee4a7,decision_key_rate,summary,Резюме обсуждения ключевой ставки,26.02.2025,Неценовые условия кредитования в IV квартале 2024 года ужесточились.,Monetary conditions,Backward-looking,Dovish,2,1,1,2025-02-26,2025,False
manual_001432,manual,False,,78f63e52460d75219f4f4f378ca746159d0ee4a7,decision_key_rate,summary,Резюме обсуждения ключевой ставки,26.02.2025,Снижение кредитной активности наблюдалось во всех сегментах.,Credit,Backward-looking,Dovish,3,1,1,2025-02-26,2025,False
manual_001433,manual,False,,78f63e52460d75219f4f4f378ca746159d0ee4a7,decision_key_rate,summary,Резюме обсуждения ключевой ставки,26.02.2025,"В декабре и январе розничное кредитование сократилось: портфель потребительских кредитов уменьшился, рост ипотеки замедлился.",Credit,Backward-looking,Dovish,3,1,1,2025-02-26,2025,False
manual_001434,manual,False,,78f63e52460d75219f4f4f378ca746159d0ee4a7,decision_key_rate,summary,Резюме обсуждения ключевой ставки,26.02.2025,Портфель корпоративных кредитов также снизился.,Credit,Backward-looking,Dovish,3,1,1,2025-02-26,2025,False
manual_001435,manual,False,,78f63e52460d75219f4f4f378ca746159d0ee4a7,decision_key_rate,summary,Резюме обсуждения ключевой ставки,26.02.2025,Сохранялся приток средств населения на срочные вклады.,Monetary conditions,Backward-looking,Neutral,2,1,2,2025-02-26,2025,False
manual_001436,manual,False,,78f63e52460d75219f4f4f378ca746159d0ee4a7,decision_key_rate,summary,Резюме обсуждения ключевой ставки,26.02.2025,Норма сбережения домашних хозяйств в IV квартале 2024 года выросла.,Economic activity,Backward-looking,Dovish,5,1,1,2025-02-26,2025,False
manual_001437,manual,False,,78f63e52460d75219f4f4f378ca746159d0ee4a7,decision_key_rate,summary,Резюме обсуждения ключевой ставки,26.02.2025,Оценка изменения денежно-кредитных условий стала одной из ключевых тем обсуждения.,Monetary conditions,Backward-looking,Neutral,2,1,2,2025-02-26,2025,False
manual_001438,manual,False,,78f63e52460d75219f4f4f378ca746159d0ee4a7,decision_key_rate,summary,Резюме обсуждения ключевой ставки,26.02.2025,"Ценовые денежно-кредитные условия в отдельных сегментах смягчились, но в целом оставались жесткими: доходности ОФЗ и депозитные ставки снизились, кредитные ставки не изменились.",Monetary conditions,Backward-looking,Neutral,2,1,2,2025-02-26,2025,False
manual_001439,manual,False,,78f63e52460d75219f4f4f378ca746159d0ee4a7,decision_key_rate,summary,Резюме обсуждения ключевой ставки,26.02.2025,Неценовые денежно-кредитные условия ужесточились: банки повысили требования к финансовому положению заемщиков и обеспечению по кредитам.,Monetary conditions,Backward-looking,Dovish,2,1,1,2025-02-26,2025,False
manual_001440,manual,False,,78f63e52460d75219f4f4f378ca746159d0ee4a7,decision_key_rate,summary,Резюме обсуждения ключевой ставки,26.02.2025,"Кредитная активность заметно снизилась, сберегательная выросла.",Credit,Backward-looking,Dovish,3,1,1,2025-02-26,2025,False
manual_001441,manual,False,,78f63e52460d75219f4f4f378ca746159d0ee4a7,decision_key_rate,summary,Резюме обсуждения ключевой ставки,26.02.2025,"Участники пришли к выводу, что в целом денежно-кредитные условия ужесточились с декабрьского решения по ключевой ставке.",Interest rate,Backward-looking,Dovish,1,1,1,2025-02-26,2025,False
manual_001442,manual,False,,78f63e52460d75219f4f4f378ca746159d0ee4a7,decision_key_rate,summary,Резюме обсуждения ключевой ставки,26.02.2025,Снижение доходностей ОФЗ и депозитных ставок было связано с рядом факторов.,Monetary conditions,Backward-looking,Neutral,2,1,2,2025-02-26,2025,False
manual_001443,manual,False,,78f63e52460d75219f4f4f378ca746159d0ee4a7,decision_key_rate,summary,Резюме обсуждения ключевой ставки,26.02.2025,"Во-первых, участники рынка пересмотрели вниз ожидания по будущей траектории ключевой ставки после декабрьского решения.",Interest rate,Forward-looking,Dovish,1,0,1,2025-02-26,2025,False
manual_001444,manual,False,,78f63e52460d75219f4f4f378ca746159d0ee4a7,decision_key_rate,summary,Резюме обсуждения ключевой ставки,26.02.2025,"Во-вторых, на ставки повлияли масштабный приток средств на банковские счета из-за существенного роста бюджетных расходов в декабре — январе, изменение графика выхода из послаблений по нормативу краткосрочной ликвидности (НКЛ) и расширение лимитов по безотзывным кредитным линиям.",Fiscal policy,Backward-looking,Neutral,8,1,2,2025-02-26,2025,False
manual_001445,manual,False,,78f63e52460d75219f4f4f378ca746159d0ee4a7,decision_key_rate,summary,Резюме обсуждения ключевой ставки,26.02.2025,"Это ослабило конкуренцию среди банков за депозиты, и ставки по ним снизились, в том числе для корпоративных клиентов.",Monetary conditions,Backward-looking,Neutral,2,1,2,2025-02-26,2025,False
manual_001446,manual,False,,78f63e52460d75219f4f4f378ca746159d0ee4a7,decision_key_rate,summary,Резюме обсуждения ключевой ставки,26.02.2025,"Наконец, на доходности коротких ОФЗ влияли низкая ликвидность рынка и высокий спрос банков на такие облигации для выполнения НКЛ.",Monetary conditions,Backward-looking,Neutral,2,1,2,2025-02-26,2025,False
manual_001447,manual,False,,78f63e52460d75219f4f4f378ca746159d0ee4a7,decision_key_rate,summary,Резюме обсуждения ключевой ставки,26.02.2025,"На условия кредитования продолжили значительно влиять не только жесткая денежно-кредитная политика, но и автономные от денежно-кредитной политики факторы: нормализация банковского регулирования и ужесточение макропруденциальной политики.",Financial sector & Macroprudential policy,Backward-looking,Dovish,10,1,1,2025-02-26,2025,False
manual_001448,manual,False,,78f63e52460d75219f4f4f378ca746159d0ee4a7,decision_key_rate,summary,Резюме обсуждения ключевой ставки,26.02.2025,"Необходимость повышать ликвидность балансов и поддерживать требуемую достаточность капитала в сочетании с более консервативной оценкой рисков на заемщиков ведет к росту премий, которые банки закладывают в процентные ставки для конечных заемщиков.",Financial sector & Macroprudential policy,Backward-looking,Neutral,10,1,2,2025-02-26,2025,False
manual_001449,manual,False,,78f63e52460d75219f4f4f378ca746159d0ee4a7,decision_key_rate,summary,Резюме обсуждения ключевой ставки,26.02.2025,Статистика подтвердила оперативные данные о существенном росте в декабре 2024 года ставок по рыночным корпоративным кредитам и спредов плавающих ставок по кредитам к ключевой ставке.,Monetary conditions,Backward-looking,Dovish,2,1,1,2025-02-26,2025,False
manual_001450,manual,False,,78f63e52460d75219f4f4f378ca746159d0ee4a7,decision_key_rate,summary,Резюме обсуждения ключевой ставки,26.02.2025,"По информации банков, в январе спреды сохранялись повышенными по сравнению с периодом до перехода к активной фазе нормализации банковского регулирования в 2024 году.",Financial sector & Macroprudential policy,Backward-looking,Neutral,10,1,2,2025-02-26,2025,False
manual_001451,manual,False,,78f63e52460d75219f4f4f378ca746159d0ee4a7,decision_key_rate,summary,Резюме обсуждения ключевой ставки,26.02.2025,Снижение кредитной активности продолжилось по всех сегментах рынка.,Credit,Backward-looking,Dovish,3,1,1,2025-02-26,2025,False
manual_001452,manual,False,,78f63e52460d75219f4f4f378ca746159d0ee4a7,decision_key_rate,summary,Резюме обсуждения ключевой ставки,26.02.2025,Розничный кредитный портфель сократился в декабре — январе.,Credit,Backward-looking,Dovish,3,1,1,2025-02-26,2025,False
manual_001453,manual,False,,78f63e52460d75219f4f4f378ca746159d0ee4a7,decision_key_rate,summary,Резюме обсуждения ключевой ставки,26.02.2025,Портфель необеспеченных потребительских кредитов снизился под влиянием жесткой денежно-кредитной политики и ужесточения микро- и макропруденциальных требований.,Financial sector & Macroprudential policy,Backward-looking,Dovish,10,1,1,2025-02-26,2025,False
manual_001454,manual,False,,78f63e52460d75219f4f4f378ca746159d0ee4a7,decision_key_rate,summary,Резюме обсуждения ключевой ставки,26.02.2025,Рост ипотеки оставался умеренным из-за ужесточившихся денежно-кредитных условий.,Monetary conditions,Backward-looking,Dovish,2,1,1,2025-02-26,2025,False
manual_001455,manual,False,,78f63e52460d75219f4f4f378ca746159d0ee4a7,decision_key_rate,summary,Резюме обсуждения ключевой ставки,26.02.2025,Вклад в такое ужесточение с середины 2024 года внесли завершение программы безадресной льготной ипотеки и изменение параметров других льготных программ.,Fiscal policy,Backward-looking,Dovish,8,1,1,2025-02-26,2025,False
manual_001456,manual,False,,78f63e52460d75219f4f4f378ca746159d0ee4a7,decision_key_rate,summary,Резюме обсуждения ключевой ставки,26.02.2025,Портфель корпоративных кредитов снизился в декабре — январе.,Credit,Backward-looking,Dovish,3,1,1,2025-02-26,2025,False
manual_001457,manual,False,,78f63e52460d75219f4f4f378ca746159d0ee4a7,decision_key_rate,summary,Резюме обсуждения ключевой ставки,26.02.2025,"Помимо жестких условий кредитования, на динамику корпоративного кредитного портфеля в декабре — январе повлияли бюджетные поступления.",Fiscal policy,Backward-looking,Dovish,8,1,1,2025-02-26,2025,False
manual_001458,manual,False,,78f63e52460d75219f4f4f378ca746159d0ee4a7,decision_key_rate,summary,Резюме обсуждения ключевой ставки,26.02.2025,"В конце прошлого года происходил традиционный для этого периода рост бюджетных расходов, а в январе они были выше сезонной нормы, что в том числе связано со смещением авансирования государственных контрактов с февраля на январь.",Fiscal policy,Backward-looking,Hawkish,8,1,0,2025-02-26,2025,False
manual_001459,manual,False,,78f63e52460d75219f4f4f378ca746159d0ee4a7,decision_key_rate,summary,Резюме обсуждения ключевой ставки,26.02.2025,"Компании, получившие выплаты по госконтрактам, погашали кредиты.",Fiscal policy,Backward-looking,Dovish,8,1,1,2025-02-26,2025,False
manual_001460,manual,False,,78f63e52460d75219f4f4f378ca746159d0ee4a7,decision_key_rate,summary,Резюме обсуждения ключевой ставки,26.02.2025,Также снизился портфель кредитов в рамках проектного финансирования за счет раскрытия счетов эскроу после больших объемов ввода в эксплуатацию жилой недвижимости в конце 2024 года.,Credit,Backward-looking,Dovish,3,1,1,2025-02-26,2025,False
manual_001461,manual,False,,78f63e52460d75219f4f4f378ca746159d0ee4a7,decision_key_rate,summary,Резюме обсуждения ключевой ставки,26.02.2025,С исключением этих разовых факторов охлаждение корпоративного кредитования было менее выраженным.,Credit,Backward-looking,Dovish,3,1,1,2025-02-26,2025,False
manual_001462,manual,False,,78f63e52460d75219f4f4f378ca746159d0ee4a7,decision_key_rate,summary,Резюме обсуждения ключевой ставки,26.02.2025,"По последним оперативным данным, в начале 2025 года продолжилось снижение годовых темпов роста денежной массы.",Monetary conditions,Backward-looking,Dovish,2,1,1,2025-02-26,2025,False
manual_001463,manual,False,,78f63e52460d75219f4f4f378ca746159d0ee4a7,decision_key_rate,summary,Резюме обсуждения ключевой ставки,26.02.2025,"Хотя вклад бюджета в рост денежной массы увеличился, вклад кредитования существенно снизился.",Fiscal policy,Backward-looking,Neutral,8,1,2,2025-02-26,2025,False
manual_001464,manual,False,,78f63e52460d75219f4f4f378ca746159d0ee4a7,decision_key_rate,summary,Резюме обсуждения ключевой ставки,26.02.2025,"Поскольку динамика денежной массы учитывает совместное влияние кредита и бюджета, ее замедление — важный индикатор общего изменения денежно-кредитных условий.",Monetary conditions,Backward-looking,Dovish,2,1,1,2025-02-26,2025,False
manual_001465,manual,False,,78f63e52460d75219f4f4f378ca746159d0ee4a7,decision_key_rate,summary,Резюме обсуждения ключевой ставки,26.02.2025,"Участники отметили, что, несмотря на некоторое снижение, депозитные ставки оставались привлекательными для сбережений.",Monetary conditions,Backward-looking,Neutral,2,1,2,2025-02-26,2025,False
manual_001466,manual,False,,78f63e52460d75219f4f4f378ca746159d0ee4a7,decision_key_rate,summary,Резюме обсуждения ключевой ставки,26.02.2025,Приток средств на срочные депозиты сохранялся в декабре — январе.,Monetary conditions,Backward-looking,Neutral,2,1,2,2025-02-26,2025,False
manual_001467,manual,False,,78f63e52460d75219f4f4f378ca746159d0ee4a7,decision_key_rate,summary,Резюме обсуждения ключевой ставки,26.02.2025,При этом в декабре он ускорился: участники обсуждения связали это в том числе с переносом выплат части премий и бонусов с начала 2025 года на конец 2024 года.,Labor market,Backward-looking,Neutral,6,1,2,2025-02-26,2025,False
manual_001468,manual,False,,78f63e52460d75219f4f4f378ca746159d0ee4a7,decision_key_rate,summary,Резюме обсуждения ключевой ставки,26.02.2025,Вместе с сокращением необеспеченных потребительских кредитов это привело к значительному росту нормы сбережения населения в конце года.,Credit,Backward-looking,Dovish,3,1,1,2025-02-26,2025,False
manual_001469,manual,False,,78f63e52460d75219f4f4f378ca746159d0ee4a7,decision_key_rate,summary,Резюме обсуждения ключевой ставки,26.02.2025,"Участники согласились, что жесткая денежно-кредитная политика, нормализация банковского регулирования и ужесточение макропруденциальной политики продолжат влиять на кредитную активность.",Financial sector & Macroprudential policy,Forward-looking,Dovish,10,0,1,2025-02-26,2025,False
manual_001470,manual,False,,78f63e52460d75219f4f4f378ca746159d0ee4a7,decision_key_rate,summary,Резюме обсуждения ключевой ставки,26.02.2025,Банки перешли к фазе более рационального и консервативного использования капитала и ликвидности.,Financial sector & Macroprudential policy,Backward-looking,Confidence-building,10,1,4,2025-02-26,2025,False
manual_001471,manual,False,,78f63e52460d75219f4f4f378ca746159d0ee4a7,decision_key_rate,summary,Резюме обсуждения ключевой ставки,26.02.2025,Это будет сдерживать предложение кредита с их стороны и продолжит влиять на кредитные ставки и требования к заемщикам.,Financial sector & Macroprudential policy,Forward-looking,Dovish,10,0,1,2025-02-26,2025,False
manual_001472,manual,False,,78f63e52460d75219f4f4f378ca746159d0ee4a7,decision_key_rate,summary,Резюме обсуждения ключевой ставки,26.02.2025,В условиях высоких процентных ставок спрос компаний на кредиты также снизится.,Monetary conditions,Forward-looking,Dovish,2,0,1,2025-02-26,2025,False
manual_001473,manual,False,,78f63e52460d75219f4f4f378ca746159d0ee4a7,decision_key_rate,summary,Резюме обсуждения ключевой ставки,26.02.2025,"В результате охлаждение кредитования продолжится и можно ожидать более низкие темпы роста кредита в 2025 — 2026 годах, чем прогнозировалось в октябре 2024 года.",Credit,Forward-looking,Dovish,3,0,1,2025-02-26,2025,False
manual_001474,manual,False,,78f63e52460d75219f4f4f378ca746159d0ee4a7,decision_key_rate,summary,Резюме обсуждения ключевой ставки,26.02.2025,При этом неопределенность масштаба влияния автономных факторов на динамику кредитования пока сохраняется.,Credit,Forward-looking,Risk-highlighting,3,0,3,2025-02-26,2025,False
manual_001475,manual,False,,78f63e52460d75219f4f4f378ca746159d0ee4a7,decision_key_rate,summary,Резюме обсуждения ключевой ставки,26.02.2025,"Участники отметили, что значительные бюджетные поступления в последние месяцы существенно «зашумляли» динамику кредита.",Fiscal policy,Backward-looking,Neutral,8,1,2,2025-02-26,2025,False
manual_001476,manual,False,,78f63e52460d75219f4f4f378ca746159d0ee4a7,decision_key_rate,summary,Резюме обсуждения ключевой ставки,26.02.2025,"Поэтому необходимо время, чтобы убедиться в устойчивости наблюдаемых тенденций в кредитовании, в том числе после нормализации исполнения бюджетных расходов внутри года.",Credit,Forward-looking,Risk-highlighting,3,0,3,2025-02-26,2025,False
manual_001477,manual,False,,78f63e52460d75219f4f4f378ca746159d0ee4a7,decision_key_rate,summary,Резюме обсуждения ключевой ставки,26.02.2025,"Для замедления роста внутреннего спроса и устойчивого снижения инфляции необходимо, чтобы темпы роста кредитования были умеренными.",Credit,Forward-looking,Dovish,3,0,1,2025-02-26,2025,False
manual_001478,manual,False,,78f63e52460d75219f4f4f378ca746159d0ee4a7,decision_key_rate,summary,Резюме обсуждения ключевой ставки,26.02.2025,"Участники отметили, что качество кредитного портфеля в целом остается высоким, но наблюдается некоторое ухудшение ситуации.",Credit,Backward-looking,Risk-highlighting,3,1,3,2025-02-26,2025,False
manual_001479,manual,False,,78f63e52460d75219f4f4f378ca746159d0ee4a7,decision_key_rate,summary,Резюме обсуждения ключевой ставки,26.02.2025,"Растет число реструктуризаций кредитов как у малого и среднего, так и у крупного бизнеса.",Credit,Backward-looking,Risk-highlighting,3,1,3,2025-02-26,2025,False
manual_001480,manual,False,,78f63e52460d75219f4f4f378ca746159d0ee4a7,decision_key_rate,summary,Резюме обсуждения ключевой ставки,26.02.2025,Но это не носит массовый характер.,Credit,Backward-looking,Confidence-building,3,1,4,2025-02-26,2025,False
manual_001481,manual,False,,78f63e52460d75219f4f4f378ca746159d0ee4a7,decision_key_rate,summary,Резюме обсуждения ключевой ставки,26.02.2025,Высокая прибыль позволяет большинству компаний обслуживать кредиты даже по более высоким процентным ставкам.,Credit,Backward-looking,Confidence-building,3,1,4,2025-02-26,2025,False
manual_001482,manual,False,,78f63e52460d75219f4f4f378ca746159d0ee4a7,decision_key_rate,summary,Резюме обсуждения ключевой ставки,26.02.2025,Однако компании с высокой долговой нагрузкой могут столкнуться с трудностями при обслуживании долга в условиях сохранения высоких процентных ставок.,Credit,Forward-looking,Risk-highlighting,3,0,3,2025-02-26,2025,False
manual_001483,manual,False,,78f63e52460d75219f4f4f378ca746159d0ee4a7,decision_key_rate,summary,Резюме обсуждения ключевой ставки,26.02.2025,"Поэтому необходим активный мониторинг ситуации на кредитном рынке, учитывая в том числе значительный объем кредитов, выданных по плавающим процентным ставкам.",Credit,Forward-looking,Risk-highlighting,3,0,3,2025-02-26,2025,False
manual_001484,manual,False,,78f63e52460d75219f4f4f378ca746159d0ee4a7,decision_key_rate,summary,Резюме обсуждения ключевой ставки,26.02.2025,Внешние условия.,Other,Other,Other,11,2,5,2025-02-26,2025,True
manual_001485,manual,False,,78f63e52460d75219f4f4f378ca746159d0ee4a7,decision_key_rate,summary,Резюме обсуждения ключевой ставки,26.02.2025,Рост мировой экономики несколько ускорился в конце 2024 года.,External conditions,Backward-looking,Neutral,7,1,2,2025-02-26,2025,False
manual_001486,manual,False,,78f63e52460d75219f4f4f378ca746159d0ee4a7,decision_key_rate,summary,Резюме обсуждения ключевой ставки,26.02.2025,Существенно возросли инфляционные риски.,Inflation,Backward-looking,Hawkish,0,1,0,2025-02-26,2025,False
manual_001487,manual,False,,78f63e52460d75219f4f4f378ca746159d0ee4a7,decision_key_rate,summary,Резюме обсуждения ключевой ставки,26.02.2025,"Рыночные ожидания по ставке ФРС США предполагают ее более высокую траекторию, чем раньше.",External conditions,Forward-looking,Hawkish,7,0,0,2025-02-26,2025,False
manual_001488,manual,False,,78f63e52460d75219f4f4f378ca746159d0ee4a7,decision_key_rate,summary,Резюме обсуждения ключевой ставки,26.02.2025,"По предварительной оценке, сальдо счета текущих операций снизилось в IV квартале 2024 года по сравнению с III кварталом и было ниже значений в аналогичный период прошлого года.",External conditions,Backward-looking,Neutral,7,1,2,2025-02-26,2025,False
manual_001489,manual,False,,78f63e52460d75219f4f4f378ca746159d0ee4a7,decision_key_rate,summary,Резюме обсуждения ключевой ставки,26.02.2025,"При этом стоимостный объем экспорта уменьшился в IV квартале 2024 года по сравнению с III кварталом, а стоимостный объем импорта практически не изменился.",External conditions,Backward-looking,Neutral,7,1,2,2025-02-26,2025,False
manual_001490,manual,False,,78f63e52460d75219f4f4f378ca746159d0ee4a7,decision_key_rate,summary,Резюме обсуждения ключевой ставки,26.02.2025,Рост мировой экономики остается неоднородным по регионам.,External conditions,Backward-looking,Neutral,7,1,2,2025-02-26,2025,False
manual_001491,manual,False,,78f63e52460d75219f4f4f378ca746159d0ee4a7,decision_key_rate,summary,Резюме обсуждения ключевой ставки,26.02.2025,"Экономики США и некоторых крупных развивающихся стран продолжали уверенно расти, в то время как рост в еврозоне оставался сдержанным.",External conditions,Backward-looking,Neutral,7,1,2,2025-02-26,2025,False
manual_001492,manual,False,,78f63e52460d75219f4f4f378ca746159d0ee4a7,decision_key_rate,summary,Резюме обсуждения ключевой ставки,26.02.2025,В конце 2024 года ускорился рост экономики Китая.,External conditions,Backward-looking,Neutral,7,1,2,2025-02-26,2025,False
manual_001493,manual,False,,78f63e52460d75219f4f4f378ca746159d0ee4a7,decision_key_rate,summary,Резюме обсуждения ключевой ставки,26.02.2025,"Экспорт из Китая существенно увеличился, что может быть связано с активизацией поставок в ожидании повышения со стороны США импортных пошлин на китайские товары.",External conditions,Forward-looking,Risk-highlighting,7,0,3,2025-02-26,2025,False
manual_001494,manual,False,,78f63e52460d75219f4f4f378ca746159d0ee4a7,decision_key_rate,summary,Резюме обсуждения ключевой ставки,26.02.2025,"Участники отметили, что за прошедший период значительно усилились опасения рынков относительно перспектив роста мировой экономики.",External conditions,Forward-looking,Risk-highlighting,7,0,3,2025-02-26,2025,False
manual_001495,manual,False,,78f63e52460d75219f4f4f378ca746159d0ee4a7,decision_key_rate,summary,Резюме обсуждения ключевой ставки,26.02.2025,"Вероятность торговых войн возросла, что может негативно сказаться на экономической активности в мире.",External conditions,Forward-looking,Risk-highlighting,7,0,3,2025-02-26,2025,False
manual_001496,manual,False,,78f63e52460d75219f4f4f378ca746159d0ee4a7,decision_key_rate,summary,Резюме обсуждения ключевой ставки,26.02.2025,Неопределенность дальнейшего развития ситуации остается высокой и зависит от дальнейших мер США по повышению импортных пошлин и ответных мер других стран.,External conditions,Forward-looking,Risk-highlighting,7,0,3,2025-02-26,2025,False
manual_001497,manual,False,,78f63e52460d75219f4f4f378ca746159d0ee4a7,decision_key_rate,summary,Резюме обсуждения ключевой ставки,26.02.2025,"Участники согласились, что в базовом сценарии стоит учитывать умеренное повышение импортных пошлин со стороны США.",External conditions,Forward-looking,Neutral,7,0,2,2025-02-26,2025,False
manual_001498,manual,False,,78f63e52460d75219f4f4f378ca746159d0ee4a7,decision_key_rate,summary,Резюме обсуждения ключевой ставки,26.02.2025,"Они отметили, что такое повышение тарифов не приведет к значительному снижению мирового спроса, так как негативные последствия будут компенсированы более мягкой бюджетной политикой в США и Китае.",External conditions,Forward-looking,Neutral,7,0,2,2025-02-26,2025,False
manual_001499,manual,False,,78f63e52460d75219f4f4f378ca746159d0ee4a7,decision_key_rate,summary,Резюме обсуждения ключевой ставки,26.02.2025,В то же время повышение импортных пошлин и увеличение бюджетных дефицитов могут привести к росту инфляции.,External conditions,Forward-looking,Hawkish,7,0,0,2025-02-26,2025,False
manual_001500,manual,False,,78f63e52460d75219f4f4f378ca746159d0ee4a7,decision_key_rate,summary,Резюме обсуждения ключевой ставки,26.02.2025,"Рынки уже ожидают, что ФРС США будет медленнее нормализовывать денежно-кредитную политику.",External conditions,Forward-looking,Hawkish,7,0,0,2025-02-26,2025,False
manual_001501,manual,False,,78f63e52460d75219f4f4f378ca746159d0ee4a7,decision_key_rate,summary,Резюме обсуждения ключевой ставки,26.02.2025,"Участники согласились, что это нужно учесть в базовом сценарии.",Other,Forward-looking,Neutral,11,0,2,2025-02-26,2025,False
manual_001502,manual,False,,78f63e52460d75219f4f4f378ca746159d0ee4a7,decision_key_rate,summary,Резюме обсуждения ключевой ставки,26.02.2025,"Участники отметили, что расширение санкций в январе 2025 года может временно снизить объемы экспорта и цены на российскую нефть.",External conditions,Forward-looking,Risk-highlighting,7,0,3,2025-02-26,2025,False
manual_001503,manual,False,,78f63e52460d75219f4f4f378ca746159d0ee4a7,decision_key_rate,summary,Резюме обсуждения ключевой ставки,26.02.2025,При этом по-прежнему можно ожидать постепенного снижения нефтяных котировок на прогнозном горизонте по мере увеличения квот на добычу странами — участницами ОПЕК+.,External conditions,Forward-looking,Dovish,7,0,1,2025-02-26,2025,False
manual_001504,manual,False,,78f63e52460d75219f4f4f378ca746159d0ee4a7,decision_key_rate,summary,Резюме обсуждения ключевой ставки,26.02.2025,"Риски для цен на нефть, обозначенные на прошлом заседании, сохраняются и связаны с более слабым мировым спросом и ростом добычи за пределами ОПЕК+.",External conditions,Forward-looking,Risk-highlighting,7,0,3,2025-02-26,2025,False
manual_001505,manual,False,,78f63e52460d75219f4f4f378ca746159d0ee4a7,decision_key_rate,summary,Резюме обсуждения ключевой ставки,26.02.2025,Участники обсудили причины снижения сальдо счета текущих операций в IV квартале 2024 года.,External conditions,Backward-looking,Neutral,7,1,2,2025-02-26,2025,False
manual_001506,manual,False,,78f63e52460d75219f4f4f378ca746159d0ee4a7,decision_key_rate,summary,Резюме обсуждения ключевой ставки,26.02.2025,Стоимостный объем экспорта в этот период уменьшился из-за снижения цен на нефть и ограничений по наращиванию физических объемов экспорта в рамках выполнения соглашений ОПЕК+.,External conditions,Backward-looking,Neutral,7,1,2,2025-02-26,2025,False
manual_001507,manual,False,,78f63e52460d75219f4f4f378ca746159d0ee4a7,decision_key_rate,summary,Резюме обсуждения ключевой ставки,26.02.2025,"При этом стоимостный объем импорта существенно не изменился, что говорит о сохранении высокого внутреннего спроса.",Economic activity,Backward-looking,Hawkish,5,1,0,2025-02-26,2025,False
manual_001508,manual,False,,78f63e52460d75219f4f4f378ca746159d0ee4a7,decision_key_rate,summary,Резюме обсуждения ключевой ставки,26.02.2025,"Участники согласились, что пока сложно оценить, насколько устойчивым будет укрепление рубля, наблюдаемое в последние недели, и как оно повлияет на цены.",Exchange rate,Forward-looking,Risk-highlighting,9,0,3,2025-02-26,2025,False
manual_001509,manual,False,,78f63e52460d75219f4f4f378ca746159d0ee4a7,decision_key_rate,summary,Резюме обсуждения ключевой ставки,26.02.2025,"Укрепление рубля было связано как с реакцией рынков на геополитические события, так и с сезонным снижением спроса на иностранную валюту со стороны импортеров.",External conditions,Backward-looking,Neutral,7,1,2,2025-02-26,2025,False
manual_001510,manual,False,,78f63e52460d75219f4f4f378ca746159d0ee4a7,decision_key_rate,summary,Резюме обсуждения ключевой ставки,26.02.2025,"Оперативные данные указывают на некоторое замедление роста цен на импортные товары после того, как рубль в декабре перешел к укреплению.",Exchange rate,Backward-looking,Dovish,9,1,1,2025-02-26,2025,False
manual_001511,manual,False,,78f63e52460d75219f4f4f378ca746159d0ee4a7,decision_key_rate,summary,Резюме обсуждения ключевой ставки,26.02.2025,Инфляционные риски.,Other,Other,Other,11,2,5,2025-02-26,2025,True
manual_001512,manual,False,,78f63e52460d75219f4f4f378ca746159d0ee4a7,decision_key_rate,summary,Резюме обсуждения ключевой ставки,26.02.2025,"Участники согласились, что баланс рисков по-прежнему смещен в сторону проинфляционных.",Inflation,Forward-looking,Risk-highlighting,0,0,3,2025-02-26,2025,False
manual_001513,manual,False,,78f63e52460d75219f4f4f378ca746159d0ee4a7,decision_key_rate,summary,Резюме обсуждения ключевой ставки,26.02.2025,Основные проинфляционные риски включают:,Other,Other,Other,11,2,5,2025-02-26,2025,False
manual_001514,manual,False,,78f63e52460d75219f4f4f378ca746159d0ee4a7,decision_key_rate,summary,Резюме обсуждения ключевой ставки,26.02.2025,Сохранение значительного положительного разрыва выпуска (перегрева экономики).,Economic activity,Forward-looking,Hawkish,5,0,0,2025-02-26,2025,False
manual_001515,manual,False,,78f63e52460d75219f4f4f378ca746159d0ee4a7,decision_key_rate,summary,Резюме обсуждения ключевой ставки,26.02.2025,"Это может быть результатом как сохранения высокого внутреннего спроса, так и усиления ограничений на стороне предложения.",Economic activity,Forward-looking,Risk-highlighting,5,0,3,2025-02-26,2025,False
manual_001516,manual,False,,78f63e52460d75219f4f4f378ca746159d0ee4a7,decision_key_rate,summary,Резюме обсуждения ключевой ставки,26.02.2025,"Высокий внутренний спрос может поддержать возобновление ускоренного роста кредитования, в том числе из-за увеличения доли кредита, менее чувствительного к изменению денежно-кредитных условий.",Economic activity,Forward-looking,Hawkish,5,0,0,2025-02-26,2025,False
manual_001517,manual,False,,78f63e52460d75219f4f4f378ca746159d0ee4a7,decision_key_rate,summary,Резюме обсуждения ключевой ставки,26.02.2025,"Дальнейшее расширение дефицита кадров может привести к большему отставанию роста производительности труда от роста реальных зарплат, а усиление санкций — замедлить рост потенциала экономики.",Labor market,Forward-looking,Risk-highlighting,6,0,3,2025-02-26,2025,False
manual_001518,manual,False,,78f63e52460d75219f4f4f378ca746159d0ee4a7,decision_key_rate,summary,Резюме обсуждения ключевой ставки,26.02.2025,Независимо от причин сохранение перегрева экономики означает сохранение повышенного инфляционного давления.,Economic activity,Forward-looking,Hawkish,5,0,0,2025-02-26,2025,False
manual_001519,manual,False,,78f63e52460d75219f4f4f378ca746159d0ee4a7,decision_key_rate,summary,Резюме обсуждения ключевой ставки,26.02.2025,Длительное сохранение высоких инфляционных ожиданий или их дальнейший рост.,Expectations,Forward-looking,Hawkish,4,0,0,2025-02-26,2025,False
manual_001520,manual,False,,78f63e52460d75219f4f4f378ca746159d0ee4a7,decision_key_rate,summary,Резюме обсуждения ключевой ставки,26.02.2025,"Это может напрямую влиять на спрос и цены, а также усиливать вторичные эффекты от разовых факторов инфляции.",Expectations,Forward-looking,Hawkish,4,0,0,2025-02-26,2025,False
manual_001521,manual,False,,78f63e52460d75219f4f4f378ca746159d0ee4a7,decision_key_rate,summary,Резюме обсуждения ключевой ставки,26.02.2025,Ухудшение условий внешней торговли из-за негативных изменений конъюнктуры на мировых товарных рынках и геополитической ситуации.,External conditions,Forward-looking,Risk-highlighting,7,0,3,2025-02-26,2025,False
manual_001522,manual,False,,78f63e52460d75219f4f4f378ca746159d0ee4a7,decision_key_rate,summary,Резюме обсуждения ключевой ставки,26.02.2025,"В частности, более сильное замедление роста крупнейших экономик мира, а также ускорение перехода на более энергоэффективные технологии могут привести к снижению спроса и цен на сырье.",External conditions,Forward-looking,Risk-highlighting,7,0,3,2025-02-26,2025,False
manual_001523,manual,False,,78f63e52460d75219f4f4f378ca746159d0ee4a7,decision_key_rate,summary,Резюме обсуждения ключевой ставки,26.02.2025,"Кроме того, снизить стоимость российского экспорта могут ускоренное увеличение добычи нефти вне ОПЕК+ и усиление фрагментации мировой экономики из-за расширения протекционистских мер и санкций.",External conditions,Forward-looking,Risk-highlighting,7,0,3,2025-02-26,2025,False
manual_001524,manual,False,,78f63e52460d75219f4f4f378ca746159d0ee4a7,decision_key_rate,summary,Резюме обсуждения ключевой ставки,26.02.2025,В результате стоимостный объем российского экспорта может снизиться.,External conditions,Forward-looking,Risk-highlighting,7,0,3,2025-02-26,2025,False
manual_001525,manual,False,,78f63e52460d75219f4f4f378ca746159d0ee4a7,decision_key_rate,summary,Резюме обсуждения ключевой ставки,26.02.2025,При одновременном сохранении высокого рублевого спроса на импорт это может создать риски для курса рубля и инфляции.,External conditions,Forward-looking,Risk-highlighting,7,0,3,2025-02-26,2025,False
manual_001526,manual,False,,78f63e52460d75219f4f4f378ca746159d0ee4a7,decision_key_rate,summary,Резюме обсуждения ключевой ставки,26.02.2025,"Расширение бюджетного дефицита, а также возникновение вторичных эффектов, связанных со структурой доходов и расходов бюджета.",Fiscal policy,Forward-looking,Hawkish,8,0,0,2025-02-26,2025,False
manual_001527,manual,False,,78f63e52460d75219f4f4f378ca746159d0ee4a7,decision_key_rate,summary,Резюме обсуждения ключевой ставки,26.02.2025,Смягчение бюджетной политики или расширение программ льготного кредитования могут привести к сохранению высокого внутреннего спроса и инфляции.,Fiscal policy,Forward-looking,Hawkish,8,0,0,2025-02-26,2025,False
manual_001528,manual,False,,78f63e52460d75219f4f4f378ca746159d0ee4a7,decision_key_rate,summary,Резюме обсуждения ключевой ставки,26.02.2025,Урожай 2025 года.,Other,Other,Other,11,2,5,2025-02-26,2025,True
manual_001529,manual,False,,78f63e52460d75219f4f4f378ca746159d0ee4a7,decision_key_rate,summary,Резюме обсуждения ключевой ставки,26.02.2025,Неблагоприятные погодные условия осенью и теплая зима могут негативно сказаться на состоянии озимых культур и будущем урожае.,External conditions,Forward-looking,Risk-highlighting,7,0,3,2025-02-26,2025,False
manual_001530,manual,False,,78f63e52460d75219f4f4f378ca746159d0ee4a7,decision_key_rate,summary,Резюме обсуждения ключевой ставки,26.02.2025,Реализация проинфляционных рисков может потребовать ужесточения денежно-кредитной политики.,Inflation,Forward-looking,Hawkish,0,0,0,2025-02-26,2025,False
manual_001531,manual,False,,78f63e52460d75219f4f4f378ca746159d0ee4a7,decision_key_rate,summary,Резюме обсуждения ключевой ставки,26.02.2025,Основной дезинфляционный риск связан с возможным более быстрым и значительным замедлением роста кредитования.,Credit,Forward-looking,Risk-highlighting,3,0,3,2025-02-26,2025,False
manual_001532,manual,False,,78f63e52460d75219f4f4f378ca746159d0ee4a7,decision_key_rate,summary,Резюме обсуждения ключевой ставки,26.02.2025,"Это может произойти из-за более жестких ценовых и неценовых условий кредитования, включая снижение риск-аппетита банков под влиянием совокупности принятых Банком России решений, а также более значимого снижения спроса на кредит со стороны заемщиков.",Monetary conditions,Forward-looking,Dovish,2,0,1,2025-02-26,2025,False
manual_001533,manual,False,,78f63e52460d75219f4f4f378ca746159d0ee4a7,decision_key_rate,summary,Резюме обсуждения ключевой ставки,26.02.2025,"Чрезмерное замедление роста кредитования приведет к более существенному охлаждению внутреннего спроса, более быстрому снижению инфляции и отклонению ее вниз от цели.",Credit,Forward-looking,Risk-highlighting,3,0,3,2025-02-26,2025,False
manual_001534,manual,False,,78f63e52460d75219f4f4f378ca746159d0ee4a7,decision_key_rate,summary,Резюме обсуждения ключевой ставки,26.02.2025,"При этом отдельные участники отметили, что не считают значимым и вероятным риск отклонения инфляции вниз от цели.",Inflation,Forward-looking,Confidence-building,0,0,4,2025-02-26,2025,False
manual_001535,manual,False,,78f63e52460d75219f4f4f378ca746159d0ee4a7,decision_key_rate,summary,Резюме обсуждения ключевой ставки,26.02.2025,Выводы для денежно-кредитной политики и решение по ключевой ставке.,Other,Other,Other,11,2,5,2025-02-26,2025,False
manual_001536,manual,False,,78f63e52460d75219f4f4f378ca746159d0ee4a7,decision_key_rate,summary,Резюме обсуждения ключевой ставки,26.02.2025,Участники обсуждения рассмотрели обновленные прогнозные расчеты: базовый сценарий и набор вариаций к нему.,Other,Forward-looking,Neutral,11,0,2,2025-02-26,2025,False
manual_001537,manual,False,,78f63e52460d75219f4f4f378ca746159d0ee4a7,decision_key_rate,summary,Резюме обсуждения ключевой ставки,26.02.2025,"Различия в вариациях касались краткосрочных прогнозов по инфляции и экономическому росту, а также разных оценок влияния ужесточения банковского регулирования и макропруденциальной политики на динамику кредита в ближайшие годы.",Financial sector & Macroprudential policy,Forward-looking,Neutral,10,0,2,2025-02-26,2025,False
manual_001538,manual,False,,78f63e52460d75219f4f4f378ca746159d0ee4a7,decision_key_rate,summary,Резюме обсуждения ключевой ставки,26.02.2025,На основе новых данных и обновленных прогнозов участники обсудили два решения:,Interest rate,Forward-looking,Neutral,1,0,2,2025-02-26,2025,False
manual_001539,manual,False,,78f63e52460d75219f4f4f378ca746159d0ee4a7,decision_key_rate,summary,Резюме обсуждения ключевой ставки,26.02.2025,"Сохранить ключевую ставку на уровне 21,00% годовых.",Interest rate,Forward-looking,Neutral,1,0,2,2025-02-26,2025,False
manual_001540,manual,False,,78f63e52460d75219f4f4f378ca746159d0ee4a7,decision_key_rate,summary,Резюме обсуждения ключевой ставки,26.02.2025,"Повысить ключевую ставку на 100 б.п., до 22,00% годовых.",Interest rate,Forward-looking,Hawkish,1,0,0,2025-02-26,2025,False
manual_001541,manual,False,,78f63e52460d75219f4f4f378ca746159d0ee4a7,decision_key_rate,summary,Резюме обсуждения ключевой ставки,26.02.2025,Основные аргументы в пользу повышения ключевой ставки:,Interest rate,Forward-looking,Hawkish,1,0,0,2025-02-26,2025,False
manual_001542,manual,False,,78f63e52460d75219f4f4f378ca746159d0ee4a7,decision_key_rate,summary,Резюме обсуждения ключевой ставки,26.02.2025,"Устойчивое инфляционное давление в IV квартале 2024 года усилилось, а экономический рост оказался выше ожиданий.",Inflation,Backward-looking,Hawkish,0,1,0,2025-02-26,2025,False
manual_001543,manual,False,,78f63e52460d75219f4f4f378ca746159d0ee4a7,decision_key_rate,summary,Резюме обсуждения ключевой ставки,26.02.2025,"Внутренний спрос также вырос сильнее, чем прогнозировалось.",Economic activity,Backward-looking,Hawkish,5,1,0,2025-02-26,2025,False
manual_001544,manual,False,,78f63e52460d75219f4f4f378ca746159d0ee4a7,decision_key_rate,summary,Резюме обсуждения ключевой ставки,26.02.2025,"Это означает, что перегрев экономики не только не уменьшился, но мог и возрасти.",Economic activity,Backward-looking,Hawkish,5,1,0,2025-02-26,2025,False
manual_001545,manual,False,,78f63e52460d75219f4f4f378ca746159d0ee4a7,decision_key_rate,summary,Резюме обсуждения ключевой ставки,26.02.2025,"Чтобы обеспечить большую уверенность в возвращении инфляции к цели в 2026 году, требуется дополнительно ужесточить денежно-кредитную политику.",Interest rate,Forward-looking,Hawkish,1,0,0,2025-02-26,2025,False
manual_001546,manual,False,,78f63e52460d75219f4f4f378ca746159d0ee4a7,decision_key_rate,summary,Резюме обсуждения ключевой ставки,26.02.2025,"Кредитная активность снижается, но ее динамика «зашумлена» рядом факторов: высокими бюджетными расходами, сезонно низким спросом на кредиты в начале года.",Fiscal policy,Backward-looking,Risk-highlighting,8,1,3,2025-02-26,2025,False
manual_001547,manual,False,,78f63e52460d75219f4f4f378ca746159d0ee4a7,decision_key_rate,summary,Резюме обсуждения ключевой ставки,26.02.2025,"Кроме того, влияние автономных факторов на динамику кредитования может быть менее существенным, чем прогнозируется.",Credit,Forward-looking,Risk-highlighting,3,0,3,2025-02-26,2025,False
manual_001548,manual,False,,78f63e52460d75219f4f4f378ca746159d0ee4a7,decision_key_rate,summary,Резюме обсуждения ключевой ставки,26.02.2025,"В результате замедление кредитования может оказаться неустойчивым, и после снижения поступлений бюджетных средств рост кредита может снова ускориться.",Fiscal policy,Forward-looking,Risk-highlighting,8,0,3,2025-02-26,2025,False
manual_001549,manual,False,,78f63e52460d75219f4f4f378ca746159d0ee4a7,decision_key_rate,summary,Резюме обсуждения ключевой ставки,26.02.2025,Это создаст дополнительные инфляционные риски.,Inflation,Forward-looking,Risk-highlighting,0,0,3,2025-02-26,2025,False
manual_001550,manual,False,,78f63e52460d75219f4f4f378ca746159d0ee4a7,decision_key_rate,summary,Резюме обсуждения ключевой ставки,26.02.2025,"Инфляционные ожидания остаются высокими, что снижает реальные процентные ставки и усиливает инерцию в динамике цен.",Expectations,Backward-looking,Hawkish,4,1,0,2025-02-26,2025,False
manual_001551,manual,False,,78f63e52460d75219f4f4f378ca746159d0ee4a7,decision_key_rate,summary,Резюме обсуждения ключевой ставки,26.02.2025,"В результате возникает риск перехода экономики в режим постоянно высокой инфляции, выход из которого возможен только через значительное охлаждение экономической активности.",Inflation,Forward-looking,Risk-highlighting,0,0,3,2025-02-26,2025,False
manual_001552,manual,False,,78f63e52460d75219f4f4f378ca746159d0ee4a7,decision_key_rate,summary,Резюме обсуждения ключевой ставки,26.02.2025,Основные аргументы в пользу сохранения ключевой ставки:,Interest rate,Forward-looking,Dovish,1,0,1,2025-02-26,2025,False
manual_001553,manual,False,,78f63e52460d75219f4f4f378ca746159d0ee4a7,decision_key_rate,summary,Резюме обсуждения ключевой ставки,26.02.2025,"Хотя инфляция остается высокой, формируются условия для ее будущего снижения: кредитная активность охлаждается, рост потребительского спроса несколько замедлился, есть признаки начала нормализации ситуации на рынке труда.",Inflation,Forward-looking,Dovish,0,0,1,2025-02-26,2025,False
manual_001554,manual,False,,78f63e52460d75219f4f4f378ca746159d0ee4a7,decision_key_rate,summary,Резюме обсуждения ключевой ставки,26.02.2025,Достигнутая жесткость денежно-кредитных условий достаточна для дальнейшего замедления кредитования и спроса и возвращения инфляции к цели в 2026 году.,Monetary conditions,Forward-looking,Dovish,2,0,1,2025-02-26,2025,False
manual_001555,manual,False,,78f63e52460d75219f4f4f378ca746159d0ee4a7,decision_key_rate,summary,Резюме обсуждения ключевой ставки,26.02.2025,Автономные факторы продолжат значимо влиять на динамику кредита.,Credit,Forward-looking,Neutral,3,0,2,2025-02-26,2025,False
manual_001556,manual,False,,78f63e52460d75219f4f4f378ca746159d0ee4a7,decision_key_rate,summary,Резюме обсуждения ключевой ставки,26.02.2025,Это усилит замедление кредитования.,Credit,Forward-looking,Dovish,3,0,1,2025-02-26,2025,False
manual_001557,manual,False,,78f63e52460d75219f4f4f378ca746159d0ee4a7,decision_key_rate,summary,Резюме обсуждения ключевой ставки,26.02.2025,При этом одновременное ужесточение денежно-кредитной политики и банковского регулирования может иметь нелинейное влияние на динамику кредита.,Financial sector & Macroprudential policy,Forward-looking,Risk-highlighting,10,0,3,2025-02-26,2025,False
manual_001558,manual,False,,78f63e52460d75219f4f4f378ca746159d0ee4a7,decision_key_rate,summary,Резюме обсуждения ключевой ставки,26.02.2025,"Это означает, что дезинфляционные эффекты от жесткой денежно-кредитной политики могут быть более выраженными при одновременном ужесточении банковского регулирования.",Financial sector & Macroprudential policy,Forward-looking,Dovish,10,0,1,2025-02-26,2025,False
manual_001559,manual,False,,78f63e52460d75219f4f4f378ca746159d0ee4a7,decision_key_rate,summary,Резюме обсуждения ключевой ставки,26.02.2025,"Нужно продолжить паузу, чтобы проанализировать дальнейшее изменение денежно-кредитных условий.",Interest rate,Forward-looking,Dovish,1,0,1,2025-02-26,2025,False
manual_001560,manual,False,,78f63e52460d75219f4f4f378ca746159d0ee4a7,decision_key_rate,summary,Резюме обсуждения ключевой ставки,26.02.2025,С декабрьского заседания ситуация в экономике существенно не изменилась.,Economic activity,Backward-looking,Neutral,5,1,2,2025-02-26,2025,False
manual_001561,manual,False,,78f63e52460d75219f4f4f378ca746159d0ee4a7,decision_key_rate,summary,Резюме обсуждения ключевой ставки,26.02.2025,Рост сберегательной и охлаждение кредитной активности сопровождались усилением проинфляционных тенденций в экономике.,Credit,Backward-looking,Hawkish,3,1,0,2025-02-26,2025,False
manual_001562,manual,False,,78f63e52460d75219f4f4f378ca746159d0ee4a7,decision_key_rate,summary,Резюме обсуждения ключевой ставки,26.02.2025,В этих условиях решение о сохранении ключевой ставки на прежнем уровне является последовательным и соответствующим логике предыдущего заседания.,Interest rate,Backward-looking,Neutral,1,1,2,2025-02-26,2025,False
manual_001563,manual,False,,78f63e52460d75219f4f4f378ca746159d0ee4a7,decision_key_rate,summary,Резюме обсуждения ключевой ставки,26.02.2025,"Взвешивая все за и против, участники согласились, что повышение ключевой ставки по-прежнему имеет более серьезные риски, чем ее сохранение (подробнее см. аргументацию в Резюме обсуждения ключевой ставки в декабре 2024 года).",Interest rate,Forward-looking,Risk-highlighting,1,0,3,2025-02-26,2025,False
manual_001564,manual,False,,78f63e52460d75219f4f4f378ca746159d0ee4a7,decision_key_rate,summary,Резюме обсуждения ключевой ставки,26.02.2025,Поэтому пауза в феврале является наиболее взвешенным решением.,Interest rate,Backward-looking,Neutral,1,1,2,2025-02-26,2025,False
manual_001565,manual,False,,78f63e52460d75219f4f4f378ca746159d0ee4a7,decision_key_rate,summary,Резюме обсуждения ключевой ставки,26.02.2025,"Сохранение ключевой ставки позволит дополнительно оценить подстройку денежно-кредитных условий (включая тенденции в кредитовании) и их влияние на инфляцию, минимизируя риск избыточного охлаждения экономической активности и отклонения инфляции вниз от цели в будущем.",Interest rate,Forward-looking,Dovish,1,0,1,2025-02-26,2025,False
manual_001566,manual,False,,78f63e52460d75219f4f4f378ca746159d0ee4a7,decision_key_rate,summary,Резюме обсуждения ключевой ставки,26.02.2025,"Участники обсудили, каким сигналом следует дополнить решение по ключевой ставке.",Interest rate,Forward-looking,Neutral,1,0,2,2025-02-26,2025,False
manual_001567,manual,False,,78f63e52460d75219f4f4f378ca746159d0ee4a7,decision_key_rate,summary,Резюме обсуждения ключевой ставки,26.02.2025,Некоторые участники предлагали нейтральный сигнал с указанием на более продолжительный период поддержания жестких денежно-кредитных условий.,Interest rate,Forward-looking,Neutral,1,0,2,2025-02-26,2025,False
manual_001568,manual,False,,78f63e52460d75219f4f4f378ca746159d0ee4a7,decision_key_rate,summary,Резюме обсуждения ключевой ставки,26.02.2025,"Они отмечали, что точка перелома проинфляционных тенденций может быть близка, но сохраняются как проинфляционные, так и дезинфляционные риски.",Inflation,Forward-looking,Risk-highlighting,0,0,3,2025-02-26,2025,False
manual_001569,manual,False,,78f63e52460d75219f4f4f378ca746159d0ee4a7,decision_key_rate,summary,Резюме обсуждения ключевой ставки,26.02.2025,Нейтральный сигнал даст Банку России необходимую гибкость при принятии дальнейших решений.,Interest rate,Forward-looking,Neutral,1,0,2,2025-02-26,2025,False
manual_001570,manual,False,,78f63e52460d75219f4f4f378ca746159d0ee4a7,decision_key_rate,summary,Резюме обсуждения ключевой ставки,26.02.2025,"Однако большинство участников решили, что риски для инфляции смещены в сторону проинфляционных.",Inflation,Forward-looking,Risk-highlighting,0,0,3,2025-02-26,2025,False
manual_001571,manual,False,,78f63e52460d75219f4f4f378ca746159d0ee4a7,decision_key_rate,summary,Резюме обсуждения ключевой ставки,26.02.2025,Динамика инфляции и инфляционных ожиданий вызывает беспокойство.,Inflation,Backward-looking,Hawkish,0,1,0,2025-02-26,2025,False
manual_001572,manual,False,,78f63e52460d75219f4f4f378ca746159d0ee4a7,decision_key_rate,summary,Резюме обсуждения ключевой ставки,26.02.2025,"Поэтому необходимо сохранить указание на то, что Банк России будет оценивать целесообразность повышения ключевой ставки на ближайшем заседании.",Interest rate,Forward-looking,Hawkish,1,0,0,2025-02-26,2025,False
manual_001573,manual,False,,78f63e52460d75219f4f4f378ca746159d0ee4a7,decision_key_rate,summary,Резюме обсуждения ключевой ставки,26.02.2025,"По итогам дискуссии Совет директоров Банка России 14 февраля 2025 года сохранил ключевую ставку на уровне 21,00% годовых и дал сигнал об оценке целесообразности повышения ключевой ставки на ближайшем заседании с учетом скорости и устойчивости снижения инфляции.",Interest rate,Forward-looking,Hawkish,1,0,0,2025-02-26,2025,False
manual_001574,manual,False,,78f63e52460d75219f4f4f378ca746159d0ee4a7,decision_key_rate,summary,Резюме обсуждения ключевой ставки,26.02.2025,"Учитывая сохранение перегрева в экономике и более высокие темпы роста цен в конце 2024 года, а также инерцию высокой инфляции, для возвращения инфляции к цели потребуется более продолжительный период поддержания жестких денежно-кредитных условий, чем оценивалось в октябре.",Inflation,Forward-looking,Hawkish,0,0,0,2025-02-26,2025,False
manual_001575,manual,False,,78f63e52460d75219f4f4f378ca746159d0ee4a7,decision_key_rate,summary,Резюме обсуждения ключевой ставки,26.02.2025,Траектория ключевой ставки повышена на 2025 — 2026 годы.,Interest rate,Forward-looking,Hawkish,1,0,0,2025-02-26,2025,False
manual_001576,manual,False,,78f63e52460d75219f4f4f378ca746159d0ee4a7,decision_key_rate,summary,Резюме обсуждения ключевой ставки,26.02.2025,"В 2025 году средняя ключевая ставка ожидается в диапазоне 19,0 — 22,0% годовых, в 2026 году — 13,0 — 14,0% годовых.",Interest rate,Forward-looking,Neutral,1,0,2,2025-02-26,2025,False
manual_001577,manual,False,,78f63e52460d75219f4f4f378ca746159d0ee4a7,decision_key_rate,summary,Резюме обсуждения ключевой ставки,26.02.2025,"В 2027 году средняя ключевая ставка будет находиться в нейтральном диапазоне — 7,5 — 8,5% годовых.",Interest rate,Forward-looking,Dovish,1,0,1,2025-02-26,2025,False
manual_001578,manual,False,,78f63e52460d75219f4f4f378ca746159d0ee4a7,decision_key_rate,summary,Резюме обсуждения ключевой ставки,26.02.2025,"Совет директоров Банка России ожидает, что в базовом сценарии перегрев в экономике будет постепенно снижаться под влиянием денежно-кредитной политики.",Economic activity,Forward-looking,Dovish,5,0,1,2025-02-26,2025,False
manual_001579,manual,False,,78f63e52460d75219f4f4f378ca746159d0ee4a7,decision_key_rate,summary,Резюме обсуждения ключевой ставки,26.02.2025,"Поскольку замедление роста экономики будет происходить с более высокого уровня, прогноз его темпов повышен на 0,5 п.п., до 1,0 — 2,0% в 2025 году.",Economic activity,Forward-looking,Neutral,5,0,2,2025-02-26,2025,False
manual_001580,manual,False,,78f63e52460d75219f4f4f378ca746159d0ee4a7,decision_key_rate,summary,Резюме обсуждения ключевой ставки,26.02.2025,"Прогноз на 2026 год понижен на 0,5 п.п., до 0,5 — 1,5%, учитывая более продолжительный период поддержания жестких денежно-кредитных условий.",Economic activity,Forward-looking,Dovish,5,0,1,2025-02-26,2025,False
manual_001581,manual,False,,78f63e52460d75219f4f4f378ca746159d0ee4a7,decision_key_rate,summary,Резюме обсуждения ключевой ставки,26.02.2025,"В 2027 году экономика вернется к сбалансированным темпам роста, которые по-прежнему оцениваются в 1,5 — 2,5%.",Economic activity,Forward-looking,Confidence-building,5,0,4,2025-02-26,2025,False
manual_001582,manual,False,,78f63e52460d75219f4f4f378ca746159d0ee4a7,decision_key_rate,summary,Резюме обсуждения ключевой ставки,26.02.2025,Инфляция будет постепенно снижаться в 2025 — 2026 годах.,Inflation,Forward-looking,Dovish,0,0,1,2025-02-26,2025,False
manual_001583,manual,False,,78f63e52460d75219f4f4f378ca746159d0ee4a7,decision_key_rate,summary,Резюме обсуждения ключевой ставки,26.02.2025,"Прогноз по инфляции в 2025 году повышен на 2,5 — 3,0 п.п., до 7,0 — 8,0%, из-за более высокой фактической инфляции в конце 2024 — начале 2025 года, чем прогнозировалось в октябре 2024 года.",Inflation,Forward-looking,Hawkish,0,0,0,2025-02-26,2025,False
manual_001584,manual,False,,78f63e52460d75219f4f4f378ca746159d0ee4a7,decision_key_rate,summary,Резюме обсуждения ключевой ставки,26.02.2025,"С учетом проводимой денежно-кредитной политики годовая инфляция снизится до 4,0% в 2026 году и останется на цели в дальнейшем.",Inflation,Forward-looking,Dovish,0,0,1,2025-02-26,2025,False
manual_001585,manual,False,,78f63e52460d75219f4f4f378ca746159d0ee4a7,decision_key_rate,summary,Резюме обсуждения ключевой ставки,26.02.2025,Подробнее о прогнозе можно прочитать в Комментарии к среднесрочному прогнозу Банка России.,Other,Other,Other,11,2,5,2025-02-26,2025,False
manual_001586,manual,False,,78f63e52460d75219f4f4f378ca746159d0ee4a7,decision_key_rate,summary,Резюме обсуждения ключевой ставки,26.02.2025,Дополнительные материалы,Other,Other,Other,11,2,5,2025-02-26,2025,True
manual_001587,manual,False,,f1360a2ce911197128693e30e673db88fb496dad,decision_key_rate,statement,Заявление Председателя Банка России Эльвиры Набиуллиной по итогам заседания Совета директоров Банка России 14 февраля 2025 года,14.02.2025,Заявление Председателя Банка России Эльвиры Набиуллиной по итогам заседания Совета директоров Банка России 14 февраля 2025 года.,Other,Other,Other,11,2,5,2025-02-14,2025,True
manual_001588,manual,False,,f1360a2ce911197128693e30e673db88fb496dad,decision_key_rate,statement,Заявление Председателя Банка России Эльвиры Набиуллиной по итогам заседания Совета директоров Банка России 14 февраля 2025 года,14.02.2025,Добрый день!,Other,Other,Other,11,2,5,2025-02-14,2025,True
manual_001589,manual,False,,f1360a2ce911197128693e30e673db88fb496dad,decision_key_rate,statement,Заявление Председателя Банка России Эльвиры Набиуллиной по итогам заседания Совета директоров Банка России 14 февраля 2025 года,14.02.2025,Сегодня мы приняли решение сохранить ключевую ставку на уровне 21% годовых.,Interest rate,Backward-looking,Hawkish,1,1,0,2025-02-14,2025,False
manual_001590,manual,False,,f1360a2ce911197128693e30e673db88fb496dad,decision_key_rate,statement,Заявление Председателя Банка России Эльвиры Набиуллиной по итогам заседания Совета директоров Банка России 14 февраля 2025 года,14.02.2025,Инфляция в конце года заметно ускорилась.,Inflation,Backward-looking,Hawkish,0,1,0,2025-02-14,2025,False
manual_001591,manual,False,,f1360a2ce911197128693e30e673db88fb496dad,decision_key_rate,statement,Заявление Председателя Банка России Эльвиры Набиуллиной по итогам заседания Совета директоров Банка России 14 февраля 2025 года,14.02.2025,"По нашим оценкам, это было отражением существенного перегрева спроса, который мог даже усилиться во втором полугодии прошлого года.",Economic activity,Backward-looking,Hawkish,5,1,0,2025-02-14,2025,False
manual_001592,manual,False,,f1360a2ce911197128693e30e673db88fb496dad,decision_key_rate,statement,Заявление Председателя Банка России Эльвиры Набиуллиной по итогам заседания Совета директоров Банка России 14 февраля 2025 года,14.02.2025,"В то же время набирают силу факторы, которые будут способствовать замедлению инфляции.",Inflation,Forward-looking,Dovish,0,0,1,2025-02-14,2025,False
manual_001593,manual,False,,f1360a2ce911197128693e30e673db88fb496dad,decision_key_rate,statement,Заявление Председателя Банка России Эльвиры Набиуллиной по итогам заседания Совета директоров Банка России 14 февраля 2025 года,14.02.2025,Прежде всего продолжается охлаждение кредитования при росте сберегательной активности населения.,Credit,Backward-looking,Dovish,3,1,1,2025-02-14,2025,False
manual_001594,manual,False,,f1360a2ce911197128693e30e673db88fb496dad,decision_key_rate,statement,Заявление Председателя Банка России Эльвиры Набиуллиной по итогам заседания Совета директоров Банка России 14 февраля 2025 года,14.02.2025,"Это дает нам более веские основания считать, что уже набранной жесткости денежно-кредитных условий может быть достаточно, чтобы инфляция в ближайшие месяцы начала замедляться.",Monetary conditions,Forward-looking,Dovish,2,0,1,2025-02-14,2025,False
manual_001595,manual,False,,f1360a2ce911197128693e30e673db88fb496dad,decision_key_rate,statement,Заявление Председателя Банка России Эльвиры Набиуллиной по итогам заседания Совета директоров Банка России 14 февраля 2025 года,14.02.2025,Поэтому мы сохраняем паузу в повышении ключевой ставки.,Interest rate,Backward-looking,Dovish,1,1,1,2025-02-14,2025,False
manual_001596,manual,False,,f1360a2ce911197128693e30e673db88fb496dad,decision_key_rate,statement,Заявление Председателя Банка России Эльвиры Набиуллиной по итогам заседания Совета директоров Банка России 14 февраля 2025 года,14.02.2025,"Если набранной жесткости окажется недостаточно, мы будем готовы вернуться к вопросу о повышении ставки на ближайшем заседании.",Interest rate,Forward-looking,Hawkish,1,0,0,2025-02-14,2025,False
manual_001597,manual,False,,f1360a2ce911197128693e30e673db88fb496dad,decision_key_rate,statement,Заявление Председателя Банка России Эльвиры Набиуллиной по итогам заседания Совета директоров Банка России 14 февраля 2025 года,14.02.2025,Перейду к аргументам сегодняшнего решения.,Other,Other,Other,11,2,5,2025-02-14,2025,False
manual_001598,manual,False,,f1360a2ce911197128693e30e673db88fb496dad,decision_key_rate,statement,Заявление Председателя Банка России Эльвиры Набиуллиной по итогам заседания Совета директоров Банка России 14 февраля 2025 года,14.02.2025,Сначала — об инфляции.,Other,Other,Other,11,2,5,2025-02-14,2025,True
manual_001599,manual,False,,f1360a2ce911197128693e30e673db88fb496dad,decision_key_rate,statement,Заявление Председателя Банка России Эльвиры Набиуллиной по итогам заседания Совета директоров Банка России 14 февраля 2025 года,14.02.2025,Ценовое давление остается значительным.,Inflation,Backward-looking,Hawkish,0,1,0,2025-02-14,2025,False
manual_001600,manual,False,,f1360a2ce911197128693e30e673db88fb496dad,decision_key_rate,statement,Заявление Председателя Банка России Эльвиры Набиуллиной по итогам заседания Совета директоров Банка России 14 февраля 2025 года,14.02.2025,"Показатели устойчивой инфляции к концу года превысили 10%, что мы, безусловно, оцениваем как неприемлемо высокий уровень.",Inflation,Backward-looking,Hawkish,0,1,0,2025-02-14,2025,False
manual_001601,manual,False,,f1360a2ce911197128693e30e673db88fb496dad,decision_key_rate,statement,Заявление Председателя Банка России Эльвиры Набиуллиной по итогам заседания Совета директоров Банка России 14 февраля 2025 года,14.02.2025,"Помимо устойчивых факторов, на ценовую динамику декабря также повлияло произошедшее ранее ослабление рубля.",Exchange rate,Backward-looking,Hawkish,9,1,0,2025-02-14,2025,False
manual_001602,manual,False,,f1360a2ce911197128693e30e673db88fb496dad,decision_key_rate,statement,Заявление Председателя Банка России Эльвиры Набиуллиной по итогам заседания Совета директоров Банка России 14 февраля 2025 года,14.02.2025,"В частности, ускорился рост цен на сильно зависящие от валютного курса товары, прежде всего на электронику и бытовую технику.",Exchange rate,Backward-looking,Hawkish,9,1,0,2025-02-14,2025,False
manual_001603,manual,False,,f1360a2ce911197128693e30e673db88fb496dad,decision_key_rate,statement,Заявление Председателя Банка России Эльвиры Набиуллиной по итогам заседания Совета директоров Банка России 14 февраля 2025 года,14.02.2025,Устойчивая часть инфляции во многом подпитывалась инфляционными ожиданиями.,Expectations,Backward-looking,Hawkish,4,1,0,2025-02-14,2025,False
manual_001604,manual,False,,f1360a2ce911197128693e30e673db88fb496dad,decision_key_rate,statement,Заявление Председателя Банка России Эльвиры Набиуллиной по итогам заседания Совета директоров Банка России 14 февраля 2025 года,14.02.2025,Они остаются на очень высоких уровнях для всех групп экономических агентов.,Expectations,Backward-looking,Hawkish,4,1,0,2025-02-14,2025,False
manual_001605,manual,False,,f1360a2ce911197128693e30e673db88fb496dad,decision_key_rate,statement,Заявление Председателя Банка России Эльвиры Набиуллиной по итогам заседания Совета директоров Банка России 14 февраля 2025 года,14.02.2025,"При этом профессиональные аналитики, принимающие участие в нашем макроопросе, повысили свои ожидания по инфляции на 2025 год.",Expectations,Forward-looking,Hawkish,4,0,0,2025-02-14,2025,False
manual_001606,manual,False,,f1360a2ce911197128693e30e673db88fb496dad,decision_key_rate,statement,Заявление Председателя Банка России Эльвиры Набиуллиной по итогам заседания Совета директоров Банка России 14 февраля 2025 года,14.02.2025,Некоторого оптимизма добавляют свежие данные о ценовых ожиданиях бизнеса — в феврале они значительно снизились впервые с первого квартала прошлого года.,Expectations,Backward-looking,Dovish,4,1,1,2025-02-14,2025,False
manual_001607,manual,False,,f1360a2ce911197128693e30e673db88fb496dad,decision_key_rate,statement,Заявление Председателя Банка России Эльвиры Набиуллиной по итогам заседания Совета директоров Банка России 14 февраля 2025 года,14.02.2025,Оперативные данные об инфляции в январе и феврале указывают на небольшое замедление текущих темпов роста цен по сравнению с концом года.,Inflation,Backward-looking,Dovish,0,1,1,2025-02-14,2025,False
manual_001608,manual,False,,f1360a2ce911197128693e30e673db88fb496dad,decision_key_rate,statement,Заявление Председателя Банка России Эльвиры Набиуллиной по итогам заседания Совета директоров Банка России 14 февраля 2025 года,14.02.2025,Но о переломе тренда речь пока не идет.,Inflation,Backward-looking,Hawkish,0,1,0,2025-02-14,2025,False
manual_001609,manual,False,,f1360a2ce911197128693e30e673db88fb496dad,decision_key_rate,statement,Заявление Председателя Банка России Эльвиры Набиуллиной по итогам заседания Совета директоров Банка России 14 февраля 2025 года,14.02.2025,"Говоря о пересмотре прогноза инфляции на 2025 год, отмечу, что мы вошли в этот год с очень высокой точки, то есть с очень высокими темпами роста цен.",Inflation,Backward-looking,Hawkish,0,1,0,2025-02-14,2025,False
manual_001610,manual,False,,f1360a2ce911197128693e30e673db88fb496dad,decision_key_rate,statement,Заявление Председателя Банка России Эльвиры Набиуллиной по итогам заседания Совета директоров Банка России 14 февраля 2025 года,14.02.2025,"Годовая инфляция будет иметь длинный тормозной путь из-за сильной инерции, и в целом за этот год цены вырастут на 7–8%.",Inflation,Forward-looking,Hawkish,0,0,0,2025-02-14,2025,False
manual_001611,manual,False,,f1360a2ce911197128693e30e673db88fb496dad,decision_key_rate,statement,Заявление Председателя Банка России Эльвиры Набиуллиной по итогам заседания Совета директоров Банка России 14 февраля 2025 года,14.02.2025,"Вместе с тем с каждым кварталом цены должны расти медленнее, и к концу года месячные темпы роста цен будут соответствовать 4% в пересчете на год.",Inflation,Forward-looking,Dovish,0,0,1,2025-02-14,2025,False
manual_001612,manual,False,,f1360a2ce911197128693e30e673db88fb496dad,decision_key_rate,statement,Заявление Председателя Банка России Эльвиры Набиуллиной по итогам заседания Совета директоров Банка России 14 февраля 2025 года,14.02.2025,"Наш прогноз по инфляции основан на базовом сценарии, который предполагает плавное возвращение экономики на траекторию сбалансированного роста.",Economic activity,Forward-looking,Confidence-building,5,0,4,2025-02-14,2025,False
manual_001613,manual,False,,f1360a2ce911197128693e30e673db88fb496dad,decision_key_rate,statement,Заявление Председателя Банка России Эльвиры Набиуллиной по итогам заседания Совета директоров Банка России 14 февраля 2025 года,14.02.2025,Теперь — подробнее об экономике.,Other,Other,Other,11,2,5,2025-02-14,2025,False
manual_001614,manual,False,,f1360a2ce911197128693e30e673db88fb496dad,decision_key_rate,statement,Заявление Председателя Банка России Эльвиры Набиуллиной по итогам заседания Совета директоров Банка России 14 февраля 2025 года,14.02.2025,"Оперативные данные за четвертый квартал указывают на то, что рост ВВП ускорился.",Economic activity,Backward-looking,Hawkish,5,1,0,2025-02-14,2025,False
manual_001615,manual,False,,f1360a2ce911197128693e30e673db88fb496dad,decision_key_rate,statement,Заявление Председателя Банка России Эльвиры Набиуллиной по итогам заседания Совета директоров Банка России 14 февраля 2025 года,14.02.2025,"По нашей оценке, масштаб отклонения экономики вверх от траектории сбалансированного роста не уменьшился.",Economic activity,Backward-looking,Hawkish,5,1,0,2025-02-14,2025,False
manual_001616,manual,False,,f1360a2ce911197128693e30e673db88fb496dad,decision_key_rate,statement,Заявление Председателя Банка России Эльвиры Набиуллиной по итогам заседания Совета директоров Банка России 14 февраля 2025 года,14.02.2025,Важным индикатором перегрева наряду с инфляцией является рынок труда.,Labor market,Backward-looking,Hawkish,6,1,0,2025-02-14,2025,False
manual_001617,manual,False,,f1360a2ce911197128693e30e673db88fb496dad,decision_key_rate,statement,Заявление Председателя Банка России Эльвиры Набиуллиной по итогам заседания Совета директоров Банка России 14 февраля 2025 года,14.02.2025,"Хотя ситуация с дефицитом кадров по-прежнему напряженная, продолжают поступать сигналы о начале ее нормализации.",Labor market,Backward-looking,Dovish,6,1,1,2025-02-14,2025,False
manual_001618,manual,False,,f1360a2ce911197128693e30e673db88fb496dad,decision_key_rate,statement,Заявление Председателя Банка России Эльвиры Набиуллиной по итогам заседания Совета директоров Банка России 14 февраля 2025 года,14.02.2025,"Наши территориальные учреждения сообщают о росте числа компаний, которые снижают спрос на рабочую силу.",Labor market,Backward-looking,Dovish,6,1,1,2025-02-14,2025,False
manual_001619,manual,False,,f1360a2ce911197128693e30e673db88fb496dad,decision_key_rate,statement,Заявление Председателя Банка России Эльвиры Набиуллиной по итогам заседания Совета директоров Банка России 14 февраля 2025 года,14.02.2025,"Увеличивается переток сотрудников из одних отраслей в другие, где по-прежнему есть значительный дефицит трудовых ресурсов.",Labor market,Backward-looking,Hawkish,6,1,0,2025-02-14,2025,False
manual_001620,manual,False,,f1360a2ce911197128693e30e673db88fb496dad,decision_key_rate,statement,Заявление Председателя Банка России Эльвиры Набиуллиной по итогам заседания Совета директоров Банка России 14 февраля 2025 года,14.02.2025,"В целом предприятия сокращают планы по найму и уже не намерены повышать зарплаты теми же темпами, что и в прошлом году.",Labor market,Forward-looking,Dovish,6,0,1,2025-02-14,2025,False
manual_001621,manual,False,,f1360a2ce911197128693e30e673db88fb496dad,decision_key_rate,statement,Заявление Председателя Банка России Эльвиры Набиуллиной по итогам заседания Совета директоров Банка России 14 февраля 2025 года,14.02.2025,Вместе с мерами бизнеса по повышению эффективности это будет способствовать приведению динамики зарплат в большее соответствие с ростом производительности труда.,Labor market,Forward-looking,Dovish,6,0,1,2025-02-14,2025,False
manual_001622,manual,False,,f1360a2ce911197128693e30e673db88fb496dad,decision_key_rate,statement,Заявление Председателя Банка России Эльвиры Набиуллиной по итогам заседания Совета директоров Банка России 14 февраля 2025 года,14.02.2025,"В обновленном прогнозе учтено, что в текущий год мы вошли с более высокой динамикой внутреннего спроса, чем ожидали.",Economic activity,Backward-looking,Hawkish,5,1,0,2025-02-14,2025,False
manual_001623,manual,False,,f1360a2ce911197128693e30e673db88fb496dad,decision_key_rate,statement,Заявление Председателя Банка России Эльвиры Набиуллиной по итогам заседания Совета директоров Банка России 14 февраля 2025 года,14.02.2025,"Соответственно, рост ВВП в этом году будет несколько выше и составит 1,0–2,0%.",Economic activity,Forward-looking,Hawkish,5,0,0,2025-02-14,2025,False
manual_001624,manual,False,,f1360a2ce911197128693e30e673db88fb496dad,decision_key_rate,statement,Заявление Председателя Банка России Эльвиры Набиуллиной по итогам заседания Совета директоров Банка России 14 февраля 2025 года,14.02.2025,Одновременно мы симметрично немного понизили прогноз роста ВВП на следующий год.,Economic activity,Forward-looking,Dovish,5,0,1,2025-02-14,2025,False
manual_001625,manual,False,,f1360a2ce911197128693e30e673db88fb496dad,decision_key_rate,statement,Заявление Председателя Банка России Эльвиры Набиуллиной по итогам заседания Совета директоров Банка России 14 февраля 2025 года,14.02.2025,В целом наше видение среднесрочной траектории экономики остается неизменным.,Economic activity,Forward-looking,Neutral,5,0,2,2025-02-14,2025,False
manual_001626,manual,False,,f1360a2ce911197128693e30e673db88fb496dad,decision_key_rate,statement,Заявление Председателя Банка России Эльвиры Набиуллиной по итогам заседания Совета директоров Банка России 14 февраля 2025 года,14.02.2025,"Мы ожидаем, что по мере накопления эффектов от ужесточения денежно-кредитных условий и нормализации бюджетной политики перегрев будет постепенно уменьшаться.",Monetary conditions,Forward-looking,Dovish,2,0,1,2025-02-14,2025,False
manual_001627,manual,False,,f1360a2ce911197128693e30e673db88fb496dad,decision_key_rate,statement,Заявление Председателя Банка России Эльвиры Набиуллиной по итогам заседания Совета директоров Банка России 14 февраля 2025 года,14.02.2025,"Суммарно рост экономики в ближайшие три года будет таким же, как мы прогнозировали в октябре.",Economic activity,Forward-looking,Neutral,5,0,2,2025-02-14,2025,False
manual_001628,manual,False,,f1360a2ce911197128693e30e673db88fb496dad,decision_key_rate,statement,Заявление Председателя Банка России Эльвиры Набиуллиной по итогам заседания Совета директоров Банка России 14 февраля 2025 года,14.02.2025,Перейду к денежно-кредитным условиям.,Other,Other,Other,11,2,5,2025-02-14,2025,False
manual_001629,manual,False,,f1360a2ce911197128693e30e673db88fb496dad,decision_key_rate,statement,Заявление Председателя Банка России Эльвиры Набиуллиной по итогам заседания Совета директоров Банка России 14 февраля 2025 года,14.02.2025,"С декабрьского заседания несколько снизились ставки финансового рынка, но неценовые условия банковского кредитования, напротив, ужесточились.",Monetary conditions,Backward-looking,Neutral,2,1,2,2025-02-14,2025,False
manual_001630,manual,False,,f1360a2ce911197128693e30e673db88fb496dad,decision_key_rate,statement,Заявление Председателя Банка России Эльвиры Набиуллиной по итогам заседания Совета директоров Банка России 14 февраля 2025 года,14.02.2025,В целом динамика кредитов и депозитов говорит о нарастании жесткости условий.,Monetary conditions,Backward-looking,Dovish,2,1,1,2025-02-14,2025,False
manual_001631,manual,False,,f1360a2ce911197128693e30e673db88fb496dad,decision_key_rate,statement,Заявление Председателя Банка России Эльвиры Набиуллиной по итогам заседания Совета директоров Банка России 14 февраля 2025 года,14.02.2025,Охлаждение кредитования охватывает уже все сегменты рынка.,Credit,Backward-looking,Dovish,3,1,1,2025-02-14,2025,False
manual_001632,manual,False,,f1360a2ce911197128693e30e673db88fb496dad,decision_key_rate,statement,Заявление Председателя Банка России Эльвиры Набиуллиной по итогам заседания Совета директоров Банка России 14 февраля 2025 года,14.02.2025,При этом сберегательная активность граждан выросла.,Monetary conditions,Backward-looking,Dovish,2,1,1,2025-02-14,2025,False
manual_001633,manual,False,,f1360a2ce911197128693e30e673db88fb496dad,decision_key_rate,statement,Заявление Председателя Банка России Эльвиры Набиуллиной по итогам заседания Совета директоров Банка России 14 февраля 2025 года,14.02.2025,Произошедшее снижение рыночных ставок связано с двумя факторами.,Monetary conditions,Backward-looking,Neutral,2,1,2,2025-02-14,2025,False
manual_001634,manual,False,,f1360a2ce911197128693e30e673db88fb496dad,decision_key_rate,statement,Заявление Председателя Банка России Эльвиры Набиуллиной по итогам заседания Совета директоров Банка России 14 февраля 2025 года,14.02.2025,"Во-первых, участники рынка пересмотрели вниз ожидания по траектории ключевой ставки.",Interest rate,Forward-looking,Dovish,1,0,1,2025-02-14,2025,False
manual_001635,manual,False,,f1360a2ce911197128693e30e673db88fb496dad,decision_key_rate,statement,Заявление Председателя Банка России Эльвиры Набиуллиной по итогам заседания Совета директоров Банка России 14 февраля 2025 года,14.02.2025,В результате кривые денежного и долгового рынков с конца декабря заметно сдвинулись вниз.,Monetary conditions,Backward-looking,Neutral,2,1,2,2025-02-14,2025,False
manual_001636,manual,False,,f1360a2ce911197128693e30e673db88fb496dad,decision_key_rate,statement,Заявление Председателя Банка России Эльвиры Набиуллиной по итогам заседания Совета директоров Банка России 14 февраля 2025 года,14.02.2025,"Во-вторых, мы уточнили отдельные регуляторные решения в отношении банков.",Financial sector & Macroprudential policy,Backward-looking,Neutral,10,1,2,2025-02-14,2025,False
manual_001637,manual,False,,f1360a2ce911197128693e30e673db88fb496dad,decision_key_rate,statement,Заявление Председателя Банка России Эльвиры Набиуллиной по итогам заседания Совета директоров Банка России 14 февраля 2025 года,14.02.2025,"В результате то чрезмерное ужесточение денежно-кредитных условий, которое было связано с регулированием, частично ушло.",Financial sector & Macroprudential policy,Backward-looking,Neutral,10,1,2,2025-02-14,2025,False
manual_001638,manual,False,,f1360a2ce911197128693e30e673db88fb496dad,decision_key_rate,statement,Заявление Председателя Банка России Эльвиры Набиуллиной по итогам заседания Совета директоров Банка России 14 февраля 2025 года,14.02.2025,Вместе с тем уровень процентных ставок по-прежнему достаточно высокий.,Monetary conditions,Backward-looking,Dovish,2,1,1,2025-02-14,2025,False
manual_001639,manual,False,,f1360a2ce911197128693e30e673db88fb496dad,decision_key_rate,statement,Заявление Председателя Банка России Эльвиры Набиуллиной по итогам заседания Совета директоров Банка России 14 февраля 2025 года,14.02.2025,Под влиянием жестких денежно-кредитных условий кредитование с декабря замедляется.,Monetary conditions,Backward-looking,Dovish,2,1,1,2025-02-14,2025,False
manual_001640,manual,False,,f1360a2ce911197128693e30e673db88fb496dad,decision_key_rate,statement,Заявление Председателя Банка России Эльвиры Набиуллиной по итогам заседания Совета директоров Банка России 14 февраля 2025 года,14.02.2025,"В последние два месяца сократился как корпоративный, так и розничный портфель банков.",Credit,Backward-looking,Dovish,3,1,1,2025-02-14,2025,False
manual_001641,manual,False,,f1360a2ce911197128693e30e673db88fb496dad,decision_key_rate,statement,Заявление Председателя Банка России Эльвиры Набиуллиной по итогам заседания Совета директоров Банка России 14 февраля 2025 года,14.02.2025,"Замедление кредитной активности — один из первых этапов в трансмиссии наших решений в экономику, тогда как инфляция — ее конечное звено.",Credit,Backward-looking,Dovish,3,1,1,2025-02-14,2025,False
manual_001642,manual,False,,f1360a2ce911197128693e30e673db88fb496dad,decision_key_rate,statement,Заявление Председателя Банка России Эльвиры Набиуллиной по итогам заседания Совета директоров Банка России 14 февраля 2025 года,14.02.2025,"Для того чтобы охлаждение кредитования в полной мере транслировалось в динамику цен, потребуется некоторое время.",Credit,Forward-looking,Dovish,3,0,1,2025-02-14,2025,False
manual_001643,manual,False,,f1360a2ce911197128693e30e673db88fb496dad,decision_key_rate,statement,Заявление Председателя Банка России Эльвиры Набиуллиной по итогам заседания Совета директоров Банка России 14 февраля 2025 года,14.02.2025,"Здесь важно учитывать, что замедление корпоративного кредитования связано не только с влиянием нашей политики — значительное влияние оказывают также бюджетные расходы.",Fiscal policy,Backward-looking,Neutral,8,1,2,2025-02-14,2025,False
manual_001644,manual,False,,f1360a2ce911197128693e30e673db88fb496dad,decision_key_rate,statement,Заявление Председателя Банка России Эльвиры Набиуллиной по итогам заседания Совета директоров Банка России 14 февраля 2025 года,14.02.2025,Традиционно пик бюджетных выплат приходится на декабрь.,Fiscal policy,Backward-looking,Neutral,8,1,2,2025-02-14,2025,False
manual_001645,manual,False,,f1360a2ce911197128693e30e673db88fb496dad,decision_key_rate,statement,Заявление Председателя Банка России Эльвиры Набиуллиной по итогам заседания Совета директоров Банка России 14 февраля 2025 года,14.02.2025,"В этом году высокие расходы наблюдались и в январе, что выше сезонной нормы.",Fiscal policy,Backward-looking,Hawkish,8,1,0,2025-02-14,2025,False
manual_001646,manual,False,,f1360a2ce911197128693e30e673db88fb496dad,decision_key_rate,statement,Заявление Председателя Банка России Эльвиры Набиуллиной по итогам заседания Совета директоров Банка России 14 февраля 2025 года,14.02.2025,Это связано с более ранним авансированием госконтрактов.,Fiscal policy,Backward-looking,Neutral,8,1,2,2025-02-14,2025,False
manual_001647,manual,False,,f1360a2ce911197128693e30e673db88fb496dad,decision_key_rate,statement,Заявление Председателя Банка России Эльвиры Набиуллиной по итогам заседания Совета директоров Банка России 14 февраля 2025 года,14.02.2025,"Получив бюджетные средства, компании активно гасили долги перед банками.",Fiscal policy,Backward-looking,Neutral,8,1,2,2025-02-14,2025,False
manual_001648,manual,False,,f1360a2ce911197128693e30e673db88fb496dad,decision_key_rate,statement,Заявление Председателя Банка России Эльвиры Набиуллиной по итогам заседания Совета директоров Банка России 14 февраля 2025 года,14.02.2025,"Поэтому данные об охлаждении кредитования, что называется, зашумлены.",Credit,Backward-looking,Neutral,3,1,2,2025-02-14,2025,False
manual_001649,manual,False,,f1360a2ce911197128693e30e673db88fb496dad,decision_key_rate,statement,Заявление Председателя Банка России Эльвиры Набиуллиной по итогам заседания Совета директоров Банка России 14 февраля 2025 года,14.02.2025,"По нашей оценке, с исключением фактора бюджета замедление кредитования более скромное.",Credit,Backward-looking,Hawkish,3,1,0,2025-02-14,2025,False
manual_001650,manual,False,,f1360a2ce911197128693e30e673db88fb496dad,decision_key_rate,statement,Заявление Председателя Банка России Эльвиры Набиуллиной по итогам заседания Совета директоров Банка России 14 февраля 2025 года,14.02.2025,"Мы исходим из того, что результатом совместного влияния бюджета и кредита будет более сдержанная динамика денежной массы.",Fiscal policy,Forward-looking,Dovish,8,0,1,2025-02-14,2025,False
manual_001651,manual,False,,f1360a2ce911197128693e30e673db88fb496dad,decision_key_rate,statement,Заявление Председателя Банка России Эльвиры Набиуллиной по итогам заседания Совета директоров Банка России 14 февраля 2025 года,14.02.2025,"По последним данным, она растет медленнее, чем в конце прошлого года.",Monetary conditions,Backward-looking,Dovish,2,1,1,2025-02-14,2025,False
manual_001652,manual,False,,f1360a2ce911197128693e30e673db88fb496dad,decision_key_rate,statement,Заявление Председателя Банка России Эльвиры Набиуллиной по итогам заседания Совета директоров Банка России 14 февраля 2025 года,14.02.2025,"Мы продолжим внимательно наблюдать за динамикой бюджетных расходов, сопоставляя ее в том числе со скоростью охлаждения кредитования.",Fiscal policy,Forward-looking,Neutral,8,0,2,2025-02-14,2025,False
manual_001653,manual,False,,f1360a2ce911197128693e30e673db88fb496dad,decision_key_rate,statement,Заявление Председателя Банка России Эльвиры Набиуллиной по итогам заседания Совета директоров Банка России 14 февраля 2025 года,14.02.2025,Мы снизили прогноз роста кредита на этот год ­до 6–11%.,Credit,Forward-looking,Dovish,3,0,1,2025-02-14,2025,False
manual_001654,manual,False,,f1360a2ce911197128693e30e673db88fb496dad,decision_key_rate,statement,Заявление Председателя Банка России Эльвиры Набиуллиной по итогам заседания Совета директоров Банка России 14 февраля 2025 года,14.02.2025,"Замедление темпов роста кредитования будет происходить как из-за жестких денежно-кредитных условий, так и в связи с плановой нормализацией регуляторных требований.",Monetary conditions,Forward-looking,Dovish,2,0,1,2025-02-14,2025,False
manual_001655,manual,False,,f1360a2ce911197128693e30e673db88fb496dad,decision_key_rate,statement,Заявление Председателя Банка России Эльвиры Набиуллиной по итогам заседания Совета директоров Банка России 14 февраля 2025 года,14.02.2025,Более сдержанные темпы кредитования необходимы для дезинфляционных процессов в экономике.,Credit,Forward-looking,Dovish,3,0,1,2025-02-14,2025,False
manual_001656,manual,False,,f1360a2ce911197128693e30e673db88fb496dad,decision_key_rate,statement,Заявление Председателя Банка России Эльвиры Набиуллиной по итогам заседания Совета директоров Банка России 14 февраля 2025 года,14.02.2025,Кратко — о внешних условиях.,Other,Other,Other,11,2,5,2025-02-14,2025,False
manual_001657,manual,False,,f1360a2ce911197128693e30e673db88fb496dad,decision_key_rate,statement,Заявление Председателя Банка России Эльвиры Набиуллиной по итогам заседания Совета директоров Банка России 14 февраля 2025 года,14.02.2025,Мировая экономика продолжала расти умеренными темпами.,External conditions,Backward-looking,Neutral,7,1,2,2025-02-14,2025,False
manual_001658,manual,False,,f1360a2ce911197128693e30e673db88fb496dad,decision_key_rate,statement,Заявление Председателя Банка России Эльвиры Набиуллиной по итогам заседания Совета директоров Банка России 14 февраля 2025 года,14.02.2025,В нашем обновленном прогнозе динамика основных статей платежного баланса практически не изменилась в сравнении с октябрем.,External conditions,Forward-looking,Neutral,7,0,2,2025-02-14,2025,False
manual_001659,manual,False,,f1360a2ce911197128693e30e673db88fb496dad,decision_key_rate,statement,Заявление Председателя Банка России Эльвиры Набиуллиной по итогам заседания Совета директоров Банка России 14 февраля 2025 года,14.02.2025,"Также отмечу, что, начиная с февральского заседания, мы перешли от публикации прогноза нефти марки Brent к публикации цены российской нефти, используемой для целей налогообложения.",External conditions,Backward-looking,Neutral,7,1,2,2025-02-14,2025,False
manual_001660,manual,False,,f1360a2ce911197128693e30e673db88fb496dad,decision_key_rate,statement,Заявление Председателя Банка России Эльвиры Набиуллиной по итогам заседания Совета директоров Банка России 14 февраля 2025 года,14.02.2025,Этот индикатор лучше отражает влияние конъюнктуры нефтяного рынка на основные показатели российской экономики.,External conditions,Backward-looking,Neutral,7,1,2,2025-02-14,2025,False
manual_001661,manual,False,,f1360a2ce911197128693e30e673db88fb496dad,decision_key_rate,statement,Заявление Председателя Банка России Эльвиры Набиуллиной по итогам заседания Совета директоров Банка России 14 февраля 2025 года,14.02.2025,Далее — о рисках для базового прогноза.,Other,Other,Other,11,2,5,2025-02-14,2025,False
manual_001662,manual,False,,f1360a2ce911197128693e30e673db88fb496dad,decision_key_rate,statement,Заявление Председателя Банка России Эльвиры Набиуллиной по итогам заседания Совета директоров Банка России 14 февраля 2025 года,14.02.2025,Их баланс по-прежнему смещен в сторону проинфляционных.,Inflation,Forward-looking,Risk-highlighting,0,0,3,2025-02-14,2025,False
manual_001663,manual,False,,f1360a2ce911197128693e30e673db88fb496dad,decision_key_rate,statement,Заявление Председателя Банка России Эльвиры Набиуллиной по итогам заседания Совета директоров Банка России 14 февраля 2025 года,14.02.2025,"Среди факторов, которые могут отклонить нас от базового сценария в сторону более высокой инфляции, стоит отметить риски со стороны внешних условий.",External conditions,Forward-looking,Risk-highlighting,7,0,3,2025-02-14,2025,False
manual_001664,manual,False,,f1360a2ce911197128693e30e673db88fb496dad,decision_key_rate,statement,Заявление Председателя Банка России Эльвиры Набиуллиной по итогам заседания Совета директоров Банка России 14 февраля 2025 года,14.02.2025,Угрозы новых торговых войн и фрагментации мировых рынков формируют риски для деловой активности в мире и могут привести к падению спроса на товары российского экспорта.,External conditions,Forward-looking,Risk-highlighting,7,0,3,2025-02-14,2025,False
manual_001665,manual,False,,f1360a2ce911197128693e30e673db88fb496dad,decision_key_rate,statement,Заявление Председателя Банка России Эльвиры Набиуллиной по итогам заседания Совета директоров Банка России 14 февраля 2025 года,14.02.2025,"В итоге мы можем столкнуться с падением и ценовых, и объемных показателей экспорта.",External conditions,Forward-looking,Risk-highlighting,7,0,3,2025-02-14,2025,False
manual_001666,manual,False,,f1360a2ce911197128693e30e673db88fb496dad,decision_key_rate,statement,Заявление Председателя Банка России Эльвиры Набиуллиной по итогам заседания Совета директоров Банка России 14 февраля 2025 года,14.02.2025,"Кроме того, сохраняются риски со стороны инфляционных ожиданий и рынка труда.",Expectations,Forward-looking,Risk-highlighting,4,0,3,2025-02-14,2025,False
manual_001667,manual,False,,f1360a2ce911197128693e30e673db88fb496dad,decision_key_rate,statement,Заявление Председателя Банка России Эльвиры Набиуллиной по итогам заседания Совета директоров Банка России 14 февраля 2025 года,14.02.2025,Ключевым дезинфляционным риском является более выраженное замедление кредитования.,Credit,Forward-looking,Risk-highlighting,3,0,3,2025-02-14,2025,False
manual_001668,manual,False,,f1360a2ce911197128693e30e673db88fb496dad,decision_key_rate,statement,Заявление Председателя Банка России Эльвиры Набиуллиной по итогам заседания Совета директоров Банка России 14 февраля 2025 года,14.02.2025,Наш базовый сценарий предполагает его плавное и контролируемое охлаждение.,Credit,Forward-looking,Confidence-building,3,0,4,2025-02-14,2025,False
manual_001669,manual,False,,f1360a2ce911197128693e30e673db88fb496dad,decision_key_rate,statement,Заявление Председателя Банка России Эльвиры Набиуллиной по итогам заседания Совета директоров Банка России 14 февраля 2025 года,14.02.2025,Но риск более резкого торможения существует.,Credit,Forward-looking,Risk-highlighting,3,0,3,2025-02-14,2025,False
manual_001670,manual,False,,f1360a2ce911197128693e30e673db88fb496dad,decision_key_rate,statement,Заявление Председателя Банка России Эльвиры Набиуллиной по итогам заседания Совета директоров Банка России 14 февраля 2025 года,14.02.2025,Поэтому мы особенно внимательно будем следить за этой динамикой.,Credit,Forward-looking,Neutral,3,0,2,2025-02-14,2025,False
manual_001671,manual,False,,f1360a2ce911197128693e30e673db88fb496dad,decision_key_rate,statement,Заявление Председателя Банка России Эльвиры Набиуллиной по итогам заседания Совета директоров Банка России 14 февраля 2025 года,14.02.2025,"Изменение параметров бюджетной политики, включая объемы льготных программ кредитования, может оказать влияние на наши решения.",Fiscal policy,Forward-looking,Neutral,8,0,2,2025-02-14,2025,False
manual_001672,manual,False,,f1360a2ce911197128693e30e673db88fb496dad,decision_key_rate,statement,Заявление Председателя Банка России Эльвиры Набиуллиной по итогам заседания Совета директоров Банка России 14 февраля 2025 года,14.02.2025,"В базовом сценарии заложено возвращение к бюджетному правилу в текущем году, что будет оказывать дезинфляционное влияние.",Fiscal policy,Forward-looking,Dovish,8,0,1,2025-02-14,2025,False
manual_001673,manual,False,,f1360a2ce911197128693e30e673db88fb496dad,decision_key_rate,statement,Заявление Председателя Банка России Эльвиры Набиуллиной по итогам заседания Совета директоров Банка России 14 февраля 2025 года,14.02.2025,Также при принятии решений мы будем учитывать геополитические факторы.,External conditions,Forward-looking,Neutral,7,0,2,2025-02-14,2025,False
manual_001674,manual,False,,f1360a2ce911197128693e30e673db88fb496dad,decision_key_rate,statement,Заявление Председателя Банка России Эльвиры Набиуллиной по итогам заседания Совета директоров Банка России 14 февраля 2025 года,14.02.2025,Неопределенность с их стороны остается высокой.,External conditions,Backward-looking,Risk-highlighting,7,1,3,2025-02-14,2025,False
manual_001675,manual,False,,f1360a2ce911197128693e30e673db88fb496dad,decision_key_rate,statement,Заявление Председателя Банка России Эльвиры Набиуллиной по итогам заседания Совета директоров Банка России 14 февраля 2025 года,14.02.2025,В заключение — о нашей будущей политике.,Other,Other,Other,11,2,5,2025-02-14,2025,False
manual_001676,manual,False,,f1360a2ce911197128693e30e673db88fb496dad,decision_key_rate,statement,Заявление Председателя Банка России Эльвиры Набиуллиной по итогам заседания Совета директоров Банка России 14 февраля 2025 года,14.02.2025,"Мы пришли к выводу, что сохранение паузы в повышении ключевой ставки является наиболее взвешенным решением в текущих условиях.",Interest rate,Backward-looking,Dovish,1,1,1,2025-02-14,2025,False
manual_001677,manual,False,,f1360a2ce911197128693e30e673db88fb496dad,decision_key_rate,statement,Заявление Председателя Банка России Эльвиры Набиуллиной по итогам заседания Совета директоров Банка России 14 февраля 2025 года,14.02.2025,"На ближайших заседаниях мы должны будем убедиться, что те тенденции, которые сформировались, устойчиво ведут к снижению инфляции.",Inflation,Forward-looking,Dovish,0,0,1,2025-02-14,2025,False
manual_001678,manual,False,,f1360a2ce911197128693e30e673db88fb496dad,decision_key_rate,statement,Заявление Председателя Банка России Эльвиры Набиуллиной по итогам заседания Совета директоров Банка России 14 февраля 2025 года,14.02.2025,"Если достигнутого уровня жесткости будет недостаточно для устойчивого охлаждения кредитования и торможения инфляции, мы не исключаем дальнейшего повышения ставки.",Interest rate,Forward-looking,Hawkish,1,0,0,2025-02-14,2025,False
manual_001679,manual,False,,f1360a2ce911197128693e30e673db88fb496dad,decision_key_rate,statement,Заявление Председателя Банка России Эльвиры Набиуллиной по итогам заседания Совета директоров Банка России 14 февраля 2025 года,14.02.2025,"В любом случае нам потребуется более длительный период поддержания жестких денежно-кредитных условий, поэтому мы повысили прогнозную траекторию ключевой ставки на 2025–2026 годы.",Interest rate,Forward-looking,Hawkish,1,0,0,2025-02-14,2025,False
manual_001680,manual,False,,f1360a2ce911197128693e30e673db88fb496dad,decision_key_rate,statement,Заявление Председателя Банка России Эльвиры Набиуллиной по итогам заседания Совета директоров Банка России 14 февраля 2025 года,14.02.2025,Спасибо за внимание!,Other,Other,Other,11,2,5,2025-02-14,2025,True
manual_001681,manual,False,,f1360a2ce911197128693e30e673db88fb496dad,decision_key_rate,statement,Заявление Председателя Банка России Эльвиры Набиуллиной по итогам заседания Совета директоров Банка России 14 февраля 2025 года,14.02.2025,Сессия вопросов и ответов.,Other,Other,Other,11,2,5,2025-02-14,2025,False
manual_001682,manual,False,,f1360a2ce911197128693e30e673db88fb496dad,decision_key_rate,statement,Заявление Председателя Банка России Эльвиры Набиуллиной по итогам заседания Совета директоров Банка России 14 февраля 2025 года,14.02.2025,ВОПРОС (агентство ТАСС):,Other,Other,Other,11,2,5,2025-02-14,2025,True
manual_001683,manual,False,,f1360a2ce911197128693e30e673db88fb496dad,decision_key_rate,statement,Заявление Председателя Банка России Эльвиры Набиуллиной по итогам заседания Совета директоров Банка России 14 февраля 2025 года,14.02.2025,"Эльвира Сахипзадовна, обсуждался ли вариант снижения ставки и перспективы снижения ставки на каком-то горизонте обозримом?",Interest rate,Forward-looking,Dovish,1,0,1,2025-02-14,2025,False
manual_001684,manual,False,,f1360a2ce911197128693e30e673db88fb496dad,decision_key_rate,statement,Заявление Председателя Банка России Эльвиры Набиуллиной по итогам заседания Совета директоров Банка России 14 февраля 2025 года,14.02.2025,Э.С. НАБИУЛЛИНА:,Other,Other,Other,11,2,5,2025-02-14,2025,True
manual_001685,manual,False,,f1360a2ce911197128693e30e673db88fb496dad,decision_key_rate,statement,Заявление Председателя Банка России Эльвиры Набиуллиной по итогам заседания Совета директоров Банка России 14 февраля 2025 года,14.02.2025,"Нет, мы не обсуждали снижение ставки.",Interest rate,Backward-looking,Hawkish,1,1,0,2025-02-14,2025,False
manual_001686,manual,False,,f1360a2ce911197128693e30e673db88fb496dad,decision_key_rate,statement,Заявление Председателя Банка России Эльвиры Набиуллиной по итогам заседания Совета директоров Банка России 14 февраля 2025 года,14.02.2025,Мы обсуждали два варианта: сохранение ставки и повышение ставки.,Interest rate,Backward-looking,Hawkish,1,1,0,2025-02-14,2025,False
manual_001687,manual,False,,f1360a2ce911197128693e30e673db88fb496dad,decision_key_rate,statement,Заявление Председателя Банка России Эльвиры Набиуллиной по итогам заседания Совета директоров Банка России 14 февраля 2025 года,14.02.2025,Горизонт снижения ставки.,Interest rate,Forward-looking,Dovish,1,0,1,2025-02-14,2025,True
manual_001688,manual,False,,f1360a2ce911197128693e30e673db88fb496dad,decision_key_rate,statement,Заявление Председателя Банка России Эльвиры Набиуллиной по итогам заседания Совета директоров Банка России 14 февраля 2025 года,14.02.2025,"Вы, наверное, обратили внимание на наш прогноз ключевой ставки и тот интервал, который мы дали.",Interest rate,Forward-looking,Neutral,1,0,2,2025-02-14,2025,False
manual_001689,manual,False,,f1360a2ce911197128693e30e673db88fb496dad,decision_key_rate,statement,Заявление Председателя Банка России Эльвиры Набиуллиной по итогам заседания Совета директоров Банка России 14 февраля 2025 года,14.02.2025,"Он предполагает как возможность снижения ставки в этом году, так и возможность — не исключаем — повышения ставки.",Interest rate,Forward-looking,Neutral,1,0,2,2025-02-14,2025,False
manual_001690,manual,False,,f1360a2ce911197128693e30e673db88fb496dad,decision_key_rate,statement,Заявление Председателя Банка России Эльвиры Набиуллиной по итогам заседания Совета директоров Банка России 14 февраля 2025 года,14.02.2025,"Все будет зависеть от того, как сформируются устойчивые тенденции.",Interest rate,Forward-looking,Neutral,1,0,2,2025-02-14,2025,False
manual_001691,manual,False,,f1360a2ce911197128693e30e673db88fb496dad,decision_key_rate,statement,Заявление Председателя Банка России Эльвиры Набиуллиной по итогам заседания Совета директоров Банка России 14 февраля 2025 года,14.02.2025,ВОПРОС (агентство «Интерфакс»):,Other,Other,Other,11,2,5,2025-02-14,2025,False
manual_001692,manual,False,,f1360a2ce911197128693e30e673db88fb496dad,decision_key_rate,statement,Заявление Председателя Банка России Эльвиры Набиуллиной по итогам заседания Совета директоров Банка России 14 февраля 2025 года,14.02.2025,"Насколько наблюдающееся сейчас замедление кредитования, по вашему мнению, уже носит устойчивый характер?",Credit,Backward-looking,Dovish,3,1,1,2025-02-14,2025,False
manual_001693,manual,False,,f1360a2ce911197128693e30e673db88fb496dad,decision_key_rate,statement,Заявление Председателя Банка России Эльвиры Набиуллиной по итогам заседания Совета директоров Банка России 14 февраля 2025 года,14.02.2025,"Вы убрали этот фактор из сигнала именно потому, что вы уже уверены в этой динамике?",Credit,Backward-looking,Neutral,3,1,2,2025-02-14,2025,False
manual_001694,manual,False,,f1360a2ce911197128693e30e673db88fb496dad,decision_key_rate,statement,Заявление Председателя Банка России Эльвиры Набиуллиной по итогам заседания Совета директоров Банка России 14 февраля 2025 года,14.02.2025,"И вы сказали, что вы видите риск того, что замедление кредитования окажется более существенным, чем это необходимо для достижения цели.",Credit,Forward-looking,Risk-highlighting,3,0,3,2025-02-14,2025,False
manual_001695,manual,False,,f1360a2ce911197128693e30e673db88fb496dad,decision_key_rate,statement,Заявление Председателя Банка России Эльвиры Набиуллиной по итогам заседания Совета директоров Банка России 14 февраля 2025 года,14.02.2025,Насколько все же этот риск действительно реален?,Credit,Forward-looking,Risk-highlighting,3,0,3,2025-02-14,2025,False
manual_001696,manual,False,,f1360a2ce911197128693e30e673db88fb496dad,decision_key_rate,statement,Заявление Председателя Банка России Эльвиры Набиуллиной по итогам заседания Совета директоров Банка России 14 февраля 2025 года,14.02.2025,И такой маленький довесок.,Other,Other,Other,11,2,5,2025-02-14,2025,False
manual_001697,manual,False,,f1360a2ce911197128693e30e673db88fb496dad,decision_key_rate,statement,Заявление Председателя Банка России Эльвиры Набиуллиной по итогам заседания Совета директоров Банка России 14 февраля 2025 года,14.02.2025,Какие варианты сигналов вы обсуждали на этом заседании?,Interest rate,Backward-looking,Neutral,1,1,2,2025-02-14,2025,False
manual_001698,manual,False,,f1360a2ce911197128693e30e673db88fb496dad,decision_key_rate,statement,Заявление Председателя Банка России Эльвиры Набиуллиной по итогам заседания Совета директоров Банка России 14 февраля 2025 года,14.02.2025,Э.С. НАБИУЛЛИНА:,Other,Other,Other,11,2,5,2025-02-14,2025,True
manual_001699,manual,False,,f1360a2ce911197128693e30e673db88fb496dad,decision_key_rate,statement,Заявление Председателя Банка России Эльвиры Набиуллиной по итогам заседания Совета директоров Банка России 14 февраля 2025 года,14.02.2025,"Как я уже сказала, данные за декабрь — январь, если мы говорим о корпоративном кредитовании, эти данные сильно зашумлены.",Credit,Backward-looking,Neutral,3,1,2,2025-02-14,2025,False
manual_001700,manual,False,,f1360a2ce911197128693e30e673db88fb496dad,decision_key_rate,statement,Заявление Председателя Банка России Эльвиры Набиуллиной по итогам заседания Совета директоров Банка России 14 февраля 2025 года,14.02.2025,"Что касается розничного кредитования, мы уже с середины года видим устойчивую тенденцию замедления.",Credit,Backward-looking,Dovish,3,1,1,2025-02-14,2025,False
manual_001701,manual,False,,f1360a2ce911197128693e30e673db88fb496dad,decision_key_rate,statement,Заявление Председателя Банка России Эльвиры Набиуллиной по итогам заседания Совета директоров Банка России 14 февраля 2025 года,14.02.2025,Там мы можем говорить об устойчивой тенденции.,Credit,Backward-looking,Confidence-building,3,1,4,2025-02-14,2025,False
manual_001702,manual,False,,f1360a2ce911197128693e30e673db88fb496dad,decision_key_rate,statement,Заявление Председателя Банка России Эльвиры Набиуллиной по итогам заседания Совета директоров Банка России 14 февраля 2025 года,14.02.2025,"Что касается корпоративного кредитования, нам нужно больше данных для того, чтобы убедиться, что это устойчивое замедление, потому что сейчас в этом значительном замедлении корпоративного кредитования есть сезонный фактор.",Credit,Forward-looking,Neutral,3,0,2,2025-02-14,2025,False
manual_001703,manual,False,,f1360a2ce911197128693e30e673db88fb496dad,decision_key_rate,statement,Заявление Председателя Банка России Эльвиры Набиуллиной по итогам заседания Совета директоров Банка России 14 февраля 2025 года,14.02.2025,Причем в этом году бюджетные выплаты были даже больше сезонной нормы и в январе были высокими.,Fiscal policy,Backward-looking,Hawkish,8,1,0,2025-02-14,2025,False
manual_001704,manual,False,,f1360a2ce911197128693e30e673db88fb496dad,decision_key_rate,statement,Заявление Председателя Банка России Эльвиры Набиуллиной по итогам заседания Совета директоров Банка России 14 февраля 2025 года,14.02.2025,"Поэтому нам нужно будет больше времени для того, чтобы убедиться, что это действительно устойчивая тенденция, и мы будем смотреть за этой динамикой.",Credit,Forward-looking,Neutral,3,0,2,2025-02-14,2025,False
manual_001705,manual,False,,f1360a2ce911197128693e30e673db88fb496dad,decision_key_rate,statement,Заявление Председателя Банка России Эльвиры Набиуллиной по итогам заседания Совета директоров Банка России 14 февраля 2025 года,14.02.2025,"Что касается вариантов сигнала, мы обсуждали вариант и умеренно жесткого сигнала, который мы в итоге дали, и вариант нейтрального сигнала.",Interest rate,Backward-looking,Hawkish,1,1,0,2025-02-14,2025,False
manual_001706,manual,False,,f1360a2ce911197128693e30e673db88fb496dad,decision_key_rate,statement,Заявление Председателя Банка России Эльвиры Набиуллиной по итогам заседания Совета директоров Банка России 14 февраля 2025 года,14.02.2025,"Нейтральный сигнал предлагали те коллеги, которые считали, что уже набранной жесткости денежно-кредитных условий, и динамики в том числе кредитования, других факторов, вот этой набранной жесткости денежно-кредитных условий достаточно для того, чтобы устойчивая инфляция снижалась к 4%.",Monetary conditions,Forward-looking,Dovish,2,0,1,2025-02-14,2025,False
manual_001707,manual,False,,f1360a2ce911197128693e30e673db88fb496dad,decision_key_rate,statement,Заявление Председателя Банка России Эльвиры Набиуллиной по итогам заседания Совета директоров Банка России 14 февраля 2025 года,14.02.2025,А.Б. ЗАБОТКИН:,Other,Other,Other,11,2,5,2025-02-14,2025,True
manual_001708,manual,False,,f1360a2ce911197128693e30e673db88fb496dad,decision_key_rate,statement,Заявление Председателя Банка России Эльвиры Набиуллиной по итогам заседания Совета директоров Банка России 14 февраля 2025 года,14.02.2025,"С точки зрения влияния на спрос, конечно, кредит является очень важным источником динамики спроса.",Credit,Backward-looking,Neutral,3,1,2,2025-02-14,2025,False
manual_001709,manual,False,,f1360a2ce911197128693e30e673db88fb496dad,decision_key_rate,statement,Заявление Председателя Банка России Эльвиры Набиуллиной по итогам заседания Совета директоров Банка России 14 февраля 2025 года,14.02.2025,Но все-таки общей результирующей в части монетарного влияния на спрос являются денежные агрегаты в целом.,Monetary conditions,Backward-looking,Neutral,2,1,2,2025-02-14,2025,False
manual_001710,manual,False,,f1360a2ce911197128693e30e673db88fb496dad,decision_key_rate,statement,Заявление Председателя Банка России Эльвиры Набиуллиной по итогам заседания Совета директоров Банка России 14 февраля 2025 года,14.02.2025,И поэтому вычленять отдельно кредит не очень правильно.,Credit,Backward-looking,Neutral,3,1,2,2025-02-14,2025,False
manual_001711,manual,False,,f1360a2ce911197128693e30e673db88fb496dad,decision_key_rate,statement,Заявление Председателя Банка России Эльвиры Набиуллиной по итогам заседания Совета директоров Банка России 14 февраля 2025 года,14.02.2025,"То, что для нас важно в первую очередь, — это динамика денежных агрегатов, и в этом смысле замедление наблюдается.",Monetary conditions,Backward-looking,Dovish,2,1,1,2025-02-14,2025,False
manual_001712,manual,False,,f1360a2ce911197128693e30e673db88fb496dad,decision_key_rate,statement,Заявление Председателя Банка России Эльвиры Набиуллиной по итогам заседания Совета директоров Банка России 14 февраля 2025 года,14.02.2025,"Рассчитываем, что будем видеть все более и более устойчивые тенденции в этой части.",Monetary conditions,Forward-looking,Confidence-building,2,0,4,2025-02-14,2025,False
manual_001713,manual,False,,f1360a2ce911197128693e30e673db88fb496dad,decision_key_rate,statement,Заявление Председателя Банка России Эльвиры Набиуллиной по итогам заседания Совета директоров Банка России 14 февраля 2025 года,14.02.2025,ВОПРОС (издание РБК):,Other,Other,Other,11,2,5,2025-02-14,2025,True
manual_001714,manual,False,,f1360a2ce911197128693e30e673db88fb496dad,decision_key_rate,statement,Заявление Председателя Банка России Эльвиры Набиуллиной по итогам заседания Совета директоров Банка России 14 февраля 2025 года,14.02.2025,В последнее время обсуждается ситуация с урегулированием конфликта на Украине.,External conditions,Backward-looking,Neutral,7,1,2,2025-02-14,2025,False
manual_001715,manual,False,,f1360a2ce911197128693e30e673db88fb496dad,decision_key_rate,statement,Заявление Председателя Банка России Эльвиры Набиуллиной по итогам заседания Совета директоров Банка России 14 февраля 2025 года,14.02.2025,"Это уже стало во многом фактором поддержки для курса, для нашего фондового рынка.",External conditions,Backward-looking,Neutral,7,1,2,2025-02-14,2025,False
manual_001716,manual,False,,f1360a2ce911197128693e30e673db88fb496dad,decision_key_rate,statement,Заявление Председателя Банка России Эльвиры Набиуллиной по итогам заседания Совета директоров Банка России 14 февраля 2025 года,14.02.2025,А в каком-то из сценариев ЦБ есть ли этот фактор?,External conditions,Forward-looking,Neutral,7,0,2,2025-02-14,2025,False
manual_001717,manual,False,,f1360a2ce911197128693e30e673db88fb496dad,decision_key_rate,statement,Заявление Председателя Банка России Эльвиры Набиуллиной по итогам заседания Совета директоров Банка России 14 февраля 2025 года,14.02.2025,"На ваш взгляд, как он повлияет в целом на процессы в экономике?",External conditions,Forward-looking,Neutral,7,0,2,2025-02-14,2025,False
manual_001718,manual,False,,f1360a2ce911197128693e30e673db88fb496dad,decision_key_rate,statement,Заявление Председателя Банка России Эльвиры Набиуллиной по итогам заседания Совета директоров Банка России 14 февраля 2025 года,14.02.2025,"И при его реализации, по вашим прогнозам, как будет двигаться инфляция и, соответственно, ключевая ставка?",External conditions,Forward-looking,Neutral,7,0,2,2025-02-14,2025,False
manual_001719,manual,False,,f1360a2ce911197128693e30e673db88fb496dad,decision_key_rate,statement,Заявление Председателя Банка России Эльвиры Набиуллиной по итогам заседания Совета директоров Банка России 14 февраля 2025 года,14.02.2025,Э.С. НАБИУЛЛИНА:,Other,Other,Other,11,2,5,2025-02-14,2025,True
manual_001720,manual,False,,f1360a2ce911197128693e30e673db88fb496dad,decision_key_rate,statement,Заявление Председателя Банка России Эльвиры Набиуллиной по итогам заседания Совета директоров Банка России 14 февраля 2025 года,14.02.2025,В базовом сценарии у нас нет этого фактора пока.,External conditions,Forward-looking,Neutral,7,0,2,2025-02-14,2025,False
manual_001721,manual,False,,f1360a2ce911197128693e30e673db88fb496dad,decision_key_rate,statement,Заявление Председателя Банка России Эльвиры Набиуллиной по итогам заседания Совета директоров Банка России 14 февраля 2025 года,14.02.2025,"Мне кажется, это преждевременно включать в сценарий, тем более в базовый.",External conditions,Forward-looking,Neutral,7,0,2,2025-02-14,2025,False
manual_001722,manual,False,,f1360a2ce911197128693e30e673db88fb496dad,decision_key_rate,statement,Заявление Председателя Банка России Эльвиры Набиуллиной по итогам заседания Совета директоров Банка России 14 февраля 2025 года,14.02.2025,Все будет зависеть от развития ситуации.,External conditions,Forward-looking,Risk-highlighting,7,0,3,2025-02-14,2025,False
manual_001723,manual,False,,f1360a2ce911197128693e30e673db88fb496dad,decision_key_rate,statement,Заявление Председателя Банка России Эльвиры Набиуллиной по итогам заседания Совета директоров Банка России 14 февраля 2025 года,14.02.2025,"Сейчас просчитать точно влияние на экономику и инфляцию, мне кажется, маловозможно.",External conditions,Forward-looking,Risk-highlighting,7,0,3,2025-02-14,2025,False
manual_001724,manual,False,,f1360a2ce911197128693e30e673db88fb496dad,decision_key_rate,statement,Заявление Председателя Банка России Эльвиры Набиуллиной по итогам заседания Совета директоров Банка России 14 февраля 2025 года,14.02.2025,"ВОПРОС (газета «Аргументы и факты», Калуга):",Other,Other,Other,11,2,5,2025-02-14,2025,False
manual_001725,manual,False,,f1360a2ce911197128693e30e673db88fb496dad,decision_key_rate,statement,Заявление Председателя Банка России Эльвиры Набиуллиной по итогам заседания Совета директоров Банка России 14 февраля 2025 года,14.02.2025,"Мы видим, что, несмотря на высокую ключевую ставку, инфляция продолжает расти.",Interest rate,Backward-looking,Hawkish,1,1,0,2025-02-14,2025,False
manual_001726,manual,False,,f1360a2ce911197128693e30e673db88fb496dad,decision_key_rate,statement,Заявление Председателя Банка России Эльвиры Набиуллиной по итогам заседания Совета директоров Банка России 14 февраля 2025 года,14.02.2025,"В связи с этим некоторые считают, что рост ключевой ставки привел к обратному эффекту, а именно росту инфляции из-за увеличения расходов населения и бизнеса на обслуживание кредитов.",Interest rate,Backward-looking,Hawkish,1,1,0,2025-02-14,2025,False
manual_001727,manual,False,,f1360a2ce911197128693e30e673db88fb496dad,decision_key_rate,statement,Заявление Председателя Банка России Эльвиры Набиуллиной по итогам заседания Совета директоров Банка России 14 февраля 2025 года,14.02.2025,Так ли это на самом деле?,Other,Other,Other,11,2,5,2025-02-14,2025,True
manual_001728,manual,False,,f1360a2ce911197128693e30e673db88fb496dad,decision_key_rate,statement,Заявление Председателя Банка России Эльвиры Набиуллиной по итогам заседания Совета директоров Банка России 14 февраля 2025 года,14.02.2025,Э.С. НАБИУЛЛИНА:,Other,Other,Other,11,2,5,2025-02-14,2025,True
manual_001729,manual,False,,f1360a2ce911197128693e30e673db88fb496dad,decision_key_rate,statement,Заявление Председателя Банка России Эльвиры Набиуллиной по итогам заседания Совета директоров Банка России 14 февраля 2025 года,14.02.2025,"Действительно, инфляция выше, чем нам бы хотелось, но если бы мы не повысили ключевую ставку, я об этом неоднократно говорила, инфляция была бы гораздо выше и вдобавок ускорялась бы дальше.",Interest rate,Backward-looking,Hawkish,1,1,0,2025-02-14,2025,False
manual_001730,manual,False,,f1360a2ce911197128693e30e673db88fb496dad,decision_key_rate,statement,Заявление Председателя Банка России Эльвиры Набиуллиной по итогам заседания Совета директоров Банка России 14 февраля 2025 года,14.02.2025,"Но мнение о том, что рост ключевой ставки разгоняет инфляцию, на мой взгляд, глубоко ошибочно.",Interest rate,Backward-looking,Dovish,1,1,1,2025-02-14,2025,False
manual_001731,manual,False,,f1360a2ce911197128693e30e673db88fb496dad,decision_key_rate,statement,Заявление Председателя Банка России Эльвиры Набиуллиной по итогам заседания Совета директоров Банка России 14 февраля 2025 года,14.02.2025,"Более высокая ключевая ставка действительно увеличивает расходы граждан, бизнеса на обслуживание кредитов, но одновременно она сдерживает тот излишек спроса, который превышает возможности производства товаров и услуг.",Interest rate,Backward-looking,Dovish,1,1,1,2025-02-14,2025,False
manual_001732,manual,False,,f1360a2ce911197128693e30e673db88fb496dad,decision_key_rate,statement,Заявление Председателя Банка России Эльвиры Набиуллиной по итогам заседания Совета директоров Банка России 14 февраля 2025 года,14.02.2025,И для инфляции эффект от сдерживания избыточного спроса гораздо сильнее.,Economic activity,Backward-looking,Dovish,5,1,1,2025-02-14,2025,False
manual_001733,manual,False,,f1360a2ce911197128693e30e673db88fb496dad,decision_key_rate,statement,Заявление Председателя Банка России Эльвиры Набиуллиной по итогам заседания Совета директоров Банка России 14 февраля 2025 года,14.02.2025,Поэтому повышение ставки однозначно приводит к замедлению роста цен.,Interest rate,Forward-looking,Dovish,1,0,1,2025-02-14,2025,False
manual_001734,manual,False,,f1360a2ce911197128693e30e673db88fb496dad,decision_key_rate,statement,Заявление Председателя Банка России Эльвиры Набиуллиной по итогам заседания Совета директоров Банка России 14 февраля 2025 года,14.02.2025,"Когда говорят о том, что высокая ставка приводит к росту инфляции, говорят о повышении процентных расходов бизнеса, но процентные расходы бизнеса — это только часть затрат бизнеса, часть затрат производителей, и в среднем далеко не самая крупная.",Interest rate,Backward-looking,Neutral,1,1,2,2025-02-14,2025,False
manual_001735,manual,False,,f1360a2ce911197128693e30e673db88fb496dad,decision_key_rate,statement,Заявление Председателя Банка России Эльвиры Набиуллиной по итогам заседания Совета директоров Банка России 14 февраля 2025 года,14.02.2025,"Я не говорю о закредитованных компаниях, где эта часть затрат может быть большой, но в среднем она не самая крупная.",Credit,Backward-looking,Neutral,3,1,2,2025-02-14,2025,False
manual_001736,manual,False,,f1360a2ce911197128693e30e673db88fb496dad,decision_key_rate,statement,Заявление Председателя Банка России Эльвиры Набиуллиной по итогам заседания Совета директоров Банка России 14 февраля 2025 года,14.02.2025,"И, по нашим оценкам (я тоже называла эти цифры), в последние 5 лет расходы на кредиты не превышали 5% себестоимости.",Credit,Backward-looking,Neutral,3,1,2,2025-02-14,2025,False
manual_001737,manual,False,,f1360a2ce911197128693e30e673db88fb496dad,decision_key_rate,statement,Заявление Председателя Банка России Эльвиры Набиуллиной по итогам заседания Совета директоров Банка России 14 февраля 2025 года,14.02.2025,Многие компании не имеют долгов и развиваются за счет собственного капитала.,Credit,Backward-looking,Neutral,3,1,2,2025-02-14,2025,False
manual_001738,manual,False,,f1360a2ce911197128693e30e673db88fb496dad,decision_key_rate,statement,Заявление Председателя Банка России Эльвиры Набиуллиной по итогам заседания Совета директоров Банка России 14 февраля 2025 года,14.02.2025,Основная же часть издержек — это непроцентные расходы.,Economic activity,Backward-looking,Neutral,5,1,2,2025-02-14,2025,False
manual_001739,manual,False,,f1360a2ce911197128693e30e673db88fb496dad,decision_key_rate,statement,Заявление Председателя Банка России Эльвиры Набиуллиной по итогам заседания Совета директоров Банка России 14 февраля 2025 года,14.02.2025,"И они растут вместе с ростом общего уровня цен в экономике — это затраты на сырье, на материалы, оборудование, на заработные платы.",Inflation,Backward-looking,Hawkish,0,1,0,2025-02-14,2025,False
manual_001740,manual,False,,f1360a2ce911197128693e30e673db88fb496dad,decision_key_rate,statement,Заявление Председателя Банка России Эльвиры Набиуллиной по итогам заседания Совета директоров Банка России 14 февраля 2025 года,14.02.2025,"И то, что называется обычно инфляцией издержек, — это просто оборотная сторона спроса в инфляции и результат конкуренции между компаниями за дефицитные ресурсы, прежде всего за рабочую силу.",Economic activity,Backward-looking,Hawkish,5,1,0,2025-02-14,2025,False
manual_001741,manual,False,,f1360a2ce911197128693e30e673db88fb496dad,decision_key_rate,statement,Заявление Председателя Банка России Эльвиры Набиуллиной по итогам заседания Совета директоров Банка России 14 февраля 2025 года,14.02.2025,"И, повышая ключевую ставку, Центральный банк ограничивает рост именно основных затрат компаний, и этот выигрыш от повышения ставки, от сдерживания роста основных затрат намного превосходит рост процентных расходов.",Interest rate,Forward-looking,Dovish,1,0,1,2025-02-14,2025,False
manual_001742,manual,False,,f1360a2ce911197128693e30e673db88fb496dad,decision_key_rate,statement,Заявление Председателя Банка России Эльвиры Набиуллиной по итогам заседания Совета директоров Банка России 14 февраля 2025 года,14.02.2025,"Вы знаете, когда спрос чрезмерно высокий, то компании достаточно легко могут перекладывать все возросшие издержки в цены.",Economic activity,Backward-looking,Hawkish,5,1,0,2025-02-14,2025,False
manual_001743,manual,False,,f1360a2ce911197128693e30e673db88fb496dad,decision_key_rate,statement,Заявление Председателя Банка России Эльвиры Набиуллиной по итогам заседания Совета директоров Банка России 14 февраля 2025 года,14.02.2025,"Повышая ключевую ставку, мы охлаждаем спрос.",Interest rate,Forward-looking,Dovish,1,0,1,2025-02-14,2025,False
manual_001744,manual,False,,f1360a2ce911197128693e30e673db88fb496dad,decision_key_rate,statement,Заявление Председателя Банка России Эльвиры Набиуллиной по итогам заседания Совета директоров Банка России 14 февраля 2025 года,14.02.2025,"Это означает, мы, по сути, ставим бизнес перед выбором: если дальше пытаться переносить свои издержки на потребителей, то в этом случае, если спрос ограничен, такие компании, скорее всего, потеряют долю рынка.",Economic activity,Forward-looking,Dovish,5,0,1,2025-02-14,2025,False
manual_001745,manual,False,,f1360a2ce911197128693e30e673db88fb496dad,decision_key_rate,statement,Заявление Председателя Банка России Эльвиры Набиуллиной по итогам заседания Совета директоров Банка России 14 февраля 2025 года,14.02.2025,"А потерять долю рынка они не хотят, поэтому это стимул в том числе к снижению издержек, к повышению производительности труда, что, безусловно, необходимо для нашей экономики.",Economic activity,Forward-looking,Dovish,5,0,1,2025-02-14,2025,False
manual_001746,manual,False,,f1360a2ce911197128693e30e673db88fb496dad,decision_key_rate,statement,Заявление Председателя Банка России Эльвиры Набиуллиной по итогам заседания Совета директоров Банка России 14 февраля 2025 года,14.02.2025,ВОПРОС (агентство « Рейтер» ):,Other,Other,Other,11,2,5,2025-02-14,2025,False
manual_001747,manual,False,,f1360a2ce911197128693e30e673db88fb496dad,decision_key_rate,statement,Заявление Председателя Банка России Эльвиры Набиуллиной по итогам заседания Совета директоров Банка России 14 февраля 2025 года,14.02.2025,В последние дни мы видим рублевое ралли.,Exchange rate,Backward-looking,Dovish,9,1,1,2025-02-14,2025,False
manual_001748,manual,False,,f1360a2ce911197128693e30e673db88fb496dad,decision_key_rate,statement,Заявление Председателя Банка России Эльвиры Набиуллиной по итогам заседания Совета директоров Банка России 14 февраля 2025 года,14.02.2025,"По вашим оценкам, укрепление рубля уже влияет на инфляцию?",Exchange rate,Backward-looking,Dovish,9,1,1,2025-02-14,2025,False
manual_001749,manual,False,,f1360a2ce911197128693e30e673db88fb496dad,decision_key_rate,statement,Заявление Председателя Банка России Эльвиры Набиуллиной по итогам заседания Совета директоров Банка России 14 февраля 2025 года,14.02.2025,"И если оно продлится, более устойчивым станет, может ли это привести к более раннему снижению ставки?",Exchange rate,Forward-looking,Dovish,9,0,1,2025-02-14,2025,False
manual_001750,manual,False,,f1360a2ce911197128693e30e673db88fb496dad,decision_key_rate,statement,Заявление Председателя Банка России Эльвиры Набиуллиной по итогам заседания Совета директоров Банка России 14 февраля 2025 года,14.02.2025,Э.С. НАБИУЛЛИНА:,Other,Other,Other,11,2,5,2025-02-14,2025,True
manual_001751,manual,False,,f1360a2ce911197128693e30e673db88fb496dad,decision_key_rate,statement,Заявление Председателя Банка России Эльвиры Набиуллиной по итогам заседания Совета директоров Банка России 14 февраля 2025 года,14.02.2025,Укрепление рубля у нас происходит и происходило в декабре.,Exchange rate,Backward-looking,Dovish,9,1,1,2025-02-14,2025,False
manual_001752,manual,False,,f1360a2ce911197128693e30e673db88fb496dad,decision_key_rate,statement,Заявление Председателя Банка России Эльвиры Набиуллиной по итогам заседания Совета директоров Банка России 14 февраля 2025 года,14.02.2025,"Безусловно, это дезинфляционный фактор.",Exchange rate,Backward-looking,Dovish,9,1,1,2025-02-14,2025,False
manual_001753,manual,False,,f1360a2ce911197128693e30e673db88fb496dad,decision_key_rate,statement,Заявление Председателя Банка России Эльвиры Набиуллиной по итогам заседания Совета директоров Банка России 14 февраля 2025 года,14.02.2025,И укрепление рубля переносится в цены с лагом.,Exchange rate,Forward-looking,Dovish,9,0,1,2025-02-14,2025,False
manual_001754,manual,False,,f1360a2ce911197128693e30e673db88fb496dad,decision_key_rate,statement,Заявление Председателя Банка России Эльвиры Набиуллиной по итогам заседания Совета директоров Банка России 14 февраля 2025 года,14.02.2025,"Мы уже видим по ценам на те товары, которые зависят от валютного курса, замедление темпов роста.",Exchange rate,Backward-looking,Dovish,9,1,1,2025-02-14,2025,False
manual_001755,manual,False,,f1360a2ce911197128693e30e673db88fb496dad,decision_key_rate,statement,Заявление Председателя Банка России Эльвиры Набиуллиной по итогам заседания Совета директоров Банка России 14 февраля 2025 года,14.02.2025,"Прежде всего это касается смартфонов, бытовой техники, но, конечно, этот эффект разнесен во времени.",Exchange rate,Forward-looking,Dovish,9,0,1,2025-02-14,2025,False
manual_001756,manual,False,,f1360a2ce911197128693e30e673db88fb496dad,decision_key_rate,statement,Заявление Председателя Банка России Эльвиры Набиуллиной по итогам заседания Совета директоров Банка России 14 февраля 2025 года,14.02.2025,"Укрепление рубля, как я уже сказала, если оно будет устойчивым, — это дезинфляционный фактор, и мы будем его учитывать среди прочих факторов.",Exchange rate,Forward-looking,Dovish,9,0,1,2025-02-14,2025,False
manual_001757,manual,False,,f1360a2ce911197128693e30e673db88fb496dad,decision_key_rate,statement,Заявление Председателя Банка России Эльвиры Набиуллиной по итогам заседания Совета директоров Банка России 14 февраля 2025 года,14.02.2025,"Само по себе укрепление рубля не является единственным фактором, который может привести к приближению момента снижения ключевой ставки.",Exchange rate,Forward-looking,Neutral,9,0,2,2025-02-14,2025,False
manual_001758,manual,False,,f1360a2ce911197128693e30e673db88fb496dad,decision_key_rate,statement,Заявление Председателя Банка России Эльвиры Набиуллиной по итогам заседания Совета директоров Банка России 14 февраля 2025 года,14.02.2025,Надо будет смотреть и на остальные факторы.,Other,Forward-looking,Neutral,11,0,2,2025-02-14,2025,False
manual_001759,manual,False,,f1360a2ce911197128693e30e673db88fb496dad,decision_key_rate,statement,Заявление Председателя Банка России Эльвиры Набиуллиной по итогам заседания Совета директоров Банка России 14 февраля 2025 года,14.02.2025,ВОПРОС ( « Российская газета » ):,Other,Other,Other,11,2,5,2025-02-14,2025,False
manual_001760,manual,False,,f1360a2ce911197128693e30e673db88fb496dad,decision_key_rate,statement,Заявление Председателя Банка России Эльвиры Набиуллиной по итогам заседания Совета директоров Банка России 14 февраля 2025 года,14.02.2025,"В Резюме по ключевой ставке написано, что Совет директоров обсуждает, при каком развитии ситуации ставка может пойти вверх и вниз.",Interest rate,Forward-looking,Neutral,1,0,2,2025-02-14,2025,False
manual_001761,manual,False,,f1360a2ce911197128693e30e673db88fb496dad,decision_key_rate,statement,Заявление Председателя Банка России Эльвиры Набиуллиной по итогам заседания Совета директоров Банка России 14 февраля 2025 года,14.02.2025,"Скажите, пожалуйста, существует ли короткий набор самых важных индикаторов, которые позволят с высокой степенью предсказывать движение ставки и решения ЦБ?",Interest rate,Forward-looking,Neutral,1,0,2,2025-02-14,2025,False
manual_001762,manual,False,,f1360a2ce911197128693e30e673db88fb496dad,decision_key_rate,statement,Заявление Председателя Банка России Эльвиры Набиуллиной по итогам заседания Совета директоров Банка России 14 февраля 2025 года,14.02.2025,"Например, темпы инфляции, кредитование, инфляционные ожидания предприятий, курс рубля и бюджетные расходы.",Inflation,Backward-looking,Neutral,0,1,2,2025-02-14,2025,False
manual_001763,manual,False,,f1360a2ce911197128693e30e673db88fb496dad,decision_key_rate,statement,Заявление Председателя Банка России Эльвиры Набиуллиной по итогам заседания Совета директоров Банка России 14 февраля 2025 года,14.02.2025,"Вот этой золотой пятерки достаточно для того, чтобы понимать, куда двинется ставка — вверх или вниз?",Interest rate,Forward-looking,Neutral,1,0,2,2025-02-14,2025,False
manual_001764,manual,False,,f1360a2ce911197128693e30e673db88fb496dad,decision_key_rate,statement,Заявление Председателя Банка России Эльвиры Набиуллиной по итогам заседания Совета директоров Банка России 14 февраля 2025 года,14.02.2025,Э.С. НАБИУЛЛИНА:,Other,Other,Other,11,2,5,2025-02-14,2025,True
manual_001765,manual,False,,f1360a2ce911197128693e30e673db88fb496dad,decision_key_rate,statement,Заявление Председателя Банка России Эльвиры Набиуллиной по итогам заседания Совета директоров Банка России 14 февраля 2025 года,14.02.2025,"Действительно, вопрос об индикаторах, показателях основных, которые влияют на решение, периодически встает.",Interest rate,Backward-looking,Neutral,1,1,2,2025-02-14,2025,False
manual_001766,manual,False,,f1360a2ce911197128693e30e673db88fb496dad,decision_key_rate,statement,Заявление Председателя Банка России Эльвиры Набиуллиной по итогам заседания Совета директоров Банка России 14 февраля 2025 года,14.02.2025,"Мы Резюме и публикуем для того, чтобы объяснять логику наших действий, на что мы в первую очередь смотрим, потому что такого закрытого перечня индикаторов, увы, нет.",Interest rate,Backward-looking,Neutral,1,1,2,2025-02-14,2025,False
manual_001767,manual,False,,f1360a2ce911197128693e30e673db88fb496dad,decision_key_rate,statement,Заявление Председателя Банка России Эльвиры Набиуллиной по итогам заседания Совета директоров Банка России 14 февраля 2025 года,14.02.2025,"И мы анализируем практически все, что может повлиять на экономику, на инфляцию, — это широкий набор показателей, которые характеризуют и внешние условия, и внутренние условия экономики, в том числе в регионах, это очень важный аспект нашей работы.",Inflation,Forward-looking,Neutral,0,0,2,2025-02-14,2025,False
manual_001768,manual,False,,f1360a2ce911197128693e30e673db88fb496dad,decision_key_rate,statement,Заявление Председателя Банка России Эльвиры Набиуллиной по итогам заседания Совета директоров Банка России 14 февраля 2025 года,14.02.2025,"Наверное, из того, что вы перечислили, безусловно, мы смотрим на бюджет, но не столько на бюджетные расходы, сколько на дефицит, потому что это прежде всего влияет на динамику спроса.",Fiscal policy,Backward-looking,Hawkish,8,1,0,2025-02-14,2025,False
manual_001769,manual,False,,f1360a2ce911197128693e30e673db88fb496dad,decision_key_rate,statement,Заявление Председателя Банка России Эльвиры Набиуллиной по итогам заседания Совета директоров Банка России 14 февраля 2025 года,14.02.2025,"И на инфляционные ожидания бизнеса, безусловно, мы смотрим, но мы смотрим и на инфляционные ожидания населения очень внимательно.",Expectations,Backward-looking,Hawkish,4,1,0,2025-02-14,2025,False
manual_001770,manual,False,,f1360a2ce911197128693e30e673db88fb496dad,decision_key_rate,statement,Заявление Председателя Банка России Эльвиры Набиуллиной по итогам заседания Совета директоров Банка России 14 февраля 2025 года,14.02.2025,И нет наиболее важных индикаторов на любые времена — в разных ситуациях разные индикаторы приобретают больший вес.,Other,Backward-looking,Neutral,11,1,2,2025-02-14,2025,False
manual_001771,manual,False,,f1360a2ce911197128693e30e673db88fb496dad,decision_key_rate,statement,Заявление Председателя Банка России Эльвиры Набиуллиной по итогам заседания Совета директоров Банка России 14 февраля 2025 года,14.02.2025,"Обычно мы очень внимательно смотрим на те индикаторы, на те показатели, динамика которых больше всего отклоняется, скажем, от среднеисторического, от устойчивого тренда, или которые сильнее всего поменялись с прошлого заседания Совета директоров, потому что они могут нести больше информации о том, как меняется ситуация, как меняется инфляционное давление.",Inflation,Backward-looking,Neutral,0,1,2,2025-02-14,2025,False
manual_001772,manual,False,,f1360a2ce911197128693e30e673db88fb496dad,decision_key_rate,statement,Заявление Председателя Банка России Эльвиры Набиуллиной по итогам заседания Совета директоров Банка России 14 февраля 2025 года,14.02.2025,"Может быть, вы помните, почти год назад, в марте, когда такие вопросы возникали, мы опубликовали триггеры или скорее это области, на которые мы смотрим, для того чтобы изменить ключевую ставку: повысить или понизить.",Interest rate,Backward-looking,Neutral,1,1,2,2025-02-14,2025,False
manual_001773,manual,False,,f1360a2ce911197128693e30e673db88fb496dad,decision_key_rate,statement,Заявление Председателя Банка России Эльвиры Набиуллиной по итогам заседания Совета директоров Банка России 14 февраля 2025 года,14.02.2025,"Это касалось текущей инфляции, инфляционных ожиданий, потребительской активности, кредитования, состояния рынка труда — это очень важно, а также внешних рисков и рисков со стороны бюджета.",Inflation,Backward-looking,Risk-highlighting,0,1,3,2025-02-14,2025,False
manual_001774,manual,False,,f1360a2ce911197128693e30e673db88fb496dad,decision_key_rate,statement,Заявление Председателя Банка России Эльвиры Набиуллиной по итогам заседания Совета директоров Банка России 14 февраля 2025 года,14.02.2025,"С того момента, с марта прошлого года, реализовались как раз те риски или факторы, которые привели нас к необходимости повысить ключевую ставку.",Interest rate,Backward-looking,Hawkish,1,1,0,2025-02-14,2025,False
manual_001775,manual,False,,f1360a2ce911197128693e30e673db88fb496dad,decision_key_rate,statement,Заявление Председателя Банка России Эльвиры Набиуллиной по итогам заседания Совета директоров Банка России 14 февраля 2025 года,14.02.2025,"Я уже сказала, что в разное время разные факторы имеют значение.",Other,Backward-looking,Neutral,11,1,2,2025-02-14,2025,False
manual_001776,manual,False,,f1360a2ce911197128693e30e673db88fb496dad,decision_key_rate,statement,Заявление Председателя Банка России Эльвиры Набиуллиной по итогам заседания Совета директоров Банка России 14 февраля 2025 года,14.02.2025,"Сейчас мы прежде всего, конечно, смотрим на текущее инфляционное давление, на то, что происходит на рынке труда, потому что состояние рынка труда — это тоже один из показателей перегрева экономики (того, что происходит с перегревом экономики), на деловые настроения.",Inflation,Backward-looking,Hawkish,0,1,0,2025-02-14,2025,False
manual_001777,manual,False,,f1360a2ce911197128693e30e673db88fb496dad,decision_key_rate,statement,Заявление Председателя Банка России Эльвиры Набиуллиной по итогам заседания Совета директоров Банка России 14 февраля 2025 года,14.02.2025,"То есть хотим понять, насколько сильный перегрев спроса сохраняется в экономике.",Economic activity,Backward-looking,Hawkish,5,1,0,2025-02-14,2025,False
manual_001778,manual,False,,f1360a2ce911197128693e30e673db88fb496dad,decision_key_rate,statement,Заявление Председателя Банка России Эльвиры Набиуллиной по итогам заседания Совета директоров Банка России 14 февраля 2025 года,14.02.2025,"Еще одно направление, которое для нас сейчас очень важно, — это оценка жесткости денежно-кредитных условий: чтобы оценить, насколько набранной жесткости достаточно для того, чтобы инфляция устойчиво снижалась к цели.",Monetary conditions,Backward-looking,Dovish,2,1,1,2025-02-14,2025,False
manual_001779,manual,False,,f1360a2ce911197128693e30e673db88fb496dad,decision_key_rate,statement,Заявление Председателя Банка России Эльвиры Набиуллиной по итогам заседания Совета директоров Банка России 14 февраля 2025 года,14.02.2025,"Если коротко сказать, мы смотрим на текущую картину в целом с разными индикаторами, в разные периоды выделяя наиболее важные факторы, и пытаемся отразить это в Резюме, чтобы вам было понятно и общественности было понятно, что было наиболее важным при принятии решений.",Interest rate,Backward-looking,Neutral,1,1,2,2025-02-14,2025,False
manual_001780,manual,False,,f1360a2ce911197128693e30e673db88fb496dad,decision_key_rate,statement,Заявление Председателя Банка России Эльвиры Набиуллиной по итогам заседания Совета директоров Банка России 14 февраля 2025 года,14.02.2025,ВОПРОС (проект Market Power ):,Other,Other,Other,11,2,5,2025-02-14,2025,False
manual_001781,manual,False,,f1360a2ce911197128693e30e673db88fb496dad,decision_key_rate,statement,Заявление Председателя Банка России Эльвиры Набиуллиной по итогам заседания Совета директоров Банка России 14 февраля 2025 года,14.02.2025,Будет ли поводом для роста ключевой ставки ожидаемое смягчение денежно-кредитных условий из-за сужения спредов по ставкам фондирования банков или реакция кредита в январе — феврале позволяет не компенсировать это смягчение?,Interest rate,Forward-looking,Hawkish,1,0,0,2025-02-14,2025,False
manual_001782,manual,False,,f1360a2ce911197128693e30e673db88fb496dad,decision_key_rate,statement,Заявление Председателя Банка России Эльвиры Набиуллиной по итогам заседания Совета директоров Банка России 14 февраля 2025 года,14.02.2025,Э.С. НАБИУЛЛИНА:,Other,Other,Other,11,2,5,2025-02-14,2025,True
manual_001783,manual,False,,f1360a2ce911197128693e30e673db88fb496dad,decision_key_rate,statement,Заявление Председателя Банка России Эльвиры Набиуллиной по итогам заседания Совета директоров Банка России 14 февраля 2025 года,14.02.2025,"Действительно, спреды сузились, потому что мы скорректировали наши решения в банковском регулировании, прежде всего с точки зрения выполнения норматива краткосрочной ликвидности, — скорректировали график для банков, когда они должны достигнуть норматива ликвидности собственными силами, и расширили им возможности получать безотзывные кредитные линии.",Financial sector & Macroprudential policy,Backward-looking,Neutral,10,1,2,2025-02-14,2025,False
manual_001784,manual,False,,f1360a2ce911197128693e30e673db88fb496dad,decision_key_rate,statement,Заявление Председателя Банка России Эльвиры Набиуллиной по итогам заседания Совета директоров Банка России 14 февраля 2025 года,14.02.2025,И во многом это привело к сужению спредов.,Financial sector & Macroprudential policy,Backward-looking,Neutral,10,1,2,2025-02-14,2025,False
manual_001785,manual,False,,f1360a2ce911197128693e30e673db88fb496dad,decision_key_rate,statement,Заявление Председателя Банка России Эльвиры Набиуллиной по итогам заседания Совета директоров Банка России 14 февраля 2025 года,14.02.2025,"Но мы не считаем при этом, что сужение спредов привело к общему смягчению денежно-кредитных условий, которое нужно как-то компенсировать.",Monetary conditions,Backward-looking,Hawkish,2,1,0,2025-02-14,2025,False
manual_001786,manual,False,,f1360a2ce911197128693e30e673db88fb496dad,decision_key_rate,statement,Заявление Председателя Банка России Эльвиры Набиуллиной по итогам заседания Совета директоров Банка России 14 февраля 2025 года,14.02.2025,"Мы, наоборот, считаем, что денежно-кредитные условия, если их в целом анализировать, — и ценовые, и неценовые, и не только с точки зрения депозитов, но и по ценовым условиям кредитов, — мы считаем, что они не смягчились, они, наоборот, ужесточились.",Monetary conditions,Backward-looking,Dovish,2,1,1,2025-02-14,2025,False
manual_001787,manual,False,,f1360a2ce911197128693e30e673db88fb496dad,decision_key_rate,statement,Заявление Председателя Банка России Эльвиры Набиуллиной по итогам заседания Совета директоров Банка России 14 февраля 2025 года,14.02.2025,"ВОПРОС (газета «Коммерсантъ-Сибирь», Новосибирск):",Other,Other,Other,11,2,5,2025-02-14,2025,False
manual_001788,manual,False,,f1360a2ce911197128693e30e673db88fb496dad,decision_key_rate,statement,Заявление Председателя Банка России Эльвиры Набиуллиной по итогам заседания Совета директоров Банка России 14 февраля 2025 года,14.02.2025,Рост ключевой ставки приведет к удорожанию кредитных ресурсов.,Interest rate,Forward-looking,Hawkish,1,0,0,2025-02-14,2025,False
manual_001789,manual,False,,f1360a2ce911197128693e30e673db88fb496dad,decision_key_rate,statement,Заявление Председателя Банка России Эльвиры Набиуллиной по итогам заседания Совета директоров Банка России 14 февраля 2025 года,14.02.2025,Ожидается ли в этой ситуации рост числа банкротств компаний?,Financial sector & Macroprudential policy,Forward-looking,Risk-highlighting,10,0,3,2025-02-14,2025,False
manual_001790,manual,False,,f1360a2ce911197128693e30e673db88fb496dad,decision_key_rate,statement,Заявление Председателя Банка России Эльвиры Набиуллиной по итогам заседания Совета директоров Банка России 14 февраля 2025 года,14.02.2025,Э.С. НАБИУЛЛИНА:,Other,Other,Other,11,2,5,2025-02-14,2025,True
manual_001791,manual,False,,f1360a2ce911197128693e30e673db88fb496dad,decision_key_rate,statement,Заявление Председателя Банка России Эльвиры Набиуллиной по итогам заседания Совета директоров Банка России 14 февраля 2025 года,14.02.2025,"Нет, мы не ожидаем волны банкротств.",Financial sector & Macroprudential policy,Forward-looking,Confidence-building,10,0,4,2025-02-14,2025,False
manual_001792,manual,False,,f1360a2ce911197128693e30e673db88fb496dad,decision_key_rate,statement,Заявление Председателя Банка России Эльвиры Набиуллиной по итогам заседания Совета директоров Банка России 14 февраля 2025 года,14.02.2025,"Да, конечно, есть сильно закредитованные компании, для которых рост стоимости обслуживания долга — это важный фактор, фактор, который снижает их прибыль существенно.",Credit,Backward-looking,Neutral,3,1,2,2025-02-14,2025,False
manual_001793,manual,False,,f1360a2ce911197128693e30e673db88fb496dad,decision_key_rate,statement,Заявление Председателя Банка России Эльвиры Набиуллиной по итогам заседания Совета директоров Банка России 14 февраля 2025 года,14.02.2025,Но для большинства компаний финансовое положение прежде всего зависит от роста издержек.,Economic activity,Backward-looking,Neutral,5,1,2,2025-02-14,2025,False
manual_001794,manual,False,,f1360a2ce911197128693e30e673db88fb496dad,decision_key_rate,statement,Заявление Председателя Банка России Эльвиры Набиуллиной по итогам заседания Совета директоров Банка России 14 февраля 2025 года,14.02.2025,"Оно может ухудшаться, если будут продолжать расти такими же темпами основные издержки, связанные с сырьем, материалом, оплатой труда — я уже об этом говорила, — повышением тарифов, более дорогой транспортной логистикой, в том числе из-за санкций.",External conditions,Forward-looking,Risk-highlighting,7,0,3,2025-02-14,2025,False
manual_001795,manual,False,,f1360a2ce911197128693e30e673db88fb496dad,decision_key_rate,statement,Заявление Председателя Банка России Эльвиры Набиуллиной по итогам заседания Совета директоров Банка России 14 февраля 2025 года,14.02.2025,"И рост этих издержек — это как раз прямое следствие перегретого спроса, индикатором которого является высокая инфляция.",Economic activity,Backward-looking,Hawkish,5,1,0,2025-02-14,2025,False
manual_001796,manual,False,,f1360a2ce911197128693e30e673db88fb496dad,decision_key_rate,statement,Заявление Председателя Банка России Эльвиры Набиуллиной по итогам заседания Совета директоров Банка России 14 февраля 2025 года,14.02.2025,"Поэтому, на наш взгляд, для бизнеса не менее, чем для граждан, важно, чтобы инфляция как можно скорее вернулась к умеренному уровню, и для этого нужна высокая ключевая ставка.",Interest rate,Forward-looking,Hawkish,1,0,0,2025-02-14,2025,False
manual_001797,manual,False,,f1360a2ce911197128693e30e673db88fb496dad,decision_key_rate,statement,Заявление Председателя Банка России Эльвиры Набиуллиной по итогам заседания Совета директоров Банка России 14 февраля 2025 года,14.02.2025,"В целом бизнес, несмотря на рост и издержек в целом, и процентных расходов, сохраняет финансовую устойчивость.",Financial sector & Macroprudential policy,Backward-looking,Confidence-building,10,1,4,2025-02-14,2025,False
manual_001798,manual,False,,f1360a2ce911197128693e30e673db88fb496dad,decision_key_rate,statement,Заявление Председателя Банка России Эльвиры Набиуллиной по итогам заседания Совета директоров Банка России 14 февраля 2025 года,14.02.2025,"Мы также внимательно это отслеживаем, в том числе через то, насколько увеличивается или не увеличивается рост заявок в банки на реструктуризацию.",Financial sector & Macroprudential policy,Backward-looking,Neutral,10,1,2,2025-02-14,2025,False
manual_001799,manual,False,,f1360a2ce911197128693e30e673db88fb496dad,decision_key_rate,statement,Заявление Председателя Банка России Эльвиры Набиуллиной по итогам заседания Совета директоров Банка России 14 февраля 2025 года,14.02.2025,"Пока мы видим рост заявок на реструктуризацию в сегменте малого и среднего бизнеса, что, конечно, важно, но в целом объем реструктуризаций, количество реструктуризаций пока не превышает уровней 2023 года.",Financial sector & Macroprudential policy,Backward-looking,Neutral,10,1,2,2025-02-14,2025,False
manual_001800,manual,False,,f1360a2ce911197128693e30e673db88fb496dad,decision_key_rate,statement,Заявление Председателя Банка России Эльвиры Набиуллиной по итогам заседания Совета директоров Банка России 14 февраля 2025 года,14.02.2025,И качество банковских кредитов — тоже один из индикаторов (финансовой устойчивости бизнеса. — Ред.).,Financial sector & Macroprudential policy,Backward-looking,Neutral,10,1,2,2025-02-14,2025,False
manual_001801,manual,False,,f1360a2ce911197128693e30e673db88fb496dad,decision_key_rate,statement,Заявление Председателя Банка России Эльвиры Набиуллиной по итогам заседания Совета директоров Банка России 14 февраля 2025 года,14.02.2025,"Доля так называемых плохих корпоративных ссуд остается небольшой, меньше 4% — примерно 3,7%, это небольшая величина.",Financial sector & Macroprudential policy,Backward-looking,Confidence-building,10,1,4,2025-02-14,2025,False
manual_001802,manual,False,,f1360a2ce911197128693e30e673db88fb496dad,decision_key_rate,statement,Заявление Председателя Банка России Эльвиры Набиуллиной по итогам заседания Совета директоров Банка России 14 февраля 2025 года,14.02.2025,Поэтому мы за этим следим и каких-то здесь массовых проблем не ожидаем.,Financial sector & Macroprudential policy,Forward-looking,Confidence-building,10,0,4,2025-02-14,2025,False
manual_001803,manual,False,,f1360a2ce911197128693e30e673db88fb496dad,decision_key_rate,statement,Заявление Председателя Банка России Эльвиры Набиуллиной по итогам заседания Совета директоров Банка России 14 февраля 2025 года,14.02.2025,ВОПРОС (РИА Новости):,Other,Other,Other,11,2,5,2025-02-14,2025,True
manual_001804,manual,False,,f1360a2ce911197128693e30e673db88fb496dad,decision_key_rate,statement,Заявление Председателя Банка России Эльвиры Набиуллиной по итогам заседания Совета директоров Банка России 14 февраля 2025 года,14.02.2025,"На 10 февраля инфляция в России составила, по данным ЦБ, 10%.",Inflation,Backward-looking,Hawkish,0,1,0,2025-02-14,2025,False
manual_001805,manual,False,,f1360a2ce911197128693e30e673db88fb496dad,decision_key_rate,statement,Заявление Председателя Банка России Эльвиры Набиуллиной по итогам заседания Совета директоров Банка России 14 февраля 2025 года,14.02.2025,"Как вы считаете, когда будет пик инфляции, после которого она если не замедлится, но хотя бы выйдет на плато?",Inflation,Forward-looking,Dovish,0,0,1,2025-02-14,2025,False
manual_001806,manual,False,,f1360a2ce911197128693e30e673db88fb496dad,decision_key_rate,statement,Заявление Председателя Банка России Эльвиры Набиуллиной по итогам заседания Совета директоров Банка России 14 февраля 2025 года,14.02.2025,И когда мы вновь вернемся к инфляции в одну цифру хотя бы?,Inflation,Forward-looking,Dovish,0,0,1,2025-02-14,2025,False
manual_001807,manual,False,,f1360a2ce911197128693e30e673db88fb496dad,decision_key_rate,statement,Заявление Председателя Банка России Эльвиры Набиуллиной по итогам заседания Совета директоров Банка России 14 февраля 2025 года,14.02.2025,Э.С. НАБИУЛЛИНА:,Other,Other,Other,11,2,5,2025-02-14,2025,True
manual_001808,manual,False,,f1360a2ce911197128693e30e673db88fb496dad,decision_key_rate,statement,Заявление Председателя Банка России Эльвиры Набиуллиной по итогам заседания Совета директоров Банка России 14 февраля 2025 года,14.02.2025,"Действительно, инфляция сейчас неприемлемо высокая.",Inflation,Backward-looking,Hawkish,0,1,0,2025-02-14,2025,False
manual_001809,manual,False,,f1360a2ce911197128693e30e673db88fb496dad,decision_key_rate,statement,Заявление Председателя Банка России Эльвиры Набиуллиной по итогам заседания Совета директоров Банка России 14 февраля 2025 года,14.02.2025,"Что касается наших прогнозов по инфляции, мы повысили прогноз по инфляции на этот год.",Inflation,Forward-looking,Hawkish,0,0,0,2025-02-14,2025,False
manual_001810,manual,False,,f1360a2ce911197128693e30e673db88fb496dad,decision_key_rate,statement,Заявление Председателя Банка России Эльвиры Набиуллиной по итогам заседания Совета директоров Банка России 14 февраля 2025 года,14.02.2025,Здесь есть разные показатели.,Other,Other,Other,11,2,5,2025-02-14,2025,False
manual_001811,manual,False,,f1360a2ce911197128693e30e673db88fb496dad,decision_key_rate,statement,Заявление Председателя Банка России Эльвиры Набиуллиной по итогам заседания Совета директоров Банка России 14 февраля 2025 года,14.02.2025,"Есть годовая инфляция, та, которая мерит инфляцию за последние 12 месяцев.",Inflation,Backward-looking,Neutral,0,1,2,2025-02-14,2025,False
manual_001812,manual,False,,f1360a2ce911197128693e30e673db88fb496dad,decision_key_rate,statement,Заявление Председателя Банка России Эльвиры Набиуллиной по итогам заседания Совета директоров Банка России 14 февраля 2025 года,14.02.2025,"По сути дела, это сравнение инфляции, например, февраля этого года с февралем предыдущего года.",Inflation,Backward-looking,Neutral,0,1,2,2025-02-14,2025,False
manual_001813,manual,False,,f1360a2ce911197128693e30e673db88fb496dad,decision_key_rate,statement,Заявление Председателя Банка России Эльвиры Набиуллиной по итогам заседания Совета директоров Банка России 14 февраля 2025 года,14.02.2025,"И вот этот показатель годовой инфляции зависит от того, насколько будет выходить (из расчета. — Ред.) база прошлого года.",Inflation,Forward-looking,Neutral,0,0,2,2025-02-14,2025,False
manual_001814,manual,False,,f1360a2ce911197128693e30e673db88fb496dad,decision_key_rate,statement,Заявление Председателя Банка России Эльвиры Набиуллиной по итогам заседания Совета директоров Банка России 14 февраля 2025 года,14.02.2025,"И, по нашим оценкам, пик будет, наверное, где-то в апреле — мае.",Inflation,Forward-looking,Hawkish,0,0,0,2025-02-14,2025,False
manual_001815,manual,False,,f1360a2ce911197128693e30e673db88fb496dad,decision_key_rate,statement,Заявление Председателя Банка России Эльвиры Набиуллиной по итогам заседания Совета директоров Банка России 14 февраля 2025 года,14.02.2025,"Что касается текущей инфляции, это темп роста цен месяц к месяцу, который очищен от сезонных факторов, — на наш взгляд, она должна начать замедляться в ближайшее время.",Inflation,Forward-looking,Dovish,0,0,1,2025-02-14,2025,False
manual_001816,manual,False,,f1360a2ce911197128693e30e673db88fb496dad,decision_key_rate,statement,Заявление Председателя Банка России Эльвиры Набиуллиной по итогам заседания Совета директоров Банка России 14 февраля 2025 года,14.02.2025,Некоторое ее повышение возможно в связи с индексацией тарифов в июле.,Inflation,Forward-looking,Risk-highlighting,0,0,3,2025-02-14,2025,False
manual_001817,manual,False,,f1360a2ce911197128693e30e673db88fb496dad,decision_key_rate,statement,Заявление Председателя Банка России Эльвиры Набиуллиной по итогам заседания Совета директоров Банка России 14 февраля 2025 года,14.02.2025,"Но самое важное — мы рассчитываем, что к концу года эта месячная инфляция, которая характеризует как раз текущее ценовое давление, к концу года будет около 4% в пересчете на год.",Inflation,Forward-looking,Dovish,0,0,1,2025-02-14,2025,False
manual_001818,manual,False,,f1360a2ce911197128693e30e673db88fb496dad,decision_key_rate,statement,Заявление Председателя Банка России Эльвиры Набиуллиной по итогам заседания Совета директоров Банка России 14 февраля 2025 года,14.02.2025,"Но так как мы в начало года вошли с высокой инфляцией, то к концу года годовая инфляция будет 7–8%.",Inflation,Forward-looking,Hawkish,0,0,0,2025-02-14,2025,False
manual_001819,manual,False,,f1360a2ce911197128693e30e673db88fb496dad,decision_key_rate,statement,Заявление Председателя Банка России Эльвиры Набиуллиной по итогам заседания Совета директоров Банка России 14 февраля 2025 года,14.02.2025,ВОПРОС (проект Bitkogan ):,Other,Other,Other,11,2,5,2025-02-14,2025,False
manual_001820,manual,False,,f1360a2ce911197128693e30e673db88fb496dad,decision_key_rate,statement,Заявление Председателя Банка России Эльвиры Набиуллиной по итогам заседания Совета директоров Банка России 14 февраля 2025 года,14.02.2025,"Вы сейчас сказали, что пока преждевременно брать в расчет мирное соглашение и его вероятность.",External conditions,Forward-looking,Neutral,7,0,2,2025-02-14,2025,False
manual_001821,manual,False,,f1360a2ce911197128693e30e673db88fb496dad,decision_key_rate,statement,Заявление Председателя Банка России Эльвиры Набиуллиной по итогам заседания Совета директоров Банка России 14 февраля 2025 года,14.02.2025,"А на каком этапе должно быть мирное соглашение, какие-то договоренности должны быть, чтобы Банк России начал их всерьез закладывать в свою денежно-кредитную политику?",External conditions,Forward-looking,Neutral,7,0,2,2025-02-14,2025,False
manual_001822,manual,False,,f1360a2ce911197128693e30e673db88fb496dad,decision_key_rate,statement,Заявление Председателя Банка России Эльвиры Набиуллиной по итогам заседания Совета директоров Банка России 14 февраля 2025 года,14.02.2025,Э.С. НАБИУЛЛИНА:,Other,Other,Other,11,2,5,2025-02-14,2025,True
manual_001823,manual,False,,f1360a2ce911197128693e30e673db88fb496dad,decision_key_rate,statement,Заявление Председателя Банка России Эльвиры Набиуллиной по итогам заседания Совета директоров Банка России 14 февраля 2025 года,14.02.2025,"Вы знаете, совершенно не хотела бы на эту тему спекулировать.",Other,Other,Other,11,2,5,2025-02-14,2025,False
manual_001824,manual,False,,f1360a2ce911197128693e30e673db88fb496dad,decision_key_rate,statement,Заявление Председателя Банка России Эльвиры Набиуллиной по итогам заседания Совета директоров Банка России 14 февраля 2025 года,14.02.2025,Поживем — увидим.,Other,Other,Other,11,2,5,2025-02-14,2025,True
manual_001825,manual,False,,f1360a2ce911197128693e30e673db88fb496dad,decision_key_rate,statement,Заявление Председателя Банка России Эльвиры Набиуллиной по итогам заседания Совета директоров Банка России 14 февраля 2025 года,14.02.2025,"Я думаю, всем очевидно будет, когда это можно закладывать.",External conditions,Forward-looking,Neutral,7,0,2,2025-02-14,2025,False
manual_001826,manual,False,,f1360a2ce911197128693e30e673db88fb496dad,decision_key_rate,statement,Заявление Председателя Банка России Эльвиры Набиуллиной по итогам заседания Совета директоров Банка России 14 февраля 2025 года,14.02.2025,"Базовый сценарий наш сейчас, я уже об этом говорила, он исходит из неизменности геополитических условий.",External conditions,Forward-looking,Neutral,7,0,2,2025-02-14,2025,False
manual_001827,manual,False,,f1360a2ce911197128693e30e673db88fb496dad,decision_key_rate,statement,Заявление Председателя Банка России Эльвиры Набиуллиной по итогам заседания Совета директоров Банка России 14 февраля 2025 года,14.02.2025,ВОПРОС (телеграм-канал Economical ):,Other,Other,Other,11,2,5,2025-02-14,2025,False
manual_001828,manual,False,,f1360a2ce911197128693e30e673db88fb496dad,decision_key_rate,statement,Заявление Председателя Банка России Эльвиры Набиуллиной по итогам заседания Совета директоров Банка России 14 февраля 2025 года,14.02.2025,"Я изучил нормативные документы, которые регулируют деятельность Центрального банка, это наша Конституция и федеральные законы, и нигде не нашел там информацию о том, что у ЦБ есть мандат на то, чтобы замораживать вклады в коммерческих банках.",Financial sector & Macroprudential policy,Backward-looking,Risk-highlighting,10,1,3,2025-02-14,2025,False
manual_001829,manual,False,,f1360a2ce911197128693e30e673db88fb496dad,decision_key_rate,statement,Заявление Председателя Банка России Эльвиры Набиуллиной по итогам заседания Совета директоров Банка России 14 февраля 2025 года,14.02.2025,"Собственно, об этом много СМИ говорят и на самом деле много нелепых каких-то аргументов по этому поводу пишут.",Other,Backward-looking,Neutral,11,1,2,2025-02-14,2025,False
manual_001830,manual,False,,f1360a2ce911197128693e30e673db88fb496dad,decision_key_rate,statement,Заявление Председателя Банка России Эльвиры Набиуллиной по итогам заседания Совета директоров Банка России 14 февраля 2025 года,14.02.2025,"И у меня вопрос, которым я хотел бы, наверное, все эти обсуждения закончить: а есть ли на самом деле у Центрального банка такой мандат?",Financial sector & Macroprudential policy,Backward-looking,Neutral,10,1,2,2025-02-14,2025,False
manual_001831,manual,False,,f1360a2ce911197128693e30e673db88fb496dad,decision_key_rate,statement,Заявление Председателя Банка России Эльвиры Набиуллиной по итогам заседания Совета директоров Банка России 14 февраля 2025 года,14.02.2025,"Мы не говорим сейчас о частных случаях, когда отзыв лицензий происходит.",Financial sector & Macroprudential policy,Backward-looking,Neutral,10,1,2,2025-02-14,2025,False
manual_001832,manual,False,,f1360a2ce911197128693e30e673db88fb496dad,decision_key_rate,statement,Заявление Председателя Банка России Эльвиры Набиуллиной по итогам заседания Совета директоров Банка России 14 февраля 2025 года,14.02.2025,"И если есть, то какие критерии ЦБ будет предъявлять, чтобы воспользоваться этим мандатом?",Financial sector & Macroprudential policy,Forward-looking,Neutral,10,0,2,2025-02-14,2025,False
manual_001833,manual,False,,f1360a2ce911197128693e30e673db88fb496dad,decision_key_rate,statement,Заявление Председателя Банка России Эльвиры Набиуллиной по итогам заседания Совета директоров Банка России 14 февраля 2025 года,14.02.2025,Э.С. НАБИУЛЛИНА:,Other,Other,Other,11,2,5,2025-02-14,2025,True
manual_001834,manual,False,,f1360a2ce911197128693e30e673db88fb496dad,decision_key_rate,statement,Заявление Председателя Банка России Эльвиры Набиуллиной по итогам заседания Совета директоров Банка России 14 февраля 2025 года,14.02.2025,"Нет, у Банка России нет таких полномочий по законодательству.",Financial sector & Macroprudential policy,Backward-looking,Confidence-building,10,1,4,2025-02-14,2025,False
manual_001835,manual,False,,f1360a2ce911197128693e30e673db88fb496dad,decision_key_rate,statement,Заявление Председателя Банка России Эльвиры Набиуллиной по итогам заседания Совета директоров Банка России 14 февраля 2025 года,14.02.2025,"И кроме того, эти полномочия абсолютно не нужны.",Financial sector & Macroprudential policy,Backward-looking,Confidence-building,10,1,4,2025-02-14,2025,False
manual_001836,manual,False,,f1360a2ce911197128693e30e673db88fb496dad,decision_key_rate,statement,Заявление Председателя Банка России Эльвиры Набиуллиной по итогам заседания Совета директоров Банка России 14 февраля 2025 года,14.02.2025,"Как я уже говорила, это бессмыслица.",Other,Other,Other,11,2,5,2025-02-14,2025,False
manual_001837,manual,False,,f1360a2ce911197128693e30e673db88fb496dad,decision_key_rate,statement,Заявление Председателя Банка России Эльвиры Набиуллиной по итогам заседания Совета директоров Банка России 14 февраля 2025 года,14.02.2025,ВОПРОС (агентство «Блумберг»):,Other,Other,Other,11,2,5,2025-02-14,2025,False
manual_001838,manual,False,,f1360a2ce911197128693e30e673db88fb496dad,decision_key_rate,statement,Заявление Председателя Банка России Эльвиры Набиуллиной по итогам заседания Совета директоров Банка России 14 февраля 2025 года,14.02.2025,С начала января 60% санкционированных танкеров с нефтью стоят без движения.,External conditions,Backward-looking,Risk-highlighting,7,1,3,2025-02-14,2025,False
manual_001839,manual,False,,f1360a2ce911197128693e30e673db88fb496dad,decision_key_rate,statement,Заявление Председателя Банка России Эльвиры Набиуллиной по итогам заседания Совета директоров Банка России 14 февраля 2025 года,14.02.2025,"Рассматривает ли ЦБ риск того, что экспортная выручка сильно упадет в ближайшие месяцы?",External conditions,Forward-looking,Risk-highlighting,7,0,3,2025-02-14,2025,False
manual_001840,manual,False,,f1360a2ce911197128693e30e673db88fb496dad,decision_key_rate,statement,Заявление Председателя Банка России Эльвиры Набиуллиной по итогам заседания Совета директоров Банка России 14 февраля 2025 года,14.02.2025,Могут ли быть в связи с этим проблемы с предложением валюты в марте?,External conditions,Forward-looking,Risk-highlighting,7,0,3,2025-02-14,2025,False
manual_001841,manual,False,,f1360a2ce911197128693e30e673db88fb496dad,decision_key_rate,statement,Заявление Председателя Банка России Эльвиры Набиуллиной по итогам заседания Совета директоров Банка России 14 февраля 2025 года,14.02.2025,Э.С. НАБИУЛЛИНА:,Other,Other,Other,11,2,5,2025-02-14,2025,True
manual_001842,manual,False,,f1360a2ce911197128693e30e673db88fb496dad,decision_key_rate,statement,Заявление Председателя Банка России Эльвиры Набиуллиной по итогам заседания Совета директоров Банка России 14 февраля 2025 года,14.02.2025,"Пока мы не видим на рынке проблем с предложением валюты и отслеживаем продажу валютной выручки экспортерами, она не снижается.",External conditions,Backward-looking,Confidence-building,7,1,4,2025-02-14,2025,False
manual_001843,manual,False,,f1360a2ce911197128693e30e673db88fb496dad,decision_key_rate,statement,Заявление Председателя Банка России Эльвиры Набиуллиной по итогам заседания Совета директоров Банка России 14 февраля 2025 года,14.02.2025,"Что касается возможности снижения экспортной выручки, могут быть разные факторы.",External conditions,Forward-looking,Risk-highlighting,7,0,3,2025-02-14,2025,False
manual_001844,manual,False,,f1360a2ce911197128693e30e673db88fb496dad,decision_key_rate,statement,Заявление Председателя Банка России Эльвиры Набиуллиной по итогам заседания Совета директоров Банка России 14 февраля 2025 года,14.02.2025,"Это может быть связано и с развитием процессов в мировой экономике, с фрагментацией, торговыми войнами, которые могут привести к снижению темпов мировой экономики, повлиять на спрос (на наш экспорт. — Ред.).",External conditions,Forward-looking,Risk-highlighting,7,0,3,2025-02-14,2025,False
manual_001845,manual,False,,f1360a2ce911197128693e30e673db88fb496dad,decision_key_rate,statement,Заявление Председателя Банка России Эльвиры Набиуллиной по итогам заседания Совета директоров Банка России 14 февраля 2025 года,14.02.2025,Поэтому факторы могут быть разные.,Other,Forward-looking,Neutral,11,0,2,2025-02-14,2025,False
manual_001846,manual,False,,f1360a2ce911197128693e30e673db88fb496dad,decision_key_rate,statement,Заявление Председателя Банка России Эльвиры Набиуллиной по итогам заседания Совета директоров Банка России 14 февраля 2025 года,14.02.2025,Мы рассматриваем это в рамках рискового сценария.,External conditions,Forward-looking,Risk-highlighting,7,0,3,2025-02-14,2025,False
manual_001847,manual,False,,f1360a2ce911197128693e30e673db88fb496dad,decision_key_rate,statement,Заявление Председателя Банка России Эльвиры Набиуллиной по итогам заседания Совета директоров Банка России 14 февраля 2025 года,14.02.2025,"Мы каждый год представляем рисковый сценарий, и там учитываются в том числе и риски сокращения доходов от экспорта.",External conditions,Forward-looking,Risk-highlighting,7,0,3,2025-02-14,2025,False
manual_001848,manual,False,,f1360a2ce911197128693e30e673db88fb496dad,decision_key_rate,statement,Заявление Председателя Банка России Эльвиры Набиуллиной по итогам заседания Совета директоров Банка России 14 февраля 2025 года,14.02.2025,ВОПРОС (издание Fomag. ru. ):,Other,Other,Other,11,2,5,2025-02-14,2025,False
manual_001849,manual,False,,f1360a2ce911197128693e30e673db88fb496dad,decision_key_rate,statement,Заявление Председателя Банка России Эльвиры Набиуллиной по итогам заседания Совета директоров Банка России 14 февраля 2025 года,14.02.2025,"Вопрос про замедление кредитования, потому что есть несколько факторов контрнаправленных, то есть противоположных тому, что происходит.",Credit,Backward-looking,Neutral,3,1,2,2025-02-14,2025,False
manual_001850,manual,False,,f1360a2ce911197128693e30e673db88fb496dad,decision_key_rate,statement,Заявление Председателя Банка России Эльвиры Набиуллиной по итогам заседания Совета директоров Банка России 14 февраля 2025 года,14.02.2025,"Это вот то, что крупный бизнес, если ему не дают кредиты, он идет в размещение облигаций.",Credit,Backward-looking,Neutral,3,1,2,2025-02-14,2025,False
manual_001851,manual,False,,f1360a2ce911197128693e30e673db88fb496dad,decision_key_rate,statement,Заявление Председателя Банка России Эльвиры Набиуллиной по итогам заседания Совета директоров Банка России 14 февраля 2025 года,14.02.2025,"Другой фактор — это то, что заемщики поменьше, когда им не дают обычные кредиты, они идут в микрофинансы.",Credit,Backward-looking,Neutral,3,1,2,2025-02-14,2025,False
manual_001852,manual,False,,f1360a2ce911197128693e30e673db88fb496dad,decision_key_rate,statement,Заявление Председателя Банка России Эльвиры Набиуллиной по итогам заседания Совета директоров Банка России 14 февраля 2025 года,14.02.2025,"Еще один фактор — это то, что должники, когда им сложно справляться с кредитной нагрузкой, в последнее время стали откладывать свои платежи, и те деньги, которые предназначены для погашения долгов, они используют для того, чтобы в фондах ликвидности их покрутить, а потом, собственно, уже погашать свою задолженность.",Credit,Backward-looking,Neutral,3,1,2,2025-02-14,2025,False
manual_001853,manual,False,,f1360a2ce911197128693e30e673db88fb496dad,decision_key_rate,statement,Заявление Председателя Банка России Эльвиры Набиуллиной по итогам заседания Совета директоров Банка России 14 февраля 2025 года,14.02.2025,"Вот насколько эти факторы, которые противоположны тому, что делает Центральный банк, существенны, насколько они значимы?",Credit,Backward-looking,Neutral,3,1,2,2025-02-14,2025,False
manual_001854,manual,False,,f1360a2ce911197128693e30e673db88fb496dad,decision_key_rate,statement,Заявление Председателя Банка России Эльвиры Набиуллиной по итогам заседания Совета директоров Банка России 14 февраля 2025 года,14.02.2025,Либо они не имеют существенного значения?,Credit,Backward-looking,Neutral,3,1,2,2025-02-14,2025,False
manual_001855,manual,False,,f1360a2ce911197128693e30e673db88fb496dad,decision_key_rate,statement,Заявление Председателя Банка России Эльвиры Набиуллиной по итогам заседания Совета директоров Банка России 14 февраля 2025 года,14.02.2025,Э.С. НАБИУЛЛИНА:,Other,Other,Other,11,2,5,2025-02-14,2025,True
manual_001856,manual,False,,f1360a2ce911197128693e30e673db88fb496dad,decision_key_rate,statement,Заявление Председателя Банка России Эльвиры Набиуллиной по итогам заседания Совета директоров Банка России 14 февраля 2025 года,14.02.2025,"Безусловно, мы смотрим на те три фактора, о которых вы сказали, и не только на них.",Credit,Backward-looking,Neutral,3,1,2,2025-02-14,2025,False
manual_001857,manual,False,,f1360a2ce911197128693e30e673db88fb496dad,decision_key_rate,statement,Заявление Председателя Банка России Эльвиры Набиуллиной по итогам заседания Совета директоров Банка России 14 февраля 2025 года,14.02.2025,"Да, у нас есть рост рынка облигаций, и, на наш взгляд, это позитивно.",Monetary conditions,Backward-looking,Neutral,2,1,2,2025-02-14,2025,False
manual_001858,manual,False,,f1360a2ce911197128693e30e673db88fb496dad,decision_key_rate,statement,Заявление Председателя Банка России Эльвиры Набиуллиной по итогам заседания Совета директоров Банка России 14 февраля 2025 года,14.02.2025,"Но тем не менее, несмотря на такой рост рынка облигаций, все равно его объемы и объемы привлечения гораздо меньше (чем объемы банковского кредитования. — Ред.).",Monetary conditions,Backward-looking,Neutral,2,1,2,2025-02-14,2025,False
manual_001859,manual,False,,f1360a2ce911197128693e30e673db88fb496dad,decision_key_rate,statement,Заявление Председателя Банка России Эльвиры Набиуллиной по итогам заседания Совета директоров Банка России 14 февраля 2025 года,14.02.2025,"Кстати, обычно смотрят сейчас на то, сколько облигаций разместили, а надо смотреть на чистое размещение за минусом погашения и смотреть по годам — там нет такого прямо бурного всплеска и есть еще некоторая при этом сезонность.",Monetary conditions,Backward-looking,Neutral,2,1,2,2025-02-14,2025,False
manual_001860,manual,False,,f1360a2ce911197128693e30e673db88fb496dad,decision_key_rate,statement,Заявление Председателя Банка России Эльвиры Набиуллиной по итогам заседания Совета директоров Банка России 14 февраля 2025 года,14.02.2025,Поэтому мы здесь какого-то такого большого перетока не видим.,Monetary conditions,Backward-looking,Neutral,2,1,2,2025-02-14,2025,False
manual_001861,manual,False,,f1360a2ce911197128693e30e673db88fb496dad,decision_key_rate,statement,Заявление Председателя Банка России Эльвиры Набиуллиной по итогам заседания Совета директоров Банка России 14 февраля 2025 года,14.02.2025,"Но если компании будут привлекать больше на рынке облигаций и меньше брать кредиты, это все равно заимствование в другой форме, но это абсолютно нормальное явление.",Monetary conditions,Forward-looking,Neutral,2,0,2,2025-02-14,2025,False
manual_001862,manual,False,,f1360a2ce911197128693e30e673db88fb496dad,decision_key_rate,statement,Заявление Председателя Банка России Эльвиры Набиуллиной по итогам заседания Совета директоров Банка России 14 февраля 2025 года,14.02.2025,"Мы всегда говорили, что мы хотели бы, чтобы фондовый рынок развивался и компании привлекали средства через облигации и через акции, долевое финансирование.",Financial sector & Macroprudential policy,Forward-looking,Neutral,10,0,2,2025-02-14,2025,False
manual_001863,manual,False,,f1360a2ce911197128693e30e673db88fb496dad,decision_key_rate,statement,Заявление Председателя Банка России Эльвиры Набиуллиной по итогам заседания Совета директоров Банка России 14 февраля 2025 года,14.02.2025,"Что касается возможного перетока в микрофинансовые организации, если говорить о заемщиках — физических лицах, мы большого перетока не видим.",Credit,Backward-looking,Neutral,3,1,2,2025-02-14,2025,False
manual_001864,manual,False,,f1360a2ce911197128693e30e673db88fb496dad,decision_key_rate,statement,Заявление Председателя Банка России Эльвиры Набиуллиной по итогам заседания Совета директоров Банка России 14 февраля 2025 года,14.02.2025,И просто эти рынки совсем не сопоставимы по масштабам.,Credit,Backward-looking,Neutral,3,1,2,2025-02-14,2025,False
manual_001865,manual,False,,f1360a2ce911197128693e30e673db88fb496dad,decision_key_rate,statement,Заявление Председателя Банка России Эльвиры Набиуллиной по итогам заседания Совета директоров Банка России 14 февраля 2025 года,14.02.2025,"Десятые доли процентов — это то, сколько берут граждане в микрофинансовых организациях по сравнению с тем, сколько кредитов они берут в банках.",Credit,Backward-looking,Neutral,3,1,2,2025-02-14,2025,False
manual_001866,manual,False,,f1360a2ce911197128693e30e673db88fb496dad,decision_key_rate,statement,Заявление Председателя Банка России Эльвиры Набиуллиной по итогам заседания Совета директоров Банка России 14 февраля 2025 года,14.02.2025,"И такому перетоку будет мешать в том числе наше макропруденциальное регулирование, оно выровнено по банкам и по микрофинансовым организациям.",Financial sector & Macroprudential policy,Forward-looking,Neutral,10,0,2,2025-02-14,2025,False
manual_001867,manual,False,,f1360a2ce911197128693e30e673db88fb496dad,decision_key_rate,statement,Заявление Председателя Банка России Эльвиры Набиуллиной по итогам заседания Совета директоров Банка России 14 февраля 2025 года,14.02.2025,"Что касается откладывания платежей, мы смотрим тоже и за платежной дисциплиной.",Credit,Backward-looking,Neutral,3,1,2,2025-02-14,2025,False
manual_001868,manual,False,,f1360a2ce911197128693e30e673db88fb496dad,decision_key_rate,statement,Заявление Председателя Банка России Эльвиры Набиуллиной по итогам заседания Совета директоров Банка России 14 февраля 2025 года,14.02.2025,Пока каких-то очень больших проблем здесь не видим.,Credit,Backward-looking,Confidence-building,3,1,4,2025-02-14,2025,False
manual_001869,manual,False,,f1360a2ce911197128693e30e673db88fb496dad,decision_key_rate,statement,Заявление Председателя Банка России Эльвиры Набиуллиной по итогам заседания Совета директоров Банка России 14 февраля 2025 года,14.02.2025,ВОПРОС (журнал «Эксперт»):.,Other,Other,Other,11,2,5,2025-02-14,2025,False
manual_001870,manual,False,,f1360a2ce911197128693e30e673db88fb496dad,decision_key_rate,statement,Заявление Председателя Банка России Эльвиры Набиуллиной по итогам заседания Совета директоров Банка России 14 февраля 2025 года,14.02.2025,"Аналитики среди проинфляционных факторов, наиболее весомых, выделяют повышение тарифов на ЖКХ в среднем на 12%, которое заложено в бюджете на 2025 год.",Inflation,Forward-looking,Hawkish,0,0,0,2025-02-14,2025,False
manual_001871,manual,False,,f1360a2ce911197128693e30e673db88fb496dad,decision_key_rate,statement,Заявление Председателя Банка России Эльвиры Набиуллиной по итогам заседания Совета директоров Банка России 14 февраля 2025 года,14.02.2025,"И также они напоминают, что в 2018 году Банк России убедил Минфин снизить темпы индексации тарифов на ЖКХ в среднем до 4% в год.",Inflation,Backward-looking,Dovish,0,1,1,2025-02-14,2025,False
manual_001872,manual,False,,f1360a2ce911197128693e30e673db88fb496dad,decision_key_rate,statement,Заявление Председателя Банка России Эльвиры Набиуллиной по итогам заседания Совета директоров Банка России 14 февраля 2025 года,14.02.2025,"В результате с 2018 по 2020 год тарифы росли в диапазоне от 3,6 до 4,3%.",Inflation,Backward-looking,Dovish,0,1,1,2025-02-14,2025,False
manual_001873,manual,False,,f1360a2ce911197128693e30e673db88fb496dad,decision_key_rate,statement,Заявление Председателя Банка России Эльвиры Набиуллиной по итогам заседания Совета директоров Банка России 14 февраля 2025 года,14.02.2025,"И, по данным Росстата, инфляция за тот же период составляла от 3 до 4,9%.",Inflation,Backward-looking,Dovish,0,1,1,2025-02-14,2025,False
manual_001874,manual,False,,f1360a2ce911197128693e30e673db88fb496dad,decision_key_rate,statement,Заявление Председателя Банка России Эльвиры Набиуллиной по итогам заседания Совета директоров Банка России 14 февраля 2025 года,14.02.2025,"Подскажите, пожалуйста, считаете ли вы фактор снижения темпов индексации до таргета по инфляции важным дезинфляционным фактором в текущих реалиях?",Inflation,Forward-looking,Dovish,0,0,1,2025-02-14,2025,False
manual_001875,manual,False,,f1360a2ce911197128693e30e673db88fb496dad,decision_key_rate,statement,Заявление Председателя Банка России Эльвиры Набиуллиной по итогам заседания Совета директоров Банка России 14 февраля 2025 года,14.02.2025,Мог бы он помочь?,Other,Other,Other,11,2,5,2025-02-14,2025,True
manual_001876,manual,False,,f1360a2ce911197128693e30e673db88fb496dad,decision_key_rate,statement,Заявление Председателя Банка России Эльвиры Набиуллиной по итогам заседания Совета директоров Банка России 14 февраля 2025 года,14.02.2025,"И какая у Банка России позиция по поводу повышения индексации тарифов, заложенного в бюджете?",Inflation,Forward-looking,Neutral,0,0,2,2025-02-14,2025,False
manual_001877,manual,False,,f1360a2ce911197128693e30e673db88fb496dad,decision_key_rate,statement,Заявление Председателя Банка России Эльвиры Набиуллиной по итогам заседания Совета директоров Банка России 14 февраля 2025 года,14.02.2025,Э.С. НАБИУЛЛИНА:.,Other,Other,Other,11,2,5,2025-02-14,2025,True
manual_001878,manual,False,,f1360a2ce911197128693e30e673db88fb496dad,decision_key_rate,statement,Заявление Председателя Банка России Эльвиры Набиуллиной по итогам заседания Совета директоров Банка России 14 февраля 2025 года,14.02.2025,"Снижение темпов индексации тарифов естественных монополий и ЖКХ, действительно, в период с 2016 по 2018 год — это был важный дезинфляционный фактор.",Inflation,Backward-looking,Dovish,0,1,1,2025-02-14,2025,False
manual_001879,manual,False,,f1360a2ce911197128693e30e673db88fb496dad,decision_key_rate,statement,Заявление Председателя Банка России Эльвиры Набиуллиной по итогам заседания Совета директоров Банка России 14 февраля 2025 года,14.02.2025,"И действительно, эти меры Правительства очень помогали Центральному банку тогда добиться того, чтобы инфляция стабилизировалась, относительно стабилизировалась у цели 4%.",Inflation,Backward-looking,Dovish,0,1,1,2025-02-14,2025,False
manual_001880,manual,False,,f1360a2ce911197128693e30e673db88fb496dad,decision_key_rate,statement,Заявление Председателя Банка России Эльвиры Набиуллиной по итогам заседания Совета директоров Банка России 14 февраля 2025 года,14.02.2025,"Конечно, повышение тарифов ЖКХ высокими темпами — это проинфляционный фактор.",Inflation,Backward-looking,Hawkish,0,1,0,2025-02-14,2025,False
manual_001881,manual,False,,f1360a2ce911197128693e30e673db88fb496dad,decision_key_rate,statement,Заявление Председателя Банка России Эльвиры Набиуллиной по итогам заседания Совета директоров Банка России 14 февраля 2025 года,14.02.2025,И почему еще это проинфляционный фактор?,Inflation,Backward-looking,Hawkish,0,1,0,2025-02-14,2025,False
manual_001882,manual,False,,f1360a2ce911197128693e30e673db88fb496dad,decision_key_rate,statement,Заявление Председателя Банка России Эльвиры Набиуллиной по итогам заседания Совета директоров Банка России 14 февраля 2025 года,14.02.2025,"Потому что сами по себе жилищно-коммунальные услуги, может быть, составляют не очень большую долю в корзине потребления граждан, около 6%, если я не ошибаюсь, но рост тарифов на жилищно-коммунальные услуги, если он происходит высокими темпами, подогревает инфляционные ожидания, имеет вторичный инфляционный эффект.",Inflation,Backward-looking,Hawkish,0,1,0,2025-02-14,2025,False
manual_001883,manual,False,,f1360a2ce911197128693e30e673db88fb496dad,decision_key_rate,statement,Заявление Председателя Банка России Эльвиры Набиуллиной по итогам заседания Совета директоров Банка России 14 февраля 2025 года,14.02.2025,"И то, что высокие инфляционные ожидания у нас сохраняются, это требует от нас более жесткой денежно-кредитной политики.",Expectations,Backward-looking,Hawkish,4,1,0,2025-02-14,2025,False
manual_001884,manual,False,,f1360a2ce911197128693e30e673db88fb496dad,decision_key_rate,statement,Заявление Председателя Банка России Эльвиры Набиуллиной по итогам заседания Совета директоров Банка России 14 февраля 2025 года,14.02.2025,"Но мы понимаем, что, когда издержки и цены в экономике растут высокими темпами продолжительное время, а это у нас уже, к сожалению, четвертый год, нужна определенная индексация тарифов жилищно-коммунальных услуг, потому что у этих компаний тоже есть свои финансовые модели и так далее.",Inflation,Backward-looking,Hawkish,0,1,0,2025-02-14,2025,False
manual_001885,manual,False,,f1360a2ce911197128693e30e673db88fb496dad,decision_key_rate,statement,Заявление Председателя Банка России Эльвиры Набиуллиной по итогам заседания Совета директоров Банка России 14 февраля 2025 года,14.02.2025,"Здесь очень важно найти баланс, потому что это не может быть просто перекладывание издержек (компаний, оказывающих такие услуги. — Ред.) в тарифы для населения и сохранение неэффективности в ряде случаев, неэффективных издержек предприятий.",Inflation,Forward-looking,Risk-highlighting,0,0,3,2025-02-14,2025,False
manual_001886,manual,False,,f1360a2ce911197128693e30e673db88fb496dad,decision_key_rate,statement,Заявление Председателя Банка России Эльвиры Набиуллиной по итогам заседания Совета директоров Банка России 14 февраля 2025 года,14.02.2025,Поэтому здесь должен быть найден баланс.,Other,Forward-looking,Neutral,11,0,2,2025-02-14,2025,False
manual_001887,manual,False,,f1360a2ce911197128693e30e673db88fb496dad,decision_key_rate,statement,Заявление Председателя Банка России Эльвиры Набиуллиной по итогам заседания Совета директоров Банка России 14 февраля 2025 года,14.02.2025,Это прерогатива Правительства.,Fiscal policy,Backward-looking,Neutral,8,1,2,2025-02-14,2025,False
manual_001888,manual,False,,f1360a2ce911197128693e30e673db88fb496dad,decision_key_rate,statement,Заявление Председателя Банка России Эльвиры Набиуллиной по итогам заседания Совета директоров Банка России 14 февраля 2025 года,14.02.2025,"Мы со своей стороны посмотрели, какой вклад вносит эта повышенная индексация тарифов в инфляцию по сравнению с тем вариантом, если бы тарифы индексировались, как это было в предыдущие годы, на целевую инфляцию, на 4%.",Inflation,Backward-looking,Hawkish,0,1,0,2025-02-14,2025,False
manual_001889,manual,False,,f1360a2ce911197128693e30e673db88fb496dad,decision_key_rate,statement,Заявление Председателя Банка России Эльвиры Набиуллиной по итогам заседания Совета директоров Банка России 14 февраля 2025 года,14.02.2025,"По нашим оценкам, это вклад в инфляцию в полпроцентного пункта.",Inflation,Backward-looking,Hawkish,0,1,0,2025-02-14,2025,False
manual_001890,manual,False,,f1360a2ce911197128693e30e673db88fb496dad,decision_key_rate,statement,Заявление Председателя Банка России Эльвиры Набиуллиной по итогам заседания Совета директоров Банка России 14 февраля 2025 года,14.02.2025,ВОПРОС (телеканал НТВ:.,Other,Other,Other,11,2,5,2025-02-14,2025,True
manual_001891,manual,False,,f1360a2ce911197128693e30e673db88fb496dad,decision_key_rate,statement,Заявление Председателя Банка России Эльвиры Набиуллиной по итогам заседания Совета директоров Банка России 14 февраля 2025 года,14.02.2025,"Летом сообщалось, что на решение Банка Англии повлиял концертный тур Тейлор Свифт, что в городах, где проходили концерты, резко возрастали траты.",Economic activity,Backward-looking,Hawkish,5,1,0,2025-02-14,2025,False
manual_001892,manual,False,,f1360a2ce911197128693e30e673db88fb496dad,decision_key_rate,statement,Заявление Председателя Банка России Эльвиры Набиуллиной по итогам заседания Совета директоров Банка России 14 февраля 2025 года,14.02.2025,"У нас, конечно, не тур Тейлор Свифт, но у нас сегодня 14 февраля, потом сразу 23 Февраля, потом 8 Марта — это все траты на рестораны, продукты, цветы, конечно.",Economic activity,Forward-looking,Hawkish,5,0,0,2025-02-14,2025,False
manual_001893,manual,False,,f1360a2ce911197128693e30e673db88fb496dad,decision_key_rate,statement,Заявление Председателя Банка России Эльвиры Набиуллиной по итогам заседания Совета директоров Банка России 14 февраля 2025 года,14.02.2025,Насколько сильно влияют на инфляцию такие однодневные праздники с массовыми тратами россиян?,Inflation,Backward-looking,Neutral,0,1,2,2025-02-14,2025,False
manual_001894,manual,False,,f1360a2ce911197128693e30e673db88fb496dad,decision_key_rate,statement,Заявление Председателя Банка России Эльвиры Набиуллиной по итогам заседания Совета директоров Банка России 14 февраля 2025 года,14.02.2025,И учитывает ли ЦБ это при принятии решения?,Interest rate,Forward-looking,Neutral,1,0,2,2025-02-14,2025,False
manual_001895,manual,False,,f1360a2ce911197128693e30e673db88fb496dad,decision_key_rate,statement,Заявление Председателя Банка России Эльвиры Набиуллиной по итогам заседания Совета директоров Банка России 14 февраля 2025 года,14.02.2025,Э.С. НАБИУЛЛИНА:.,Other,Other,Other,11,2,5,2025-02-14,2025,True
manual_001896,manual,False,,f1360a2ce911197128693e30e673db88fb496dad,decision_key_rate,statement,Заявление Председателя Банка России Эльвиры Набиуллиной по итогам заседания Совета директоров Банка России 14 февраля 2025 года,14.02.2025,Сразу могу дать ответ: праздники не мешают низкой инфляции.,Inflation,Backward-looking,Dovish,0,1,1,2025-02-14,2025,False
manual_001897,manual,False,,f1360a2ce911197128693e30e673db88fb496dad,decision_key_rate,statement,Заявление Председателя Банка России Эльвиры Набиуллиной по итогам заседания Совета директоров Банка России 14 февраля 2025 года,14.02.2025,"Конечно, мы такие факторы учитываем, но здесь есть отличия.",Other,Backward-looking,Neutral,11,1,2,2025-02-14,2025,False
manual_001898,manual,False,,f1360a2ce911197128693e30e673db88fb496dad,decision_key_rate,statement,Заявление Председателя Банка России Эльвиры Набиуллиной по итогам заседания Совета директоров Банка России 14 февраля 2025 года,14.02.2025,"Концерт, например, или Чемпионат мира по футболу — это разовые события, а праздники случаются каждый год в одно и то же время.",Economic activity,Backward-looking,Neutral,5,1,2,2025-02-14,2025,False
manual_001899,manual,False,,f1360a2ce911197128693e30e673db88fb496dad,decision_key_rate,statement,Заявление Председателя Банка России Эльвиры Набиуллиной по итогам заседания Совета директоров Банка России 14 февраля 2025 года,14.02.2025,"И если говорить экономическим языком, они носят сезонный характер, и эта сезонность, естественно, нами учитывается.",Inflation,Backward-looking,Confidence-building,0,1,4,2025-02-14,2025,False
manual_001900,manual,False,,f1360a2ce911197128693e30e673db88fb496dad,decision_key_rate,statement,Заявление Председателя Банка России Эльвиры Набиуллиной по итогам заседания Совета директоров Банка России 14 февраля 2025 года,14.02.2025,"И вы сами знаете, например, перед 8 марта цены на цветы сильно растут, а после 8 марта сразу откатываются назад.",Inflation,Backward-looking,Neutral,0,1,2,2025-02-14,2025,False
manual_001901,manual,False,,f1360a2ce911197128693e30e673db88fb496dad,decision_key_rate,statement,Заявление Председателя Банка России Эльвиры Набиуллиной по итогам заседания Совета директоров Банка России 14 февраля 2025 года,14.02.2025,"Это происходит из года в год, и это не влияет ни на инфляцию в целом по году, ни на инфляционные ожидания.",Inflation,Backward-looking,Confidence-building,0,1,4,2025-02-14,2025,False
manual_001902,manual,False,,f1360a2ce911197128693e30e673db88fb496dad,decision_key_rate,statement,Заявление Председателя Банка России Эльвиры Набиуллиной по итогам заседания Совета директоров Банка России 14 февраля 2025 года,14.02.2025,А.Б. ЗАБОТКИН:.,Other,Other,Other,11,2,5,2025-02-14,2025,True
manual_001903,manual,False,,f1360a2ce911197128693e30e673db88fb496dad,decision_key_rate,statement,Заявление Председателя Банка России Эльвиры Набиуллиной по итогам заседания Совета директоров Банка России 14 февраля 2025 года,14.02.2025,"Я бы даже сказал, что то, что происходит с ценами на цветы накануне 8 марта и непосредственно 8 марта, не влияет на инфляцию марта в целом, потому что к концу марта, а точнее уже 15 марта, цены возвращаются туда же, где они были на начало марта.",Inflation,Backward-looking,Confidence-building,0,1,4,2025-02-14,2025,False
manual_001904,manual,False,,f1360a2ce911197128693e30e673db88fb496dad,decision_key_rate,statement,Заявление Председателя Банка России Эльвиры Набиуллиной по итогам заседания Совета директоров Банка России 14 февраля 2025 года,14.02.2025,"ВОПРОС (газета «Красный Север», Вологда):.",Other,Other,Other,11,2,5,2025-02-14,2025,False
manual_001905,manual,False,,f1360a2ce911197128693e30e673db88fb496dad,decision_key_rate,statement,Заявление Председателя Банка России Эльвиры Набиуллиной по итогам заседания Совета директоров Банка России 14 февраля 2025 года,14.02.2025,"По данным Банка России, выдача ипотеки в минувшем году вернулась к адекватным значениям после перегретого господдержкой 2023 года.",Credit,Backward-looking,Dovish,3,1,1,2025-02-14,2025,False
manual_001906,manual,False,,f1360a2ce911197128693e30e673db88fb496dad,decision_key_rate,statement,Заявление Председателя Банка России Эльвиры Набиуллиной по итогам заседания Совета директоров Банка России 14 февраля 2025 года,14.02.2025,"Тогда, напомню, ипотечный портфель вырос на 30 с лишним процентов, в 2024 году — на 13,4%.",Credit,Backward-looking,Dovish,3,1,1,2025-02-14,2025,False
manual_001907,manual,False,,f1360a2ce911197128693e30e673db88fb496dad,decision_key_rate,statement,Заявление Председателя Банка России Эльвиры Набиуллиной по итогам заседания Совета директоров Банка России 14 февраля 2025 года,14.02.2025,Удается ли при этом решить главную проблему — это обеспечить людей доступным жильем?,Economic activity,Backward-looking,Neutral,5,1,2,2025-02-14,2025,False
manual_001908,manual,False,,f1360a2ce911197128693e30e673db88fb496dad,decision_key_rate,statement,Заявление Председателя Банка России Эльвиры Набиуллиной по итогам заседания Совета директоров Банка России 14 февраля 2025 года,14.02.2025,Э.С. НАБИУЛЛИНА:.,Other,Other,Other,11,2,5,2025-02-14,2025,True
manual_001909,manual,False,,f1360a2ce911197128693e30e673db88fb496dad,decision_key_rate,statement,Заявление Председателя Банка России Эльвиры Набиуллиной по итогам заседания Совета директоров Банка России 14 февраля 2025 года,14.02.2025,"Вы абсолютно правы, когда сказали, что вернулись темпы роста ипотеки к более адекватным уровням.",Credit,Backward-looking,Dovish,3,1,1,2025-02-14,2025,False
manual_001910,manual,False,,f1360a2ce911197128693e30e673db88fb496dad,decision_key_rate,statement,Заявление Председателя Банка России Эльвиры Набиуллиной по итогам заседания Совета директоров Банка России 14 февраля 2025 года,14.02.2025,"И также абсолютно правы, что основное — это доступность жилья, а не просто доступность ипотеки.",Credit,Backward-looking,Neutral,3,1,2,2025-02-14,2025,False
manual_001911,manual,False,,f1360a2ce911197128693e30e673db88fb496dad,decision_key_rate,statement,Заявление Председателя Банка России Эльвиры Набиуллиной по итогам заседания Совета директоров Банка России 14 февраля 2025 года,14.02.2025,"Ипотека сама по себе не может обеспечить доступность жилья, даже если будут низкие процентные ставки, потому что основной фактор, основное условие доступности жилья — это когда рост доходов населения, рост доходов людей не отстает, а лучше — опережает рост цен на жилье.",Inflation,Forward-looking,Neutral,0,0,2,2025-02-14,2025,False
manual_001912,manual,False,,f1360a2ce911197128693e30e673db88fb496dad,decision_key_rate,statement,Заявление Председателя Банка России Эльвиры Набиуллиной по итогам заседания Совета директоров Банка России 14 февраля 2025 года,14.02.2025,У нас в последние годы было наоборот: рост цен опережал рост доходов населения.,Inflation,Backward-looking,Hawkish,0,1,0,2025-02-14,2025,False
manual_001913,manual,False,,f1360a2ce911197128693e30e673db88fb496dad,decision_key_rate,statement,Заявление Председателя Банка России Эльвиры Набиуллиной по итогам заседания Совета директоров Банка России 14 февраля 2025 года,14.02.2025,"Сейчас ситуация меняется, и мы видим, что и после повышения ключевой ставки, и после отмены безадресной ипотеки — у нас осталась, кстати, достаточно широкомасштабная адресная ипотека, — но вот с отменой такой массовой безадресной ипотеки подорожание жилья замедлилось.",Interest rate,Backward-looking,Dovish,1,1,1,2025-02-14,2025,False
manual_001914,manual,False,,f1360a2ce911197128693e30e673db88fb496dad,decision_key_rate,statement,Заявление Председателя Банка России Эльвиры Набиуллиной по итогам заседания Совета директоров Банка России 14 февраля 2025 года,14.02.2025,"А в ряде регионов мы видим, по последним данным, в IV квартале некоторые цены даже снижались, и среди тех регионов, где цены снижались, есть так называемые перегретые регионы.",Inflation,Backward-looking,Dovish,0,1,1,2025-02-14,2025,False
manual_001915,manual,False,,f1360a2ce911197128693e30e673db88fb496dad,decision_key_rate,statement,Заявление Председателя Банка России Эльвиры Набиуллиной по итогам заседания Совета директоров Банка России 14 февраля 2025 года,14.02.2025,"И поэтому для нас важным фактором является замедление инфляции, потому что замедление общей инфляции будет сдерживать рост цен и на жилье и сократит давление на реальные доходы граждан.",Inflation,Forward-looking,Dovish,0,0,1,2025-02-14,2025,False
manual_001916,manual,False,,f1360a2ce911197128693e30e673db88fb496dad,decision_key_rate,statement,Заявление Председателя Банка России Эльвиры Набиуллиной по итогам заседания Совета директоров Банка России 14 февраля 2025 года,14.02.2025,"Это и есть путь к тому, чтобы повысить доступность жилья.",Economic activity,Forward-looking,Confidence-building,5,0,4,2025-02-14,2025,False
manual_001917,manual,False,,f1360a2ce911197128693e30e673db88fb496dad,decision_key_rate,statement,Заявление Председателя Банка России Эльвиры Набиуллиной по итогам заседания Совета директоров Банка России 14 февраля 2025 года,14.02.2025,По мере замедления инфляции будут снижаться и ставки по рыночной ипотеке.,Monetary conditions,Forward-looking,Dovish,2,0,1,2025-02-14,2025,False
manual_001918,manual,False,,f1360a2ce911197128693e30e673db88fb496dad,decision_key_rate,statement,Заявление Председателя Банка России Эльвиры Набиуллиной по итогам заседания Совета директоров Банка России 14 февраля 2025 года,14.02.2025,Сейчас они действительно очень высокие.,Monetary conditions,Backward-looking,Neutral,2,1,2,2025-02-14,2025,False
manual_001919,manual,False,,f1360a2ce911197128693e30e673db88fb496dad,decision_key_rate,statement,Заявление Председателя Банка России Эльвиры Набиуллиной по итогам заседания Совета директоров Банка России 14 февраля 2025 года,14.02.2025,"Я все время напоминаю, когда у нас была инфляция около 4%, у нас рыночная ипотека без льготных программ была вполне доступна и очень активно развивалась.",Credit,Backward-looking,Dovish,3,1,1,2025-02-14,2025,False
manual_001920,manual,False,,f1360a2ce911197128693e30e673db88fb496dad,decision_key_rate,statement,Заявление Председателя Банка России Эльвиры Набиуллиной по итогам заседания Совета директоров Банка России 14 февраля 2025 года,14.02.2025,ВОПРОС (газета «Московский комсомолец»):.,Other,Other,Other,11,2,5,2025-02-14,2025,False
manual_001921,manual,False,,f1360a2ce911197128693e30e673db88fb496dad,decision_key_rate,statement,Заявление Председателя Банка России Эльвиры Набиуллиной по итогам заседания Совета директоров Банка России 14 февраля 2025 года,14.02.2025,"Год назад Банк России начал со ставкой 16% и к концу года ожидал снижения инфляции к 4,5%.",Interest rate,Backward-looking,Neutral,1,1,2,2025-02-14,2025,False
manual_001922,manual,False,,f1360a2ce911197128693e30e673db88fb496dad,decision_key_rate,statement,Заявление Председателя Банка России Эльвиры Набиуллиной по итогам заседания Совета директоров Банка России 14 февраля 2025 года,14.02.2025,"Однако в реальности цены оказались на уровне 9,5%.",Inflation,Backward-looking,Hawkish,0,1,0,2025-02-14,2025,False
manual_001923,manual,False,,f1360a2ce911197128693e30e673db88fb496dad,decision_key_rate,statement,Заявление Председателя Банка России Эльвиры Набиуллиной по итогам заседания Совета директоров Банка России 14 февраля 2025 года,14.02.2025,Сейчас Банк России начал год с ключевой ставкой 21% и ожидает снижения инфляции до 7–8%.,Interest rate,Forward-looking,Dovish,1,0,1,2025-02-14,2025,False
manual_001924,manual,False,,f1360a2ce911197128693e30e673db88fb496dad,decision_key_rate,statement,Заявление Председателя Банка России Эльвиры Набиуллиной по итогам заседания Совета директоров Банка России 14 февраля 2025 года,14.02.2025,"Однако причины инфляции у нас остаются все те же: в феврале ЕС хочет ввести шестнадцатый пакет санкций, тарифы ЖКХ повысятся уже не на 10, а на 12%, и при этом Банк России все равно ожидает снижения инфляции до 8%.",External conditions,Forward-looking,Risk-highlighting,7,0,3,2025-02-14,2025,False
manual_001925,manual,False,,f1360a2ce911197128693e30e673db88fb496dad,decision_key_rate,statement,Заявление Председателя Банка России Эльвиры Набиуллиной по итогам заседания Совета директоров Банка России 14 февраля 2025 года,14.02.2025,"Исходя из этого, не слишком ли оптимистично оценивает ЦБ возможность снижения инфляции?",Inflation,Forward-looking,Risk-highlighting,0,0,3,2025-02-14,2025,False
manual_001926,manual,False,,f1360a2ce911197128693e30e673db88fb496dad,decision_key_rate,statement,Заявление Председателя Банка России Эльвиры Набиуллиной по итогам заседания Совета директоров Банка России 14 февраля 2025 года,14.02.2025,"Может быть, ситуация повторится?",Other,Other,Other,11,2,5,2025-02-14,2025,False
manual_001927,manual,False,,f1360a2ce911197128693e30e673db88fb496dad,decision_key_rate,statement,Заявление Председателя Банка России Эльвиры Набиуллиной по итогам заседания Совета директоров Банка России 14 февраля 2025 года,14.02.2025,Тем более что в вашем прогнозе вы не исключаете повышения ключевой ставки.,Interest rate,Forward-looking,Hawkish,1,0,0,2025-02-14,2025,False
manual_001928,manual,False,,f1360a2ce911197128693e30e673db88fb496dad,decision_key_rate,statement,Заявление Председателя Банка России Эльвиры Набиуллиной по итогам заседания Совета директоров Банка России 14 февраля 2025 года,14.02.2025,"И, может быть, имеет смысл ввести два коэффициента: например, в базовом прогнозе инфляция снизится до 8%, как вы говорите, а в максимально консервативном она повысится до 10,5% по итогам года?",Inflation,Forward-looking,Risk-highlighting,0,0,3,2025-02-14,2025,False
manual_001929,manual,False,,f1360a2ce911197128693e30e673db88fb496dad,decision_key_rate,statement,Заявление Председателя Банка России Эльвиры Набиуллиной по итогам заседания Совета директоров Банка России 14 февраля 2025 года,14.02.2025,Как-то так развести для ориентации.,Other,Other,Other,11,2,5,2025-02-14,2025,False
manual_001930,manual,False,,f1360a2ce911197128693e30e673db88fb496dad,decision_key_rate,statement,Заявление Председателя Банка России Эльвиры Набиуллиной по итогам заседания Совета директоров Банка России 14 февраля 2025 года,14.02.2025,Э.С.НАБИУЛЛИНА:.,Other,Other,Other,11,2,5,2025-02-14,2025,True
manual_001931,manual,False,,f1360a2ce911197128693e30e673db88fb496dad,decision_key_rate,statement,Заявление Председателя Банка России Эльвиры Набиуллиной по итогам заседания Совета директоров Банка России 14 февраля 2025 года,14.02.2025,"Знаете, никто не может видеть будущее, ни у кого нет хрустального шара, и мы как многие участники рынка, и аналитики, и Правительство делаем прогнозы исходя из тех данных, которые у нас есть на настоящий момент.",Other,Forward-looking,Risk-highlighting,11,0,3,2025-02-14,2025,False
manual_001932,manual,False,,f1360a2ce911197128693e30e673db88fb496dad,decision_key_rate,statement,Заявление Председателя Банка России Эльвиры Набиуллиной по итогам заседания Совета директоров Банка России 14 февраля 2025 года,14.02.2025,"И когда поступают новые данные, происходят новые события — а прошлый год тоже был богат на разного рода события, — это заставляет менять нас свои оценки текущей ситуации и обновлять прогнозы.",Other,Forward-looking,Risk-highlighting,11,0,3,2025-02-14,2025,False
manual_001933,manual,False,,f1360a2ce911197128693e30e673db88fb496dad,decision_key_rate,statement,Заявление Председателя Банка России Эльвиры Набиуллиной по итогам заседания Совета директоров Банка России 14 февраля 2025 года,14.02.2025,И это абсолютно нормально.,Other,Other,Confidence-building,11,2,4,2025-02-14,2025,False
manual_001934,manual,False,,f1360a2ce911197128693e30e673db88fb496dad,decision_key_rate,statement,Заявление Председателя Банка России Эльвиры Набиуллиной по итогам заседания Совета директоров Банка России 14 февраля 2025 года,14.02.2025,"Да, сейчас много проинфляционных факторов, вы об этом сказали.",Inflation,Backward-looking,Hawkish,0,1,0,2025-02-14,2025,False
manual_001935,manual,False,,f1360a2ce911197128693e30e673db88fb496dad,decision_key_rate,statement,Заявление Председателя Банка России Эльвиры Набиуллиной по итогам заседания Совета директоров Банка России 14 февраля 2025 года,14.02.2025,Но многое изменилось по сравнению с прошлым годом.,Other,Backward-looking,Neutral,11,1,2,2025-02-14,2025,False
manual_001936,manual,False,,f1360a2ce911197128693e30e673db88fb496dad,decision_key_rate,statement,Заявление Председателя Банка России Эльвиры Набиуллиной по итогам заседания Совета директоров Банка России 14 февраля 2025 года,14.02.2025,"Во-первых, ключевая ставка уже 21%, и это большой уровень жесткости.",Interest rate,Backward-looking,Hawkish,1,1,0,2025-02-14,2025,False
manual_001937,manual,False,,f1360a2ce911197128693e30e673db88fb496dad,decision_key_rate,statement,Заявление Председателя Банка России Эльвиры Набиуллиной по итогам заседания Совета директоров Банка России 14 февраля 2025 года,14.02.2025,Некоторые считают его даже чрезмерным.,Interest rate,Backward-looking,Dovish,1,1,1,2025-02-14,2025,False
manual_001938,manual,False,,f1360a2ce911197128693e30e673db88fb496dad,decision_key_rate,statement,Заявление Председателя Банка России Эльвиры Набиуллиной по итогам заседания Совета директоров Банка России 14 февраля 2025 года,14.02.2025,"Это большой уровень жесткости, и, по нашим оценкам, его должно быть достаточно для замедления инфляции.",Interest rate,Forward-looking,Dovish,1,0,1,2025-02-14,2025,False
manual_001939,manual,False,,f1360a2ce911197128693e30e673db88fb496dad,decision_key_rate,statement,Заявление Председателя Банка России Эльвиры Набиуллиной по итогам заседания Совета директоров Банка России 14 февраля 2025 года,14.02.2025,"Если мы увидим, что нет устойчивого замедления инфляции, мы готовы будем еще повысить ставку.",Interest rate,Forward-looking,Hawkish,1,0,0,2025-02-14,2025,False
manual_001940,manual,False,,f1360a2ce911197128693e30e673db88fb496dad,decision_key_rate,statement,Заявление Председателя Банка России Эльвиры Набиуллиной по итогам заседания Совета директоров Банка России 14 февраля 2025 года,14.02.2025,Но пока мы видим охлаждение всех сегментов кредитования.,Credit,Backward-looking,Dovish,3,1,1,2025-02-14,2025,False
manual_001941,manual,False,,f1360a2ce911197128693e30e673db88fb496dad,decision_key_rate,statement,Заявление Председателя Банка России Эльвиры Набиуллиной по итогам заседания Совета директоров Банка России 14 февраля 2025 года,14.02.2025,"Хотя Алексей Борисович напомнил, что не только кредитование важно.",Credit,Backward-looking,Neutral,3,1,2,2025-02-14,2025,False
manual_001942,manual,False,,f1360a2ce911197128693e30e673db88fb496dad,decision_key_rate,statement,Заявление Председателя Банка России Эльвиры Набиуллиной по итогам заседания Совета директоров Банка России 14 февраля 2025 года,14.02.2025,"Мы ожидаем, что и бюджет в этом году будет иметь дезинфляционное влияние, и будем смотреть, насколько все это устойчиво.",Fiscal policy,Forward-looking,Dovish,8,0,1,2025-02-14,2025,False
manual_001943,manual,False,,f1360a2ce911197128693e30e673db88fb496dad,decision_key_rate,statement,Заявление Председателя Банка России Эльвиры Набиуллиной по итогам заседания Совета директоров Банка России 14 февраля 2025 года,14.02.2025,"Альтернативные сценарии, о которых вы говорите, они есть.",Other,Forward-looking,Risk-highlighting,11,0,3,2025-02-14,2025,False
manual_001944,manual,False,,f1360a2ce911197128693e30e673db88fb496dad,decision_key_rate,statement,Заявление Председателя Банка России Эльвиры Набиуллиной по итогам заседания Совета директоров Банка России 14 февраля 2025 года,14.02.2025,"Мы их раз в год уточняем, когда готовим Основные направления денежно- кредитной политики.",Other,Backward-looking,Neutral,11,1,2,2025-02-14,2025,False
manual_001945,manual,False,,f1360a2ce911197128693e30e673db88fb496dad,decision_key_rate,statement,Заявление Председателя Банка России Эльвиры Набиуллиной по итогам заседания Совета директоров Банка России 14 февраля 2025 года,14.02.2025,"Я говорила о рисковом сценарии, который во многом связан с внешними событиями, но у нас есть и проинфляционный (из-за внутренних факторов. — Ред.) сценарий.",External conditions,Forward-looking,Risk-highlighting,7,0,3,2025-02-14,2025,False
manual_001946,manual,False,,f1360a2ce911197128693e30e673db88fb496dad,decision_key_rate,statement,Заявление Председателя Банка России Эльвиры Набиуллиной по итогам заседания Совета директоров Банка России 14 февраля 2025 года,14.02.2025,"Если будет реализовываться сценарий проинфляционный, мы, конечно, посмотрим, как нам нужно тогда корректировать свою денежно-кредитную политику, чтобы добиться снижения инфляции.",Interest rate,Forward-looking,Hawkish,1,0,0,2025-02-14,2025,False
manual_001947,manual,False,,f1360a2ce911197128693e30e673db88fb496dad,decision_key_rate,statement,Заявление Председателя Банка России Эльвиры Набиуллиной по итогам заседания Совета директоров Банка России 14 февраля 2025 года,14.02.2025,А.Б. ЗАБОТКИН:.,Other,Other,Other,11,2,5,2025-02-14,2025,True
manual_001948,manual,False,,f1360a2ce911197128693e30e673db88fb496dad,decision_key_rate,statement,Заявление Председателя Банка России Эльвиры Набиуллиной по итогам заседания Совета директоров Банка России 14 февраля 2025 года,14.02.2025,"И важно, что в сценарии, в котором мы исходили бы из другого набора предпосылок, который в итоге давал бы дополнительное и более устойчивое инфляционное давление, в результате не столько инфляция шла бы по другой траектории, а ставка шла бы по другой траектории.",Interest rate,Forward-looking,Hawkish,1,0,0,2025-02-14,2025,False
manual_001949,manual,False,,f1360a2ce911197128693e30e673db88fb496dad,decision_key_rate,statement,Заявление Председателя Банка России Эльвиры Набиуллиной по итогам заседания Совета директоров Банка России 14 февраля 2025 года,14.02.2025,"Потому что мы, предвидя эти обстоятельства, по-другому бы выстраивали нашу денежно-кредитную политику, стремились бы обеспечить большую жесткость, чем в том сценарии, который рассматривается в качестве базового.",Interest rate,Forward-looking,Hawkish,1,0,0,2025-02-14,2025,False
manual_001950,manual,False,,f1360a2ce911197128693e30e673db88fb496dad,decision_key_rate,statement,Заявление Председателя Банка России Эльвиры Набиуллиной по итогам заседания Совета директоров Банка России 14 февраля 2025 года,14.02.2025,"То есть важный посыл, что разница в предпосылках в бóльшей степени влияет на прогнозную траекторию ставки, нежели на прогнозную траекторию инфляции.",Interest rate,Forward-looking,Neutral,1,0,2,2025-02-14,2025,False
manual_001951,manual,False,,f1360a2ce911197128693e30e673db88fb496dad,decision_key_rate,statement,Заявление Председателя Банка России Эльвиры Набиуллиной по итогам заседания Совета директоров Банка России 14 февраля 2025 года,14.02.2025,"В этом смысл таргетирования инфляции, что в любых обстоятельствах вы приводите ее к целевому уровню на горизонте действия политики, если вы точно знаете, какие реализуются предпосылки.",Inflation,Forward-looking,Confidence-building,0,0,4,2025-02-14,2025,False
manual_001952,manual,False,,f1360a2ce911197128693e30e673db88fb496dad,decision_key_rate,statement,Заявление Председателя Банка России Эльвиры Набиуллиной по итогам заседания Совета директоров Банка России 14 февраля 2025 года,14.02.2025,Э.С. НАБИУЛЛИНА:.,Other,Other,Other,11,2,5,2025-02-14,2025,True
manual_001953,manual,False,,f1360a2ce911197128693e30e673db88fb496dad,decision_key_rate,statement,Заявление Председателя Банка России Эльвиры Набиуллиной по итогам заседания Совета директоров Банка России 14 февраля 2025 года,14.02.2025,"Я продолжу эту мысль другими, может быть, словами.",Other,Other,Other,11,2,5,2025-02-14,2025,False
manual_001954,manual,False,,f1360a2ce911197128693e30e673db88fb496dad,decision_key_rate,statement,Заявление Председателя Банка России Эльвиры Набиуллиной по итогам заседания Совета директоров Банка России 14 февраля 2025 года,14.02.2025,"Это не то, что мы смиримся с каким-то проинфляционным сценарием, где инфляция будет выше.",Inflation,Forward-looking,Confidence-building,0,0,4,2025-02-14,2025,False
manual_001955,manual,False,,f1360a2ce911197128693e30e673db88fb496dad,decision_key_rate,statement,Заявление Председателя Банка России Эльвиры Набиуллиной по итогам заседания Совета директоров Банка России 14 февраля 2025 года,14.02.2025,"Это означает, что мы будем ужесточать денежно-кредитную политику, если проинфляционные факторы будут приводить к тому, что инфляция будет ускоряться.",Interest rate,Forward-looking,Hawkish,1,0,0,2025-02-14,2025,False
manual_001956,manual,False,,f1360a2ce911197128693e30e673db88fb496dad,decision_key_rate,statement,Заявление Председателя Банка России Эльвиры Набиуллиной по итогам заседания Совета директоров Банка России 14 февраля 2025 года,14.02.2025,"То есть мы будем стараться менять политику, чтобы все равно привести инфляцию к цели.",Interest rate,Forward-looking,Confidence-building,1,0,4,2025-02-14,2025,False
manual_001957,manual,False,,f1360a2ce911197128693e30e673db88fb496dad,decision_key_rate,statement,Заявление Председателя Банка России Эльвиры Набиуллиной по итогам заседания Совета директоров Банка России 14 февраля 2025 года,14.02.2025,"Это не то, что мы смиримся с проинфляционным сценарием.",Inflation,Forward-looking,Confidence-building,0,0,4,2025-02-14,2025,False
manual_001958,manual,False,,f1360a2ce911197128693e30e673db88fb496dad,decision_key_rate,statement,Заявление Председателя Банка России Эльвиры Набиуллиной по итогам заседания Совета директоров Банка России 14 февраля 2025 года,14.02.2025,ВОПРОС («Независимая газета»):.,Other,Other,Other,11,2,5,2025-02-14,2025,False
manual_001959,manual,False,,f1360a2ce911197128693e30e673db88fb496dad,decision_key_rate,statement,Заявление Председателя Банка России Эльвиры Набиуллиной по итогам заседания Совета директоров Банка России 14 февраля 2025 года,14.02.2025,"В условиях сохранения жесткой денежно-кредитной политики и предстоящего замедления экономического роста есть ли у Центробанка понимание, какие отрасли будут нуждаться теперь в точечной поддержке в первую очередь (в такой точечной поддержке, как льготное кредитование)?",Fiscal policy,Forward-looking,Risk-highlighting,8,0,3,2025-02-14,2025,False
manual_001960,manual,False,,f1360a2ce911197128693e30e673db88fb496dad,decision_key_rate,statement,Заявление Председателя Банка России Эльвиры Набиуллиной по итогам заседания Совета директоров Банка России 14 февраля 2025 года,14.02.2025,Прорабатывает ли Центробанк совместно с Правительством перечень таких отраслей или какие-то особые льготные кредитные программы?,Fiscal policy,Forward-looking,Neutral,8,0,2,2025-02-14,2025,False
manual_001961,manual,False,,f1360a2ce911197128693e30e673db88fb496dad,decision_key_rate,statement,Заявление Председателя Банка России Эльвиры Набиуллиной по итогам заседания Совета директоров Банка России 14 февраля 2025 года,14.02.2025,"Потому что все-таки возникает вопрос: как нам поддерживать становление экономики предложения, если все-таки кредитование замедляется, бюджетный импульс тоже затухает?",Economic activity,Forward-looking,Risk-highlighting,5,0,3,2025-02-14,2025,False
manual_001962,manual,False,,f1360a2ce911197128693e30e673db88fb496dad,decision_key_rate,statement,Заявление Председателя Банка России Эльвиры Набиуллиной по итогам заседания Совета директоров Банка России 14 февраля 2025 года,14.02.2025,Вот как тогда все это делать?,Other,Other,Other,11,2,5,2025-02-14,2025,False
manual_001963,manual,False,,f1360a2ce911197128693e30e673db88fb496dad,decision_key_rate,statement,Заявление Председателя Банка России Эльвиры Набиуллиной по итогам заседания Совета директоров Банка России 14 февраля 2025 года,14.02.2025,Э.С. НАБИУЛЛИНА:.,Other,Other,Other,11,2,5,2025-02-14,2025,True
manual_001964,manual,False,,f1360a2ce911197128693e30e673db88fb496dad,decision_key_rate,statement,Заявление Председателя Банка России Эльвиры Набиуллиной по итогам заседания Совета директоров Банка России 14 февраля 2025 года,14.02.2025,"Первое, на что я хотела бы обратить внимание: замедление экономики происходит не из-за жесткой денежно-кредитной политики, не из-за высоких ставок, а из-за значительного сокращения запаса свободных ресурсов, прежде всего рабочей силы.",Labor market,Backward-looking,Neutral,6,1,2,2025-02-14,2025,False
manual_001965,manual,False,,f1360a2ce911197128693e30e673db88fb496dad,decision_key_rate,statement,Заявление Председателя Банка России Эльвиры Набиуллиной по итогам заседания Совета директоров Банка России 14 февраля 2025 года,14.02.2025,И в этих условиях замедление экономики неизбежно.,Economic activity,Forward-looking,Dovish,5,0,1,2025-02-14,2025,False
manual_001966,manual,False,,f1360a2ce911197128693e30e673db88fb496dad,decision_key_rate,statement,Заявление Председателя Банка России Эльвиры Набиуллиной по итогам заседания Совета директоров Банка России 14 февраля 2025 года,14.02.2025,"И вопрос только в том, будет ли это замедление экономики происходить наряду с высокой инфляцией или без высокой инфляции.",Inflation,Forward-looking,Risk-highlighting,0,0,3,2025-02-14,2025,False
manual_001967,manual,False,,f1360a2ce911197128693e30e673db88fb496dad,decision_key_rate,statement,Заявление Председателя Банка России Эльвиры Набиуллиной по итогам заседания Совета директоров Банка России 14 февраля 2025 года,14.02.2025,"И наша политика направлена на то, чтобы оно сопровождалось именно снижением инфляции, которая уже находится на высоких уровнях.",Inflation,Forward-looking,Dovish,0,0,1,2025-02-14,2025,False
manual_001968,manual,False,,f1360a2ce911197128693e30e673db88fb496dad,decision_key_rate,statement,Заявление Председателя Банка России Эльвиры Набиуллиной по итогам заседания Совета директоров Банка России 14 февраля 2025 года,14.02.2025,Второе.,Other,Other,Other,11,2,5,2025-02-14,2025,True
manual_001969,manual,False,,f1360a2ce911197128693e30e673db88fb496dad,decision_key_rate,statement,Заявление Председателя Банка России Эльвиры Набиуллиной по итогам заседания Совета директоров Банка России 14 февраля 2025 года,14.02.2025,"Прежде чем конкретно начну отвечать про отрасли, второе замечание общего характера: все-таки надо различать замедление экономического роста и рецессию, кризис.",Economic activity,Backward-looking,Neutral,5,1,2,2025-02-14,2025,False
manual_001970,manual,False,,f1360a2ce911197128693e30e673db88fb496dad,decision_key_rate,statement,Заявление Председателя Банка России Эльвиры Набиуллиной по итогам заседания Совета директоров Банка России 14 февраля 2025 года,14.02.2025,"Когда рецессия и кризис, там действительно уместны широкомасштабные антикризисные меры.",Fiscal policy,Forward-looking,Neutral,8,0,2,2025-02-14,2025,False
manual_001971,manual,False,,f1360a2ce911197128693e30e673db88fb496dad,decision_key_rate,statement,Заявление Председателя Банка России Эльвиры Набиуллиной по итогам заседания Совета директоров Банка России 14 февраля 2025 года,14.02.2025,"Их Правительство очень активно применяло, помните, и в пандемию, и в 2022 году.",Fiscal policy,Backward-looking,Neutral,8,1,2,2025-02-14,2025,False
manual_001972,manual,False,,f1360a2ce911197128693e30e673db88fb496dad,decision_key_rate,statement,Заявление Председателя Банка России Эльвиры Набиуллиной по итогам заседания Совета директоров Банка России 14 февраля 2025 года,14.02.2025,И мы смягчали денежно-кредитную политику.,Interest rate,Backward-looking,Dovish,1,1,1,2025-02-14,2025,False
manual_001973,manual,False,,f1360a2ce911197128693e30e673db88fb496dad,decision_key_rate,statement,Заявление Председателя Банка России Эльвиры Набиуллиной по итогам заседания Совета директоров Банка России 14 февраля 2025 года,14.02.2025,То есть это такая антикризисная политика.,Other,Backward-looking,Neutral,11,1,2,2025-02-14,2025,False
manual_001974,manual,False,,f1360a2ce911197128693e30e673db88fb496dad,decision_key_rate,statement,Заявление Председателя Банка России Эльвиры Набиуллиной по итогам заседания Совета директоров Банка России 14 февраля 2025 года,14.02.2025,"А когда происходит циклическое замедление со стадии перегрева, как сейчас, то льготные кредиты, на мой взгляд, могут быть только в очень дозированных размерах.",Fiscal policy,Forward-looking,Hawkish,8,0,0,2025-02-14,2025,False
manual_001975,manual,False,,f1360a2ce911197128693e30e673db88fb496dad,decision_key_rate,statement,Заявление Председателя Банка России Эльвиры Набиуллиной по итогам заседания Совета директоров Банка России 14 февраля 2025 года,14.02.2025,Почему?,Other,Other,Other,11,2,5,2025-02-14,2025,True
manual_001976,manual,False,,f1360a2ce911197128693e30e673db88fb496dad,decision_key_rate,statement,Заявление Председателя Банка России Эльвиры Набиуллиной по итогам заседания Совета директоров Банка России 14 февраля 2025 года,14.02.2025,"Потому что чем больше объем льготных программ, тем больше нам надо высокой ключевой ставкой делать менее доступными кредиты для остальной части экономики, потому что у нас уже перегрет спрос и перегреты кредиты.",Fiscal policy,Forward-looking,Hawkish,8,0,0,2025-02-14,2025,False
manual_001977,manual,False,,f1360a2ce911197128693e30e673db88fb496dad,decision_key_rate,statement,Заявление Председателя Банка России Эльвиры Набиуллиной по итогам заседания Совета директоров Банка России 14 февраля 2025 года,14.02.2025,"Поэтому здесь, конечно, должны быть очень дозированные программы.",Fiscal policy,Forward-looking,Hawkish,8,0,0,2025-02-14,2025,False
manual_001978,manual,False,,f1360a2ce911197128693e30e673db88fb496dad,decision_key_rate,statement,Заявление Председателя Банка России Эльвиры Набиуллиной по итогам заседания Совета директоров Банка России 14 февраля 2025 года,14.02.2025,Но определение этих приоритетов — это все-таки прерогатива Правительства.,Fiscal policy,Backward-looking,Neutral,8,1,2,2025-02-14,2025,False
manual_001979,manual,False,,f1360a2ce911197128693e30e673db88fb496dad,decision_key_rate,statement,Заявление Председателя Банка России Эльвиры Набиуллиной по итогам заседания Совета директоров Банка России 14 февраля 2025 года,14.02.2025,"Мы со своей стороны тоже анализируем, что происходит в разных отраслях, для того чтобы понимать, что происходит в экономике, как наши решения отражаются на экономике, на предприятиях разных отраслей и разных регионов.",Economic activity,Backward-looking,Neutral,5,1,2,2025-02-14,2025,False
manual_001980,manual,False,,f1360a2ce911197128693e30e673db88fb496dad,decision_key_rate,statement,Заявление Председателя Банка России Эльвиры Набиуллиной по итогам заседания Совета директоров Банка России 14 февраля 2025 года,14.02.2025,"Про источники развития, про экономику предложения.",Other,Other,Other,11,2,5,2025-02-14,2025,False
manual_001981,manual,False,,f1360a2ce911197128693e30e673db88fb496dad,decision_key_rate,statement,Заявление Председателя Банка России Эльвиры Набиуллиной по итогам заседания Совета директоров Банка России 14 февраля 2025 года,14.02.2025,"Мы всегда говорили, и я тоже хочу это подчеркнуть, кредит, да, важен, но это всегда плечо, это дополнительный ресурс.",Credit,Backward-looking,Neutral,3,1,2,2025-02-14,2025,False
manual_001982,manual,False,,f1360a2ce911197128693e30e673db88fb496dad,decision_key_rate,statement,Заявление Председателя Банка России Эльвиры Набиуллиной по итогам заседания Совета директоров Банка России 14 февраля 2025 года,14.02.2025,"Основной ресурс у большинства предприятий, особенно для инвестпроектов, другой.",Economic activity,Backward-looking,Neutral,5,1,2,2025-02-14,2025,False
manual_001983,manual,False,,f1360a2ce911197128693e30e673db88fb496dad,decision_key_rate,statement,Заявление Председателя Банка России Эльвиры Набиуллиной по итогам заседания Совета директоров Банка России 14 февраля 2025 года,14.02.2025,"Инвестпроекты прежде всего финансируются акционерным капиталом, собственным либо привлеченным капиталом.",Economic activity,Backward-looking,Neutral,5,1,2,2025-02-14,2025,False
manual_001984,manual,False,,f1360a2ce911197128693e30e673db88fb496dad,decision_key_rate,statement,Заявление Председателя Банка России Эльвиры Набиуллиной по итогам заседания Совета директоров Банка России 14 февраля 2025 года,14.02.2025,"И мы видим, что в предыдущие годы у компаний был хороший финансовый результат.",Economic activity,Backward-looking,Confidence-building,5,1,4,2025-02-14,2025,False
manual_001985,manual,False,,f1360a2ce911197128693e30e673db88fb496dad,decision_key_rate,statement,Заявление Председателя Банка России Эльвиры Набиуллиной по итогам заседания Совета директоров Банка России 14 февраля 2025 года,14.02.2025,"Это означает, что есть собственные ресурсы для продолжения инвестиций.",Economic activity,Forward-looking,Confidence-building,5,0,4,2025-02-14,2025,False
manual_001986,manual,False,,f1360a2ce911197128693e30e673db88fb496dad,decision_key_rate,statement,Заявление Председателя Банка России Эльвиры Набиуллиной по итогам заседания Совета директоров Банка России 14 февраля 2025 года,14.02.2025,"Это мы видели, кстати, в росте инвестиций.",Economic activity,Backward-looking,Confidence-building,5,1,4,2025-02-14,2025,False
manual_001987,manual,False,,f1360a2ce911197128693e30e673db88fb496dad,decision_key_rate,statement,Заявление Председателя Банка России Эльвиры Набиуллиной по итогам заседания Совета директоров Банка России 14 февраля 2025 года,14.02.2025,Тем не менее про кредит.,Other,Other,Other,11,2,5,2025-02-14,2025,True
manual_001988,manual,False,,f1360a2ce911197128693e30e673db88fb496dad,decision_key_rate,statement,Заявление Председателя Банка России Эльвиры Набиуллиной по итогам заседания Совета директоров Банка России 14 февраля 2025 года,14.02.2025,"Мы не ожидаем ни в коем случае кредитного сжатия, просто темпы роста кредита будут более умеренными, но они будут положительными и также будут помогать экономическому росту.",Credit,Forward-looking,Confidence-building,3,0,4,2025-02-14,2025,False
manual_001989,manual,False,,f1360a2ce911197128693e30e673db88fb496dad,decision_key_rate,statement,Заявление Председателя Банка России Эльвиры Набиуллиной по итогам заседания Совета директоров Банка России 14 февраля 2025 года,14.02.2025,"И говоря об экономике предложения, все-таки экономика предложения — это действительно расширение производственных возможностей, возможностей производить больше продукции при этих же ресурсах, прежде всего благодаря повышению производительности труда.",Economic activity,Forward-looking,Neutral,5,0,2,2025-02-14,2025,False
manual_001990,manual,False,,f1360a2ce911197128693e30e673db88fb496dad,decision_key_rate,statement,Заявление Председателя Банка России Эльвиры Набиуллиной по итогам заседания Совета директоров Банка России 14 февраля 2025 года,14.02.2025,"Финансовый фактор важен, но он не единственный.",Monetary conditions,Backward-looking,Neutral,2,1,2,2025-02-14,2025,False
manual_001991,manual,False,,f1360a2ce911197128693e30e673db88fb496dad,decision_key_rate,statement,Заявление Председателя Банка России Эльвиры Набиуллиной по итогам заседания Совета директоров Банка России 14 февраля 2025 года,14.02.2025,"Важно и улучшение делового климата, снижение административных барьеров, рост конкуренции, безусловно, это мы понимаем, рост гибкости рынка труда.",Economic activity,Forward-looking,Neutral,5,0,2,2025-02-14,2025,False
manual_001992,manual,False,,f1360a2ce911197128693e30e673db88fb496dad,decision_key_rate,statement,Заявление Председателя Банка России Эльвиры Набиуллиной по итогам заседания Совета директоров Банка России 14 февраля 2025 года,14.02.2025,Это все очень важные факторы.,Other,Other,Neutral,11,2,2,2025-02-14,2025,False
manual_001993,manual,False,,f1360a2ce911197128693e30e673db88fb496dad,decision_key_rate,statement,Заявление Председателя Банка России Эльвиры Набиуллиной по итогам заседания Совета директоров Банка России 14 февраля 2025 года,14.02.2025,"Мы здесь влияем не денежно-кредитной политикой, а скорее развитием финансового рынка, где больше возможностей для разных форм привлечения, в том числе капитала для компаний, для их развития.",Financial sector & Macroprudential policy,Forward-looking,Confidence-building,10,0,4,2025-02-14,2025,False
manual_001994,manual,False,,f1360a2ce911197128693e30e673db88fb496dad,decision_key_rate,statement,Заявление Председателя Банка России Эльвиры Набиуллиной по итогам заседания Совета директоров Банка России 14 февраля 2025 года,14.02.2025,"Но, конечно, важно в этих условиях, в условиях структурной трансформации экономики, через которую мы проходим, важно, чтобы все ресурсы — и финансовые, и ограниченные физические ресурсы — направлялись прежде всего в те сферы, где больше отдача, где больший рост производительности труда.",Economic activity,Forward-looking,Neutral,5,0,2,2025-02-14,2025,False
manual_001995,manual,False,,f1360a2ce911197128693e30e673db88fb496dad,decision_key_rate,statement,Заявление Председателя Банка России Эльвиры Набиуллиной по итогам заседания Совета директоров Банка России 14 февраля 2025 года,14.02.2025,Именно так будет происходить развитие экономики предложения.,Economic activity,Forward-looking,Confidence-building,5,0,4,2025-02-14,2025,False
manual_001996,manual,False,,f1360a2ce911197128693e30e673db88fb496dad,decision_key_rate,statement,Заявление Председателя Банка России Эльвиры Набиуллиной по итогам заседания Совета директоров Банка России 14 февраля 2025 года,14.02.2025,"Маркером того, что происходит именно развитие экономики предложения, а не экономики спроса, будет рост производства без ускорения инфляции.",Inflation,Forward-looking,Confidence-building,0,0,4,2025-02-14,2025,False
manual_001997,manual,False,,f1360a2ce911197128693e30e673db88fb496dad,decision_key_rate,statement,Заявление Председателя Банка России Эльвиры Набиуллиной по итогам заседания Совета директоров Банка России 14 февраля 2025 года,14.02.2025,"Мне кажется, это такой важный маркер именно того, что рост не уходит в свисток избыточного спроса.",Economic activity,Forward-looking,Confidence-building,5,0,4,2025-02-14,2025,False
manual_001998,manual,False,,f1360a2ce911197128693e30e673db88fb496dad,decision_key_rate,statement,Заявление Председателя Банка России Эльвиры Набиуллиной по итогам заседания Совета директоров Банка России 14 февраля 2025 года,14.02.2025,ВОПРОС (телеканал « Россия-24» ):.,Other,Other,Other,11,2,5,2025-02-14,2025,False
manual_001999,manual,False,,f1360a2ce911197128693e30e673db88fb496dad,decision_key_rate,statement,Заявление Председателя Банка России Эльвиры Набиуллиной по итогам заседания Совета директоров Банка России 14 февраля 2025 года,14.02.2025,Центробанк уже несколько лет дает участникам рынка рекомендации по учету ESG-факторов.,Financial sector & Macroprudential policy,Backward-looking,Neutral,10,1,2,2025-02-14,2025,False
manual_002000,manual,False,,f1360a2ce911197128693e30e673db88fb496dad,decision_key_rate,statement,Заявление Председателя Банка России Эльвиры Набиуллиной по итогам заседания Совета директоров Банка России 14 февраля 2025 года,14.02.2025,Рынок ESG-облигаций в России пока скорее на начальном этапе развития.,Financial sector & Macroprudential policy,Backward-looking,Neutral,10,1,2,2025-02-14,2025,False
manual_002001,manual,False,,f1360a2ce911197128693e30e673db88fb496dad,decision_key_rate,statement,Заявление Председателя Банка России Эльвиры Набиуллиной по итогам заседания Совета директоров Банка России 14 февраля 2025 года,14.02.2025,"По мнению Центробанка, какое регулирование ему необходимо?",Financial sector & Macroprudential policy,Forward-looking,Neutral,10,0,2,2025-02-14,2025,False
manual_002002,manual,False,,f1360a2ce911197128693e30e673db88fb496dad,decision_key_rate,statement,Заявление Председателя Банка России Эльвиры Набиуллиной по итогам заседания Совета директоров Банка России 14 февраля 2025 года,14.02.2025,Э.С. НАБИУЛЛИНА:.,Other,Other,Other,11,2,5,2025-02-14,2025,True
manual_002003,manual,False,,f1360a2ce911197128693e30e673db88fb496dad,decision_key_rate,statement,Заявление Председателя Банка России Эльвиры Набиуллиной по итогам заседания Совета директоров Банка России 14 февраля 2025 года,14.02.2025,"Действительно, мы продолжаем вместе с Правительством выстраивать и систему регулирования, главное — систему стимулирования для учета ESG-факторов.",Financial sector & Macroprudential policy,Forward-looking,Neutral,10,0,2,2025-02-14,2025,False
manual_002004,manual,False,,f1360a2ce911197128693e30e673db88fb496dad,decision_key_rate,statement,Заявление Председателя Банка России Эльвиры Набиуллиной по итогам заседания Совета директоров Банка России 14 февраля 2025 года,14.02.2025,"И здесь очень важна таксономия ESG-факторов, в том числе, вы знаете, на облигационном рынке уже есть и пилотные выпуски облигаций.",Financial sector & Macroprudential policy,Backward-looking,Neutral,10,1,2,2025-02-14,2025,False
manual_002005,manual,False,,f1360a2ce911197128693e30e673db88fb496dad,decision_key_rate,statement,Заявление Председателя Банка России Эльвиры Набиуллиной по итогам заседания Совета директоров Банка России 14 февраля 2025 года,14.02.2025,"Мы думаем о том, как может это учитываться в банковском регулировании.",Financial sector & Macroprudential policy,Forward-looking,Neutral,10,0,2,2025-02-14,2025,False
manual_002006,manual,False,,f1360a2ce911197128693e30e673db88fb496dad,decision_key_rate,statement,Заявление Председателя Банка России Эльвиры Набиуллиной по итогам заседания Совета директоров Банка России 14 февраля 2025 года,14.02.2025,То есть эта работа продолжается.,Financial sector & Macroprudential policy,Backward-looking,Neutral,10,1,2,2025-02-14,2025,False
manual_002007,manual,False,,f1360a2ce911197128693e30e673db88fb496dad,decision_key_rate,statement,Заявление Председателя Банка России Эльвиры Набиуллиной по итогам заседания Совета директоров Банка России 14 февраля 2025 года,14.02.2025,"Действительно, нужно будет, наверное, настраивать регулирование, учитывая прогресс в этой области.",Financial sector & Macroprudential policy,Forward-looking,Neutral,10,0,2,2025-02-14,2025,False
manual_002008,manual,False,,f1360a2ce911197128693e30e673db88fb496dad,decision_key_rate,statement,Заявление Председателя Банка России Эльвиры Набиуллиной по итогам заседания Совета директоров Банка России 14 февраля 2025 года,14.02.2025,ВОПРОС (газета «Нижегородские новости»):.,Other,Other,Other,11,2,5,2025-02-14,2025,False
manual_002009,manual,False,,f1360a2ce911197128693e30e673db88fb496dad,decision_key_rate,statement,Заявление Председателя Банка России Эльвиры Набиуллиной по итогам заседания Совета директоров Банка России 14 февраля 2025 года,14.02.2025,"По итогам прошлого года экономика страны развивалась выше ожиданий, но в связи с бурным ростом растет и инфляция.",Economic activity,Backward-looking,Hawkish,5,1,0,2025-02-14,2025,False
manual_002010,manual,False,,f1360a2ce911197128693e30e673db88fb496dad,decision_key_rate,statement,Заявление Председателя Банка России Эльвиры Набиуллиной по итогам заседания Совета директоров Банка России 14 февраля 2025 года,14.02.2025,"Как найти баланс и можно ли вообще его найти, чтобы и экономика развивалась, и инфляция была невысокая?",Inflation,Forward-looking,Neutral,0,0,2,2025-02-14,2025,False
manual_002011,manual,False,,f1360a2ce911197128693e30e673db88fb496dad,decision_key_rate,statement,Заявление Председателя Банка России Эльвиры Набиуллиной по итогам заседания Совета директоров Банка России 14 февраля 2025 года,14.02.2025,"Ведь льготные кредиты, которые выделяются предприятиям, разгоняют инфляцию.",Fiscal policy,Backward-looking,Hawkish,8,1,0,2025-02-14,2025,False
manual_002012,manual,False,,f1360a2ce911197128693e30e673db88fb496dad,decision_key_rate,statement,Заявление Председателя Банка России Эльвиры Набиуллиной по итогам заседания Совета директоров Банка России 14 февраля 2025 года,14.02.2025,И насколько вообще сильно разгоняется инфляция?,Inflation,Backward-looking,Neutral,0,1,2,2025-02-14,2025,False
manual_002013,manual,False,,f1360a2ce911197128693e30e673db88fb496dad,decision_key_rate,statement,Заявление Председателя Банка России Эльвиры Набиуллиной по итогам заседания Совета директоров Банка России 14 февраля 2025 года,14.02.2025,"Было много увеличений зарплат, пенсий и других выплат, в том числе с нового года.",Labor market,Backward-looking,Hawkish,6,1,0,2025-02-14,2025,False
manual_002014,manual,False,,f1360a2ce911197128693e30e673db88fb496dad,decision_key_rate,statement,Заявление Председателя Банка России Эльвиры Набиуллиной по итогам заседания Совета директоров Банка России 14 февраля 2025 года,14.02.2025,Э.С. НАБИУЛЛИНА:.,Other,Other,Other,11,2,5,2025-02-14,2025,True
manual_002015,manual,False,,f1360a2ce911197128693e30e673db88fb496dad,decision_key_rate,statement,Заявление Председателя Банка России Эльвиры Набиуллиной по итогам заседания Совета директоров Банка России 14 февраля 2025 года,14.02.2025,"Баланс, о котором вы говорите, между ростом экономики и снижением инфляции найти можно, более того, это нужно, и наша денежно-кредитная политика направлена именно на это.",Inflation,Forward-looking,Confidence-building,0,0,4,2025-02-14,2025,False
manual_002016,manual,False,,f1360a2ce911197128693e30e673db88fb496dad,decision_key_rate,statement,Заявление Председателя Банка России Эльвиры Набиуллиной по итогам заседания Совета директоров Банка России 14 февраля 2025 года,14.02.2025,"Она направлена на то, чтобы рост экономики был не просто кратким эпизодом, пусть впечатляющим высокими темпами, но чтобы это был устойчивый экономический рост.",Economic activity,Forward-looking,Confidence-building,5,0,4,2025-02-14,2025,False
manual_002017,manual,False,,f1360a2ce911197128693e30e673db88fb496dad,decision_key_rate,statement,Заявление Председателя Банка России Эльвиры Набиуллиной по итогам заседания Совета директоров Банка России 14 февраля 2025 года,14.02.2025,"И для этого нужно вернуть инфляцию под контроль, потому что умеренный рост цен — это основа для долгосрочного экономического роста.",Inflation,Forward-looking,Dovish,0,0,1,2025-02-14,2025,False
manual_002018,manual,False,,f1360a2ce911197128693e30e673db88fb496dad,decision_key_rate,statement,Заявление Председателя Банка России Эльвиры Набиуллиной по итогам заседания Совета директоров Банка России 14 февраля 2025 года,14.02.2025,"И мы уже, к сожалению, длительное время находимся в ситуации, когда рост спроса обгонял и продолжает обгонять возможности производить товары и услуги.",Economic activity,Backward-looking,Hawkish,5,1,0,2025-02-14,2025,False
manual_002019,manual,False,,f1360a2ce911197128693e30e673db88fb496dad,decision_key_rate,statement,Заявление Председателя Банка России Эльвиры Набиуллиной по итогам заседания Совета директоров Банка России 14 февраля 2025 года,14.02.2025,"И для того чтобы спрос, который, как часто говорят, убежал далеко вперед, встретился с предложением, нужно, чтобы экономика росла более сбалансированными, более умеренными темпами.",Economic activity,Forward-looking,Dovish,5,0,1,2025-02-14,2025,False
manual_002020,manual,False,,f1360a2ce911197128693e30e673db88fb496dad,decision_key_rate,statement,Заявление Председателя Банка России Эльвиры Набиуллиной по итогам заседания Совета директоров Банка России 14 февраля 2025 года,14.02.2025,И поэтому некоторое замедление роста экономики при выходе из перегрева — это естественный процесс.,Economic activity,Forward-looking,Dovish,5,0,1,2025-02-14,2025,False
manual_002021,manual,False,,f1360a2ce911197128693e30e673db88fb496dad,decision_key_rate,statement,Заявление Председателя Банка России Эльвиры Набиуллиной по итогам заседания Совета директоров Банка России 14 февраля 2025 года,14.02.2025,"И наша задача — сделать так, как говорят на языке экономистов, чтобы посадка экономики прошла мягко и с быстрым выходом к устойчивым темпам роста и к низкой инфляции.",Economic activity,Forward-looking,Confidence-building,5,0,4,2025-02-14,2025,False
manual_002022,manual,False,,f1360a2ce911197128693e30e673db88fb496dad,decision_key_rate,statement,Заявление Председателя Банка России Эльвиры Набиуллиной по итогам заседания Совета директоров Банка России 14 февраля 2025 года,14.02.2025,В этом важную роль играет и бюджетная политика.,Fiscal policy,Forward-looking,Neutral,8,0,2,2025-02-14,2025,False
manual_002023,manual,False,,f1360a2ce911197128693e30e673db88fb496dad,decision_key_rate,statement,Заявление Председателя Банка России Эльвиры Набиуллиной по итогам заседания Совета директоров Банка России 14 февраля 2025 года,14.02.2025,"И для нас очень важно, чтобы и дефицит бюджета, и масштаб льготных программ, о которых сегодня говорилось, оставались такими, как сейчас планирует Правительство.",Fiscal policy,Forward-looking,Neutral,8,0,2,2025-02-14,2025,False
manual_002024,manual,False,,f1360a2ce911197128693e30e673db88fb496dad,decision_key_rate,statement,Заявление Председателя Банка России Эльвиры Набиуллиной по итогам заседания Совета директоров Банка России 14 февраля 2025 года,14.02.2025,"Что касается роста зарплат, доходов населения, инфляцию разгоняет не рост зарплат, а объективные ограничения, которые не позволяют производительности труда расти столь же быстрыми темпами.",Labor market,Backward-looking,Neutral,6,1,2,2025-02-14,2025,False
manual_002025,manual,False,,f1360a2ce911197128693e30e673db88fb496dad,decision_key_rate,statement,Заявление Председателя Банка России Эльвиры Набиуллиной по итогам заседания Совета директоров Банка России 14 февраля 2025 года,14.02.2025,"И как раз именно отставание роста производительности труда от роста зарплат — это и есть тот проинфляционный фактор, который мы сейчас видим.",Labor market,Backward-looking,Hawkish,6,1,0,2025-02-14,2025,False
manual_002026,manual,False,,f1360a2ce911197128693e30e673db88fb496dad,decision_key_rate,statement,Заявление Председателя Банка России Эльвиры Набиуллиной по итогам заседания Совета директоров Банка России 14 февраля 2025 года,14.02.2025,ВОПРОС (газета «Ведомости» ):.,Other,Other,Other,11,2,5,2025-02-14,2025,False
manual_002027,manual,False,,f1360a2ce911197128693e30e673db88fb496dad,decision_key_rate,statement,Заявление Председателя Банка России Эльвиры Набиуллиной по итогам заседания Совета директоров Банка России 14 февраля 2025 года,14.02.2025,"Вы в пресс-релизе отмечаете, что рост экономики за 2024 год превзошел ваш прогноз и что сейчас ее траектория роста значительно отклонилась от сбалансированной, как и рост зарплат от роста производительности труда.",Economic activity,Backward-looking,Hawkish,5,1,0,2025-02-14,2025,False
manual_002028,manual,False,,f1360a2ce911197128693e30e673db88fb496dad,decision_key_rate,statement,Заявление Председателя Банка России Эльвиры Набиуллиной по итогам заседания Совета директоров Банка России 14 февраля 2025 года,14.02.2025,"Есть ли у Центрального банка оценки какие-то, что такое сбалансированный рост экономики и зарплат?",Economic activity,Forward-looking,Neutral,5,0,2,2025-02-14,2025,False
manual_002029,manual,False,,f1360a2ce911197128693e30e673db88fb496dad,decision_key_rate,statement,Заявление Председателя Банка России Эльвиры Набиуллиной по итогам заседания Совета директоров Банка России 14 февраля 2025 года,14.02.2025,"А также, может, вы назовете отрасли, которые в первую очередь вносят основной вклад в перегрев экономики?",Economic activity,Backward-looking,Hawkish,5,1,0,2025-02-14,2025,False
manual_002030,manual,False,,f1360a2ce911197128693e30e673db88fb496dad,decision_key_rate,statement,Заявление Председателя Банка России Эльвиры Набиуллиной по итогам заседания Совета директоров Банка России 14 февраля 2025 года,14.02.2025,Э.С. НАБИУЛЛИНА:.,Other,Other,Other,11,2,5,2025-02-14,2025,True
manual_002031,manual,False,,f1360a2ce911197128693e30e673db88fb496dad,decision_key_rate,statement,Заявление Председателя Банка России Эльвиры Набиуллиной по итогам заседания Совета директоров Банка России 14 февраля 2025 года,14.02.2025,Все-таки перегрев спроса и перегрев экономики — это не перегрев конкретных сегментов.,Economic activity,Backward-looking,Hawkish,5,1,0,2025-02-14,2025,False
manual_002032,manual,False,,f1360a2ce911197128693e30e673db88fb496dad,decision_key_rate,statement,Заявление Председателя Банка России Эльвиры Набиуллиной по итогам заседания Совета директоров Банка России 14 февраля 2025 года,14.02.2025,"Мы говорим про экономику в целом, хотя дисбалансы в одних секторах могут быть больше, в других меньше.",Economic activity,Backward-looking,Neutral,5,1,2,2025-02-14,2025,False
manual_002033,manual,False,,f1360a2ce911197128693e30e673db88fb496dad,decision_key_rate,statement,Заявление Председателя Банка России Эльвиры Набиуллиной по итогам заседания Совета директоров Банка России 14 февраля 2025 года,14.02.2025,"Что касается сбалансированных темпов роста, это устойчивые темпы роста, которые не ведут к постоянному ускорению инфляции, когда инфляция находится на цели 4%.",Inflation,Forward-looking,Confidence-building,0,0,4,2025-02-14,2025,False
manual_002034,manual,False,,f1360a2ce911197128693e30e673db88fb496dad,decision_key_rate,statement,Заявление Председателя Банка России Эльвиры Набиуллиной по итогам заседания Совета директоров Банка России 14 февраля 2025 года,14.02.2025,А.Б. ЗАБОТКИН:.,Other,Other,Other,11,2,5,2025-02-14,2025,True
manual_002035,manual,False,,f1360a2ce911197128693e30e673db88fb496dad,decision_key_rate,statement,Заявление Председателя Банка России Эльвиры Набиуллиной по итогам заседания Совета директоров Банка России 14 февраля 2025 года,14.02.2025,По поводу отраслей.,Other,Other,Other,11,2,5,2025-02-14,2025,True
manual_002036,manual,False,,f1360a2ce911197128693e30e673db88fb496dad,decision_key_rate,statement,Заявление Председателя Банка России Эльвиры Набиуллиной по итогам заседания Совета директоров Банка России 14 февраля 2025 года,14.02.2025,Все-таки макроэкономическая логика — это логика совокупного спроса и совокупного предложения.,Economic activity,Backward-looking,Neutral,5,1,2,2025-02-14,2025,False
manual_002037,manual,False,,f1360a2ce911197128693e30e673db88fb496dad,decision_key_rate,statement,Заявление Председателя Банка России Эльвиры Набиуллиной по итогам заседания Совета директоров Банка России 14 февраля 2025 года,14.02.2025,"Соответственно, уместно рассуждать о масштабе разрыва выпуска для экономики в целом, масштабе отклонения совокупного спроса от потенциала в целом.",Economic activity,Backward-looking,Neutral,5,1,2,2025-02-14,2025,False
manual_002038,manual,False,,f1360a2ce911197128693e30e673db88fb496dad,decision_key_rate,statement,Заявление Председателя Банка России Эльвиры Набиуллиной по итогам заседания Совета директоров Банка России 14 февраля 2025 года,14.02.2025,"Говорить о том, какие отрасли больше или меньше перегреты, с точки зрения макроэкономической логики не очень правильная постановка вопроса, потому что инфляция отражает общую картину по экономике в целом.",Inflation,Backward-looking,Neutral,0,1,2,2025-02-14,2025,False
manual_002039,manual,False,,f1360a2ce911197128693e30e673db88fb496dad,decision_key_rate,statement,Заявление Председателя Банка России Эльвиры Набиуллиной по итогам заседания Совета директоров Банка России 14 февраля 2025 года,14.02.2025,"Количественных оценок потенциала мы не публиковали, но есть, как вы, наверное, знаете, в Основных направлениях денежно-кредитной политики врезка, в которой довольно подробно изложена логика потенциала и разрыва и представлен график модельных оценок, где мы сейчас находимся с точки зрения того, что нам говорят данные на этот счет.",Economic activity,Backward-looking,Neutral,5,1,2,2025-02-14,2025,False
manual_002040,manual,False,,f1360a2ce911197128693e30e673db88fb496dad,decision_key_rate,statement,Заявление Председателя Банка России Эльвиры Набиуллиной по итогам заседания Совета директоров Банка России 14 февраля 2025 года,14.02.2025,"И некоторый ориентир с точки зрения того, что на прогнозе рассматривается в качестве сбалансированного и устойчивого роста, — это прогноз по росту ВВП на конце прогнозного горизонта, в 2027 году это 1,5–2,5%.",Economic activity,Forward-looking,Neutral,5,0,2,2025-02-14,2025,False
manual_002041,manual,False,,f1360a2ce911197128693e30e673db88fb496dad,decision_key_rate,statement,Заявление Председателя Банка России Эльвиры Набиуллиной по итогам заседания Совета директоров Банка России 14 февраля 2025 года,14.02.2025,ВОПРОС (проект InvestFuture ):.,Other,Other,Other,11,2,5,2025-02-14,2025,False
manual_002042,manual,False,,f1360a2ce911197128693e30e673db88fb496dad,decision_key_rate,statement,Заявление Председателя Банка России Эльвиры Набиуллиной по итогам заседания Совета директоров Банка России 14 февраля 2025 года,14.02.2025,"Эльвира Сахипзадовна, 7 лет назад вы прочли лекцию в честь Мишеля Камдессю, в которой заявили (цитата): «Санкции, торговые и валютные войны вызывают трансграничные эффекты, которые нельзя предвидеть.",External conditions,Backward-looking,Risk-highlighting,7,1,3,2025-02-14,2025,False
manual_002043,manual,False,,f1360a2ce911197128693e30e673db88fb496dad,decision_key_rate,statement,Заявление Председателя Банка России Эльвиры Набиуллиной по итогам заседания Совета директоров Банка России 14 февраля 2025 года,14.02.2025,Это заставляет нас еще больше увеличивать резервы».,Financial sector & Macroprudential policy,Backward-looking,Confidence-building,10,1,4,2025-02-14,2025,False
manual_002044,manual,False,,f1360a2ce911197128693e30e673db88fb496dad,decision_key_rate,statement,Заявление Председателя Банка России Эльвиры Набиуллиной по итогам заседания Совета директоров Банка России 14 февраля 2025 года,14.02.2025,ЦБ уже начал подготовку к торговым войнам?,External conditions,Forward-looking,Risk-highlighting,7,0,3,2025-02-14,2025,False
manual_002045,manual,False,,f1360a2ce911197128693e30e673db88fb496dad,decision_key_rate,statement,Заявление Председателя Банка России Эльвиры Набиуллиной по итогам заседания Совета директоров Банка России 14 февраля 2025 года,14.02.2025,Как он будет это делать?,Other,Other,Other,11,2,5,2025-02-14,2025,True
manual_002046,manual,False,,f1360a2ce911197128693e30e673db88fb496dad,decision_key_rate,statement,Заявление Председателя Банка России Эльвиры Набиуллиной по итогам заседания Совета директоров Банка России 14 февраля 2025 года,14.02.2025,"И вы уже затронули эту тему, но подробнее можете объяснить, как торговые войны могут повлиять на россиян, на инфляцию?",External conditions,Forward-looking,Risk-highlighting,7,0,3,2025-02-14,2025,False
manual_002047,manual,False,,f1360a2ce911197128693e30e673db88fb496dad,decision_key_rate,statement,Заявление Председателя Банка России Эльвиры Набиуллиной по итогам заседания Совета директоров Банка России 14 февраля 2025 года,14.02.2025,Э.С. НАБИУЛЛИНА:.,Other,Other,Other,11,2,5,2025-02-14,2025,True
manual_002048,manual,False,,f1360a2ce911197128693e30e673db88fb496dad,decision_key_rate,statement,Заявление Председателя Банка России Эльвиры Набиуллиной по итогам заседания Совета директоров Банка России 14 февраля 2025 года,14.02.2025,"Вы знаете, мы все время готовимся к рискам, то есть мы считаем, что наша финансовая система должна быть готова к разного рода шокам, они часто случаются, поэтому у нас есть специальные обзоры рисков финансового рынка, финансовой стабильности.",Financial sector & Macroprudential policy,Forward-looking,Confidence-building,10,0,4,2025-02-14,2025,False
manual_002049,manual,False,,f1360a2ce911197128693e30e673db88fb496dad,decision_key_rate,statement,Заявление Председателя Банка России Эльвиры Набиуллиной по итогам заседания Совета директоров Банка России 14 февраля 2025 года,14.02.2025,"Что касается торговых войн, то в целом их эффект на мировую экономику может быть в замедлении экономического роста, когда происходит фрагментация, когда ресурсы не перераспределяются туда, где они наиболее эффективно используются, такая блоковая фрагментация.",External conditions,Forward-looking,Risk-highlighting,7,0,3,2025-02-14,2025,False
manual_002050,manual,False,,f1360a2ce911197128693e30e673db88fb496dad,decision_key_rate,statement,Заявление Председателя Банка России Эльвиры Набиуллиной по итогам заседания Совета директоров Банка России 14 февраля 2025 года,14.02.2025,"И это может привести к замедлению темпов роста мировой экономики, а соответственно, к замедлению спроса на товары нашего экспорта.",External conditions,Forward-looking,Risk-highlighting,7,0,3,2025-02-14,2025,False
manual_002051,manual,False,,f1360a2ce911197128693e30e673db88fb496dad,decision_key_rate,statement,Заявление Председателя Банка России Эльвиры Набиуллиной по итогам заседания Совета директоров Банка России 14 февраля 2025 года,14.02.2025,"И хотя зависимость российской экономики от экспорта сырья уменьшилась, но она значительная, и мы, конечно, смотрим на то, как это может повлиять, и это отражаем в рисковом сценарии.",External conditions,Forward-looking,Risk-highlighting,7,0,3,2025-02-14,2025,False
manual_002052,manual,False,,f1360a2ce911197128693e30e673db88fb496dad,decision_key_rate,statement,Заявление Председателя Банка России Эльвиры Набиуллиной по итогам заседания Совета директоров Банка России 14 февраля 2025 года,14.02.2025,"Что касается готовности к такого рода рискам, я и раньше считала, и сейчас считаю, что должно быть два элемента такой подготовки, если хотите.",Financial sector & Macroprudential policy,Forward-looking,Confidence-building,10,0,4,2025-02-14,2025,False
manual_002053,manual,False,,f1360a2ce911197128693e30e673db88fb496dad,decision_key_rate,statement,Заявление Председателя Банка России Эльвиры Набиуллиной по итогам заседания Совета директоров Банка России 14 февраля 2025 года,14.02.2025,Первое.,Other,Other,Other,11,2,5,2025-02-14,2025,True
manual_002054,manual,False,,f1360a2ce911197128693e30e673db88fb496dad,decision_key_rate,statement,Заявление Председателя Банка России Эльвиры Набиуллиной по итогам заседания Совета директоров Банка России 14 февраля 2025 года,14.02.2025,"В экономике не должно быть существенных дисбалансов, слабых звеньев, потому что, когда случаются такие шоковые события, эти слабые звенья могут привести к эффекту домино.",Financial sector & Macroprudential policy,Forward-looking,Risk-highlighting,10,0,3,2025-02-14,2025,False
manual_002055,manual,False,,f1360a2ce911197128693e30e673db88fb496dad,decision_key_rate,statement,Заявление Председателя Банка России Эльвиры Набиуллиной по итогам заседания Совета директоров Банка России 14 февраля 2025 года,14.02.2025,"Условно неустойчивые банки, как у нас было в 2008, 2014 годах, когда надо было спасать банки, нашу кровеносную систему и так далее.",Financial sector & Macroprudential policy,Backward-looking,Risk-highlighting,10,1,3,2025-02-14,2025,False
manual_002056,manual,False,,f1360a2ce911197128693e30e673db88fb496dad,decision_key_rate,statement,Заявление Председателя Банка России Эльвиры Набиуллиной по итогам заседания Совета директоров Банка России 14 февраля 2025 года,14.02.2025,"Оздоровление банков привело к тому, что в последние годы банки помогали экономике, реструктурировали кредиты.",Financial sector & Macroprudential policy,Backward-looking,Confidence-building,10,1,4,2025-02-14,2025,False
manual_002057,manual,False,,f1360a2ce911197128693e30e673db88fb496dad,decision_key_rate,statement,Заявление Председателя Банка России Эльвиры Набиуллиной по итогам заседания Совета директоров Банка России 14 февраля 2025 года,14.02.2025,"Закредитованность компаний, банков, когда такие кризисы наступают, — это тоже слабые звенья, поэтому нельзя допускать чрезмерной закредитованности экономических объектов и, соответственно, населения, граждан.",Credit,Forward-looking,Hawkish,3,0,0,2025-02-14,2025,False
manual_002058,manual,False,,f1360a2ce911197128693e30e673db88fb496dad,decision_key_rate,statement,Заявление Председателя Банка России Эльвиры Набиуллиной по итогам заседания Совета директоров Банка России 14 февраля 2025 года,14.02.2025,"И второе: нужны так называемые буферы, запасы.",Financial sector & Macroprudential policy,Forward-looking,Confidence-building,10,0,4,2025-02-14,2025,False
manual_002059,manual,False,,f1360a2ce911197128693e30e673db88fb496dad,decision_key_rate,statement,Заявление Председателя Банка России Эльвиры Набиуллиной по итогам заседания Совета директоров Банка России 14 февраля 2025 года,14.02.2025,Макроэкономическим буфером является Фонд национального благосостояния.,Fiscal policy,Backward-looking,Confidence-building,8,1,4,2025-02-14,2025,False
manual_002060,manual,False,,f1360a2ce911197128693e30e673db88fb496dad,decision_key_rate,statement,Заявление Председателя Банка России Эльвиры Набиуллиной по итогам заседания Совета директоров Банка России 14 февраля 2025 года,14.02.2025,"Если ситуация ухудшается, у вас всегда есть возможность поддержать необходимые расходы и так далее.",Fiscal policy,Forward-looking,Confidence-building,8,0,4,2025-02-14,2025,False
manual_002061,manual,False,,f1360a2ce911197128693e30e673db88fb496dad,decision_key_rate,statement,Заявление Председателя Банка России Эльвиры Набиуллиной по итогам заседания Совета директоров Банка России 14 февраля 2025 года,14.02.2025,В банковском секторе — буферы капитала.,Financial sector & Macroprudential policy,Backward-looking,Confidence-building,10,1,4,2025-02-14,2025,False
manual_002062,manual,False,,f1360a2ce911197128693e30e673db88fb496dad,decision_key_rate,statement,Заявление Председателя Банка России Эльвиры Набиуллиной по итогам заседания Совета директоров Банка России 14 февраля 2025 года,14.02.2025,"Мы к 2022 году пришли с очень хорошими запасами капитала, и поэтому, несмотря на невероятные санкции на финансовый сектор, банки смогли наращивать кредитование.",External conditions,Backward-looking,Confidence-building,7,1,4,2025-02-14,2025,False
manual_002063,manual,False,,f1360a2ce911197128693e30e673db88fb496dad,decision_key_rate,statement,Заявление Председателя Банка России Эльвиры Набиуллиной по итогам заседания Совета директоров Банка России 14 февраля 2025 года,14.02.2025,"Конечно, мы дали регуляторные послабления, но кредитование происходило очень высокими темпами.",Financial sector & Macroprudential policy,Backward-looking,Hawkish,10,1,0,2025-02-14,2025,False
manual_002064,manual,False,,f1360a2ce911197128693e30e673db88fb496dad,decision_key_rate,statement,Заявление Председателя Банка России Эльвиры Набиуллиной по итогам заседания Совета директоров Банка России 14 февраля 2025 года,14.02.2025,"Сейчас капитала достаточно, но мы считаем, что банки должны всегда иметь буфер капитала.",Financial sector & Macroprudential policy,Forward-looking,Confidence-building,10,0,4,2025-02-14,2025,False
manual_002065,manual,False,,f1360a2ce911197128693e30e673db88fb496dad,decision_key_rate,statement,Заявление Председателя Банка России Эльвиры Набиуллиной по итогам заседания Совета директоров Банка России 14 февраля 2025 года,14.02.2025,"И поэтому происходит плановая нормализация такого регулирования, для того чтобы банки поднакопили такие буферы.",Financial sector & Macroprudential policy,Forward-looking,Confidence-building,10,0,4,2025-02-14,2025,False
manual_002066,manual,False,,f1360a2ce911197128693e30e673db88fb496dad,decision_key_rate,statement,Заявление Председателя Банка России Эльвиры Набиуллиной по итогам заседания Совета директоров Банка России 14 февраля 2025 года,14.02.2025,"Поэтому, если говорить о готовности или подготовке к такого рода событиям, которые могут случаться, на мой взгляд, это два основных направления.",Financial sector & Macroprudential policy,Forward-looking,Confidence-building,10,0,4,2025-02-14,2025,False
manual_002067,manual,False,,f1360a2ce911197128693e30e673db88fb496dad,decision_key_rate,statement,Заявление Председателя Банка России Эльвиры Набиуллиной по итогам заседания Совета директоров Банка России 14 февраля 2025 года,14.02.2025,ВОПРОС ( YouTube -канал «Елаховский»):.,Other,Other,Other,11,2,5,2025-02-14,2025,False
manual_002068,manual,False,,f1360a2ce911197128693e30e673db88fb496dad,decision_key_rate,statement,Заявление Председателя Банка России Эльвиры Набиуллиной по итогам заседания Совета директоров Банка России 14 февраля 2025 года,14.02.2025,"Вы уже сегодня говорили, что у вас нет хрустального шара, но тем не менее повышение ставок центробанками с резервными валютами, в первую очередь ФРС, ЕЦБ, было болезненным для валют развивающихся стран, в том числе для рубля.",External conditions,Backward-looking,Risk-highlighting,7,1,3,2025-02-14,2025,False
manual_002069,manual,False,,f1360a2ce911197128693e30e673db88fb496dad,decision_key_rate,statement,Заявление Председателя Банка России Эльвиры Набиуллиной по итогам заседания Совета директоров Банка России 14 февраля 2025 года,14.02.2025,Это транслировалось в том числе через цены на нефть.,External conditions,Backward-looking,Neutral,7,1,2,2025-02-14,2025,False
manual_002070,manual,False,,f1360a2ce911197128693e30e673db88fb496dad,decision_key_rate,statement,Заявление Председателя Банка России Эльвиры Набиуллиной по итогам заседания Совета директоров Банка России 14 февраля 2025 года,14.02.2025,Но последние цифры по инфляции оказались высокими.,Inflation,Backward-looking,Hawkish,0,1,0,2025-02-14,2025,False
manual_002071,manual,False,,f1360a2ce911197128693e30e673db88fb496dad,decision_key_rate,statement,Заявление Председателя Банка России Эльвиры Набиуллиной по итогам заседания Совета директоров Банка России 14 февраля 2025 года,14.02.2025,Закладываете ли вы в свои прогнозы снижение долларовых ставок в этом году или нет?,External conditions,Forward-looking,Dovish,7,0,1,2025-02-14,2025,False
manual_002072,manual,False,,f1360a2ce911197128693e30e673db88fb496dad,decision_key_rate,statement,Заявление Председателя Банка России Эльвиры Набиуллиной по итогам заседания Совета директоров Банка России 14 февраля 2025 года,14.02.2025,Э.С. НАБИУЛЛИНА:.,Other,Other,Other,11,2,5,2025-02-14,2025,True
manual_002073,manual,False,,f1360a2ce911197128693e30e673db88fb496dad,decision_key_rate,statement,Заявление Председателя Банка России Эльвиры Набиуллиной по итогам заседания Совета директоров Банка России 14 февраля 2025 года,14.02.2025,"Во-первых, влияние решений центральных банков, которые эмитируют резервные валюты, в последние годы уменьшилось именно потому, что у нас влияние трансграничного движения капитала, капитальных потоков сильно уменьшилось.",External conditions,Backward-looking,Confidence-building,7,1,4,2025-02-14,2025,False
manual_002074,manual,False,,f1360a2ce911197128693e30e673db88fb496dad,decision_key_rate,statement,Заявление Председателя Банка России Эльвиры Набиуллиной по итогам заседания Совета директоров Банка России 14 февраля 2025 года,14.02.2025,У нас большее влияние на курс оказывает экспорт-импорт.,Exchange rate,Backward-looking,Neutral,9,1,2,2025-02-14,2025,False
manual_002075,manual,False,,f1360a2ce911197128693e30e673db88fb496dad,decision_key_rate,statement,Заявление Председателя Банка России Эльвиры Набиуллиной по итогам заседания Совета директоров Банка России 14 февраля 2025 года,14.02.2025,"Мы, безусловно, прогнозируем, закладываем некоторые предпосылки по развитию и мировой экономики, и ставок.",External conditions,Forward-looking,Neutral,7,0,2,2025-02-14,2025,False
manual_002076,manual,False,,f1360a2ce911197128693e30e673db88fb496dad,decision_key_rate,statement,Заявление Председателя Банка России Эльвиры Набиуллиной по итогам заседания Совета директоров Банка России 14 февраля 2025 года,14.02.2025,Мы закладываем сейчас минимальное снижение мировых ставок.,External conditions,Forward-looking,Dovish,7,0,1,2025-02-14,2025,False
manual_002077,manual,False,,f1360a2ce911197128693e30e673db88fb496dad,decision_key_rate,statement,Заявление Председателя Банка России Эльвиры Набиуллиной по итогам заседания Совета директоров Банка России 14 февраля 2025 года,14.02.2025,ВОПРОС ( газета «Известия» ):.,Other,Other,Other,11,2,5,2025-02-14,2025,False
manual_002078,manual,False,,f1360a2ce911197128693e30e673db88fb496dad,decision_key_rate,statement,Заявление Председателя Банка России Эльвиры Набиуллиной по итогам заседания Совета директоров Банка России 14 февраля 2025 года,14.02.2025,"Вы планируете с 1 марта снизить макропруденциальные надбавки к коэффициентам риска по ипотеке, при этом вы получили возможность устанавливать макропруденциальные лимиты на ипотеку с апреля этого года.",Financial sector & Macroprudential policy,Forward-looking,Neutral,10,0,2,2025-02-14,2025,False
manual_002079,manual,False,,f1360a2ce911197128693e30e673db88fb496dad,decision_key_rate,statement,Заявление Председателя Банка России Эльвиры Набиуллиной по итогам заседания Совета директоров Банка России 14 февраля 2025 года,14.02.2025,"Скажите, это действие означает ли, что вы не воспользуетесь в ближайший год вашей возможностью по лимитам?",Financial sector & Macroprudential policy,Forward-looking,Neutral,10,0,2,2025-02-14,2025,False
manual_002080,manual,False,,f1360a2ce911197128693e30e673db88fb496dad,decision_key_rate,statement,Заявление Председателя Банка России Эльвиры Набиуллиной по итогам заседания Совета директоров Банка России 14 февраля 2025 года,14.02.2025,И уточняющий вопрос про Правительство.,Other,Other,Other,11,2,5,2025-02-14,2025,False
manual_002081,manual,False,,f1360a2ce911197128693e30e673db88fb496dad,decision_key_rate,statement,Заявление Председателя Банка России Эльвиры Набиуллиной по итогам заседания Совета директоров Банка России 14 февраля 2025 года,14.02.2025,"В прошлую пятницу Владимир Владимирович перед Мишустиным поставил две стратегические задачи, одна из которых — снижение инфляции.",Inflation,Backward-looking,Dovish,0,1,1,2025-02-14,2025,False
manual_002082,manual,False,,f1360a2ce911197128693e30e673db88fb496dad,decision_key_rate,statement,Заявление Председателя Банка России Эльвиры Набиуллиной по итогам заседания Совета директоров Банка России 14 февраля 2025 года,14.02.2025,"То есть всегда за инфляцию отвечал ЦБ, а тут как бы и Правительству на это намекнули.",Inflation,Backward-looking,Neutral,0,1,2,2025-02-14,2025,False
manual_002083,manual,False,,f1360a2ce911197128693e30e673db88fb496dad,decision_key_rate,statement,Заявление Председателя Банка России Эльвиры Набиуллиной по итогам заседания Совета директоров Банка России 14 февраля 2025 года,14.02.2025,"Скажите, пожалуйста, усилится ли ваше взаимодействие с Правительством в связи с этим?",Fiscal policy,Forward-looking,Neutral,8,0,2,2025-02-14,2025,False
manual_002084,manual,False,,f1360a2ce911197128693e30e673db88fb496dad,decision_key_rate,statement,Заявление Председателя Банка России Эльвиры Набиуллиной по итогам заседания Совета директоров Банка России 14 февраля 2025 года,14.02.2025,"И что вы, собственно, от Правительства, какой помощи в этом ждете?",Fiscal policy,Forward-looking,Neutral,8,0,2,2025-02-14,2025,False
manual_002085,manual,False,,f1360a2ce911197128693e30e673db88fb496dad,decision_key_rate,statement,Заявление Председателя Банка России Эльвиры Набиуллиной по итогам заседания Совета директоров Банка России 14 февраля 2025 года,14.02.2025,Э.С. НАБИУЛЛИНА:.,Other,Other,Other,11,2,5,2025-02-14,2025,True
manual_002086,manual,False,,f1360a2ce911197128693e30e673db88fb496dad,decision_key_rate,statement,Заявление Председателя Банка России Эльвиры Набиуллиной по итогам заседания Совета директоров Банка России 14 февраля 2025 года,14.02.2025,По первому вопросу.,Other,Other,Other,11,2,5,2025-02-14,2025,True
manual_002087,manual,False,,f1360a2ce911197128693e30e673db88fb496dad,decision_key_rate,statement,Заявление Председателя Банка России Эльвиры Набиуллиной по итогам заседания Совета директоров Банка России 14 февраля 2025 года,14.02.2025,Мы воспользуемся этой возможностью.,Financial sector & Macroprudential policy,Forward-looking,Neutral,10,0,2,2025-02-14,2025,False
manual_002088,manual,False,,f1360a2ce911197128693e30e673db88fb496dad,decision_key_rate,statement,Заявление Председателя Банка России Эльвиры Набиуллиной по итогам заседания Совета директоров Банка России 14 февраля 2025 года,14.02.2025,"Мы сейчас чуть снизили макронадбавки по ипотеке, в секторе среднерискованной ипотеки, так назовем, где у нас показатель долговой нагрузки меньше 70% и показатель первоначального взноса больше 20%.",Financial sector & Macroprudential policy,Backward-looking,Dovish,10,1,1,2025-02-14,2025,False
manual_002089,manual,False,,f1360a2ce911197128693e30e673db88fb496dad,decision_key_rate,statement,Заявление Председателя Банка России Эльвиры Набиуллиной по итогам заседания Совета директоров Банка России 14 февраля 2025 года,14.02.2025,"Но макропруденциальные лимиты мы будем вводить, скорее всего, на ипотеку с показателем долговой нагрузки 80% плюс и соответствующим первоначальным взносом и, возможно, скорректируем макронадбавки в этом сегменте.",Financial sector & Macroprudential policy,Forward-looking,Hawkish,10,0,0,2025-02-14,2025,False
manual_002090,manual,False,,f1360a2ce911197128693e30e673db88fb496dad,decision_key_rate,statement,Заявление Председателя Банка России Эльвиры Набиуллиной по итогам заседания Совета директоров Банка России 14 февраля 2025 года,14.02.2025,"Что касается задачи достижения инфляции, инфляция — это всегда про баланс спроса и предложения.",Inflation,Backward-looking,Neutral,0,1,2,2025-02-14,2025,False
manual_002091,manual,False,,f1360a2ce911197128693e30e673db88fb496dad,decision_key_rate,statement,Заявление Председателя Банка России Эльвиры Набиуллиной по итогам заседания Совета директоров Банка России 14 февраля 2025 года,14.02.2025,"Мы своей денежной-кредитной политикой влияем на совокупный спрос, но на спрос влияет и бюджетный дефицит, поэтому мы учитываем бюджетные параметры.",Fiscal policy,Backward-looking,Neutral,8,1,2,2025-02-14,2025,False
manual_002092,manual,False,,f1360a2ce911197128693e30e673db88fb496dad,decision_key_rate,statement,Заявление Председателя Банка России Эльвиры Набиуллиной по итогам заседания Совета директоров Банка России 14 февраля 2025 года,14.02.2025,"И я еще раз повторю: очень рассчитываем, что тот дезинфляционный эффект от возвращения к бюджетному правилу, который сейчас заложен, будет реализован.",Fiscal policy,Forward-looking,Dovish,8,0,1,2025-02-14,2025,False
manual_002093,manual,False,,f1360a2ce911197128693e30e673db88fb496dad,decision_key_rate,statement,Заявление Председателя Банка России Эльвиры Набиуллиной по итогам заседания Совета директоров Банка России 14 февраля 2025 года,14.02.2025,"И, естественно, чем больше возможности расширения производства, то, что называется экономикой предложения, где очень важны структурные меры, — это компетенция Правительства.",Economic activity,Forward-looking,Dovish,5,0,1,2025-02-14,2025,False
manual_002094,manual,False,,f1360a2ce911197128693e30e673db88fb496dad,decision_key_rate,statement,Заявление Председателя Банка России Эльвиры Набиуллиной по итогам заседания Совета директоров Банка России 14 февраля 2025 года,14.02.2025,Мы с Правительством сейчас очень активно взаимодействуем.,Fiscal policy,Backward-looking,Neutral,8,1,2,2025-02-14,2025,False
manual_002095,manual,False,,f1360a2ce911197128693e30e673db88fb496dad,decision_key_rate,statement,Заявление Председателя Банка России Эльвиры Набиуллиной по итогам заседания Совета директоров Банка России 14 февраля 2025 года,14.02.2025,"Я думаю, что здесь нет необходимости каких-то дальнейших дополнительных усилий по координации.",Fiscal policy,Forward-looking,Neutral,8,0,2,2025-02-14,2025,False
manual_002096,manual,False,,f1360a2ce911197128693e30e673db88fb496dad,decision_key_rate,statement,Заявление Председателя Банка России Эльвиры Набиуллиной по итогам заседания Совета директоров Банка России 14 февраля 2025 года,14.02.2025,"Мы обмениваемся взглядами на экономику, мерами, которые мы готовим, но решения каждый в своей сфере принимает абсолютно самостоятельно, и мы принимаем решения по денежно- кредитной политике независимо.",Interest rate,Forward-looking,Confidence-building,1,0,4,2025-02-14,2025,False
manual_002097,manual,False,,f1360a2ce911197128693e30e673db88fb496dad,decision_key_rate,statement,Заявление Председателя Банка России Эльвиры Набиуллиной по итогам заседания Совета директоров Банка России 14 февраля 2025 года,14.02.2025,ВОПРОС (издание Frank Media ):.,Other,Other,Other,11,2,5,2025-02-14,2025,False
manual_002098,manual,False,,f1360a2ce911197128693e30e673db88fb496dad,decision_key_rate,statement,Заявление Председателя Банка России Эльвиры Набиуллиной по итогам заседания Совета директоров Банка России 14 февраля 2025 года,14.02.2025,"Застройщики расширяют использование рассрочки при продаже жилья, а при этом ЦБ ранее говорил о том, что видит в этом риски и готовится ввести регулирование для таких сделок.",Financial sector & Macroprudential policy,Forward-looking,Risk-highlighting,10,0,3,2025-02-14,2025,False
manual_002099,manual,False,,f1360a2ce911197128693e30e673db88fb496dad,decision_key_rate,statement,Заявление Председателя Банка России Эльвиры Набиуллиной по итогам заседания Совета директоров Банка России 14 февраля 2025 года,14.02.2025,А что это может быть за регулирование?,Financial sector & Macroprudential policy,Forward-looking,Neutral,10,0,2,2025-02-14,2025,False
manual_002100,manual,False,,f1360a2ce911197128693e30e673db88fb496dad,decision_key_rate,statement,Заявление Председателя Банка России Эльвиры Набиуллиной по итогам заседания Совета директоров Банка России 14 февраля 2025 года,14.02.2025,"Может ли это быть стандарт, новый стандарт, только теперь для рассрочки?",Financial sector & Macroprudential policy,Forward-looking,Neutral,10,0,2,2025-02-14,2025,False
manual_002101,manual,False,,f1360a2ce911197128693e30e673db88fb496dad,decision_key_rate,statement,Заявление Председателя Банка России Эльвиры Набиуллиной по итогам заседания Совета директоров Банка России 14 февраля 2025 года,14.02.2025,И когда оно может быть введено?,Financial sector & Macroprudential policy,Forward-looking,Neutral,10,0,2,2025-02-14,2025,False
manual_002102,manual,False,,f1360a2ce911197128693e30e673db88fb496dad,decision_key_rate,statement,Заявление Председателя Банка России Эльвиры Набиуллиной по итогам заседания Совета директоров Банка России 14 февраля 2025 года,14.02.2025,Э.С. НАБИУЛЛИНА:.,Other,Other,Other,11,2,5,2025-02-14,2025,True
manual_002103,manual,False,,f1360a2ce911197128693e30e673db88fb496dad,decision_key_rate,statement,Заявление Председателя Банка России Эльвиры Набиуллиной по итогам заседания Совета директоров Банка России 14 февраля 2025 года,14.02.2025,"Мы действительно видим, что на рынке выросла доля сделок, которые называются «рассрочка от застройщика», то есть не кредит банка, а «рассрочка от застройщика», и видим, что доля рассрочки от застройщиков в продажах увеличилась с 20 до 40%.",Credit,Backward-looking,Hawkish,3,1,0,2025-02-14,2025,False
manual_002104,manual,False,,f1360a2ce911197128693e30e673db88fb496dad,decision_key_rate,statement,Заявление Председателя Банка России Эльвиры Набиуллиной по итогам заседания Совета директоров Банка России 14 февраля 2025 года,14.02.2025,Что нас здесь беспокоит?,Other,Other,Other,11,2,5,2025-02-14,2025,True
manual_002105,manual,False,,f1360a2ce911197128693e30e673db88fb496dad,decision_key_rate,statement,Заявление Председателя Банка России Эльвиры Набиуллиной по итогам заседания Совета директоров Банка России 14 февраля 2025 года,14.02.2025,"У нас действительно есть беспокойство, потому что широкое распространение этих схем создает риски как для покупателей, так и для самих застройщиков.",Financial sector & Macroprudential policy,Backward-looking,Risk-highlighting,10,1,3,2025-02-14,2025,False
manual_002106,manual,False,,f1360a2ce911197128693e30e673db88fb496dad,decision_key_rate,statement,Заявление Председателя Банка России Эльвиры Набиуллиной по итогам заседания Совета директоров Банка России 14 февраля 2025 года,14.02.2025,Какого рода эти риски для покупателей?,Other,Other,Other,11,2,5,2025-02-14,2025,False
manual_002107,manual,False,,f1360a2ce911197128693e30e673db88fb496dad,decision_key_rate,statement,Заявление Председателя Банка России Эльвиры Набиуллиной по итогам заседания Совета директоров Банка России 14 февраля 2025 года,14.02.2025,Человек оформляет рассрочку.,Credit,Backward-looking,Neutral,3,1,2,2025-02-14,2025,False
manual_002108,manual,False,,f1360a2ce911197128693e30e673db88fb496dad,decision_key_rate,statement,Заявление Председателя Банка России Эльвиры Набиуллиной по итогам заседания Совета директоров Банка России 14 февраля 2025 года,14.02.2025,"Рассрочка обычно очень ограниченная, в среднем рассрочка сейчас идет год-два, то, что мы видим.",Credit,Backward-looking,Neutral,3,1,2,2025-02-14,2025,False
manual_002109,manual,False,,f1360a2ce911197128693e30e673db88fb496dad,decision_key_rate,statement,Заявление Председателя Банка России Эльвиры Набиуллиной по итогам заседания Совета директоров Банка России 14 февраля 2025 года,14.02.2025,"Рассрочка оформляется под обещание, что потом ставки на ипотеку снизятся и человек сможет оформить ипотечный кредит.",Monetary conditions,Forward-looking,Neutral,2,0,2,2025-02-14,2025,False
manual_002110,manual,False,,f1360a2ce911197128693e30e673db88fb496dad,decision_key_rate,statement,Заявление Председателя Банка России Эльвиры Набиуллиной по итогам заседания Совета директоров Банка России 14 февраля 2025 года,14.02.2025,"Во-первых, этот ипотечный кредит ему никто пока не гарантировал.",Credit,Backward-looking,Risk-highlighting,3,1,3,2025-02-14,2025,False
manual_002111,manual,False,,f1360a2ce911197128693e30e673db88fb496dad,decision_key_rate,statement,Заявление Председателя Банка России Эльвиры Набиуллиной по итогам заседания Совета директоров Банка России 14 февраля 2025 года,14.02.2025,"И важно будет, чтобы человек не попал в сложную ситуацию.",Credit,Forward-looking,Risk-highlighting,3,0,3,2025-02-14,2025,False
manual_002112,manual,False,,f1360a2ce911197128693e30e673db88fb496dad,decision_key_rate,statement,Заявление Председателя Банка России Эльвиры Набиуллиной по итогам заседания Совета директоров Банка России 14 февраля 2025 года,14.02.2025,Второе.,Other,Other,Other,11,2,5,2025-02-14,2025,True
manual_002113,manual,False,,f1360a2ce911197128693e30e673db88fb496dad,decision_key_rate,statement,Заявление Председателя Банка России Эльвиры Набиуллиной по итогам заседания Совета директоров Банка России 14 февраля 2025 года,14.02.2025,"С точки зрения долговой нагрузки гражданина, ведь рассрочка — это тоже долг, даже если он беспроцентный, но вы должны чуть позже по времени, но заплатить определенные суммы — это долг.",Credit,Backward-looking,Neutral,3,1,2,2025-02-14,2025,False
manual_002114,manual,False,,f1360a2ce911197128693e30e673db88fb496dad,decision_key_rate,statement,Заявление Председателя Банка России Эльвиры Набиуллиной по итогам заседания Совета директоров Банка России 14 февраля 2025 года,14.02.2025,И данные об этом долге не передаются в бюро кредитных историй.,Credit,Backward-looking,Risk-highlighting,3,1,3,2025-02-14,2025,False
manual_002115,manual,False,,f1360a2ce911197128693e30e673db88fb496dad,decision_key_rate,statement,Заявление Председателя Банка России Эльвиры Набиуллиной по итогам заседания Совета директоров Банка России 14 февраля 2025 года,14.02.2025,Человек пришел в банк за другим кредитом.,Credit,Backward-looking,Neutral,3,1,2,2025-02-14,2025,False
manual_002116,manual,False,,f1360a2ce911197128693e30e673db88fb496dad,decision_key_rate,statement,Заявление Председателя Банка России Эльвиры Набиуллиной по итогам заседания Совета директоров Банка России 14 февраля 2025 года,14.02.2025,"А есть ли данные о том, что у него есть долг и может ли он обслуживать дальше этот долг?",Credit,Forward-looking,Risk-highlighting,3,0,3,2025-02-14,2025,False
manual_002117,manual,False,,f1360a2ce911197128693e30e673db88fb496dad,decision_key_rate,statement,Заявление Председателя Банка России Эльвиры Набиуллиной по итогам заседания Совета директоров Банка России 14 февраля 2025 года,14.02.2025,Банк не может сделать выводы.,Credit,Backward-looking,Risk-highlighting,3,1,3,2025-02-14,2025,False
manual_002118,manual,False,,f1360a2ce911197128693e30e673db88fb496dad,decision_key_rate,statement,Заявление Председателя Банка России Эльвиры Набиуллиной по итогам заседания Совета директоров Банка России 14 февраля 2025 года,14.02.2025,И может быть просто чрезмерная закредитованность гражданина.,Credit,Forward-looking,Risk-highlighting,3,0,3,2025-02-14,2025,False
manual_002119,manual,False,,f1360a2ce911197128693e30e673db88fb496dad,decision_key_rate,statement,Заявление Председателя Банка России Эльвиры Набиуллиной по итогам заседания Совета директоров Банка России 14 февраля 2025 года,14.02.2025,Мы в банках вот такие риски недопущения чрезмерной закредитованности регулируем через показатели долговой нагрузки.,Financial sector & Macroprudential policy,Backward-looking,Confidence-building,10,1,4,2025-02-14,2025,False
manual_002120,manual,False,,f1360a2ce911197128693e30e673db88fb496dad,decision_key_rate,statement,Заявление Председателя Банка России Эльвиры Набиуллиной по итогам заседания Совета директоров Банка России 14 февраля 2025 года,14.02.2025,Здесь эта долговая нагрузка не учитывается.,Credit,Backward-looking,Risk-highlighting,3,1,3,2025-02-14,2025,False
manual_002121,manual,False,,f1360a2ce911197128693e30e673db88fb496dad,decision_key_rate,statement,Заявление Председателя Банка России Эльвиры Набиуллиной по итогам заседания Совета директоров Банка России 14 февраля 2025 года,14.02.2025,А с чем могут столкнуться застройщики?,Other,Other,Other,11,2,5,2025-02-14,2025,False
manual_002122,manual,False,,f1360a2ce911197128693e30e673db88fb496dad,decision_key_rate,statement,Заявление Председателя Банка России Эльвиры Набиуллиной по итогам заседания Совета директоров Банка России 14 февраля 2025 года,14.02.2025,"Если человек покупает жилье в рассрочку, то, соответственно, не наполняются эскроу-счета и застройщики могут потерять то, по сути дела, льготное финансирование, которое сейчас получают под проекты, потому что наполнение эскроу-счетов ведет к тому, что застройщики получают кредиты по достаточно низким ставкам.",Credit,Forward-looking,Risk-highlighting,3,0,3,2025-02-14,2025,False
manual_002123,manual,False,,f1360a2ce911197128693e30e673db88fb496dad,decision_key_rate,statement,Заявление Председателя Банка России Эльвиры Набиуллиной по итогам заседания Совета директоров Банка России 14 февраля 2025 года,14.02.2025,Это риск для застройщиков.,Credit,Backward-looking,Risk-highlighting,3,1,3,2025-02-14,2025,False
manual_002124,manual,False,,f1360a2ce911197128693e30e673db88fb496dad,decision_key_rate,statement,Заявление Председателя Банка России Эльвиры Набиуллиной по итогам заседания Совета директоров Банка России 14 февраля 2025 года,14.02.2025,"Что касается стандарта, вот тот стандарт ипотечный, который начал действовать, касается деятельности банков, он не регулирует отношения людей и застройщиков.",Financial sector & Macroprudential policy,Backward-looking,Neutral,10,1,2,2025-02-14,2025,False
manual_002125,manual,False,,f1360a2ce911197128693e30e673db88fb496dad,decision_key_rate,statement,Заявление Председателя Банка России Эльвиры Набиуллиной по итогам заседания Совета директоров Банка России 14 февраля 2025 года,14.02.2025,"Пока мы не видим, как его можно распространить (на застройщиков. — Ред.).",Financial sector & Macroprudential policy,Backward-looking,Neutral,10,1,2,2025-02-14,2025,False
manual_002126,manual,False,,f1360a2ce911197128693e30e673db88fb496dad,decision_key_rate,statement,Заявление Председателя Банка России Эльвиры Набиуллиной по итогам заседания Совета директоров Банка России 14 февраля 2025 года,14.02.2025,"Поэтому очень важно, чтобы рассрочка для покупателя была очень прозрачная, не было скрытых переплат и комиссий и чтобы люди понимали, какие последствия от этого могут быть.",Credit,Forward-looking,Risk-highlighting,3,0,3,2025-02-14,2025,False
manual_002127,manual,False,,f1360a2ce911197128693e30e673db88fb496dad,decision_key_rate,statement,Заявление Председателя Банка России Эльвиры Набиуллиной по итогам заседания Совета директоров Банка России 14 февраля 2025 года,14.02.2025,Поэтому беспокойство у нас есть.,Financial sector & Macroprudential policy,Backward-looking,Risk-highlighting,10,1,3,2025-02-14,2025,False
manual_002128,manual,False,,f1360a2ce911197128693e30e673db88fb496dad,decision_key_rate,statement,Заявление Председателя Банка России Эльвиры Набиуллиной по итогам заседания Совета директоров Банка России 14 февраля 2025 года,14.02.2025,"Будем смотреть, что дальше делать.",Financial sector & Macroprudential policy,Forward-looking,Neutral,10,0,2,2025-02-14,2025,False
manual_002129,manual,False,,f1360a2ce911197128693e30e673db88fb496dad,decision_key_rate,statement,Заявление Председателя Банка России Эльвиры Набиуллиной по итогам заседания Совета директоров Банка России 14 февраля 2025 года,14.02.2025,ВОПРОС ( проект Law and Finance ):.,Other,Other,Other,11,2,5,2025-02-14,2025,False
manual_002130,manual,False,,f1360a2ce911197128693e30e673db88fb496dad,decision_key_rate,statement,Заявление Председателя Банка России Эльвиры Набиуллиной по итогам заседания Совета директоров Банка России 14 февраля 2025 года,14.02.2025,Что изменилось в оценке Центральным банком состояния банковской системы за последние месяцы?,Financial sector & Macroprudential policy,Backward-looking,Neutral,10,1,2,2025-02-14,2025,False
manual_002131,manual,False,,f1360a2ce911197128693e30e673db88fb496dad,decision_key_rate,statement,Заявление Председателя Банка России Эльвиры Набиуллиной по итогам заседания Совета директоров Банка России 14 февраля 2025 года,14.02.2025,"Сохраняется ли у банков достаточный уровень капитала и ликвидности, чтобы выдержать более высокую ставку при необходимости?",Financial sector & Macroprudential policy,Forward-looking,Risk-highlighting,10,0,3,2025-02-14,2025,False
manual_002132,manual,False,,f1360a2ce911197128693e30e673db88fb496dad,decision_key_rate,statement,Заявление Председателя Банка России Эльвиры Набиуллиной по итогам заседания Совета директоров Банка России 14 февраля 2025 года,14.02.2025,Э.С. НАБИУЛЛИНА:.,Other,Other,Other,11,2,5,2025-02-14,2025,True
manual_002133,manual,False,,f1360a2ce911197128693e30e673db88fb496dad,decision_key_rate,statement,Заявление Председателя Банка России Эльвиры Набиуллиной по итогам заседания Совета директоров Банка России 14 февраля 2025 года,14.02.2025,У банков достаточно капитала и ликвидности.,Financial sector & Macroprudential policy,Backward-looking,Confidence-building,10,1,4,2025-02-14,2025,False
manual_002134,manual,False,,f1360a2ce911197128693e30e673db88fb496dad,decision_key_rate,statement,Заявление Председателя Банка России Эльвиры Набиуллиной по итогам заседания Совета директоров Банка России 14 февраля 2025 года,14.02.2025,"И как я только что говорила, перед 2022 годом был большой запас капитала, то есть большой запас капитала сверх нормативов, и это помогло пройти наиболее острую фазу кризиса.",Financial sector & Macroprudential policy,Backward-looking,Confidence-building,10,1,4,2025-02-14,2025,False
manual_002135,manual,False,,f1360a2ce911197128693e30e673db88fb496dad,decision_key_rate,statement,Заявление Председателя Банка России Эльвиры Набиуллиной по итогам заседания Совета директоров Банка России 14 февраля 2025 года,14.02.2025,"Но в 2023–2024 годах банки наращивали кредитование быстрее, чем прирастал их капитал.",Financial sector & Macroprudential policy,Backward-looking,Risk-highlighting,10,1,3,2025-02-14,2025,False
manual_002136,manual,False,,f1360a2ce911197128693e30e673db88fb496dad,decision_key_rate,statement,Заявление Председателя Банка России Эльвиры Набиуллиной по итогам заседания Совета директоров Банка России 14 февраля 2025 года,14.02.2025,"И далее, на наш взгляд, уже прирост кредитования должен быть соразмерен приросту капитала банков.",Financial sector & Macroprudential policy,Forward-looking,Hawkish,10,0,0,2025-02-14,2025,False
manual_002137,manual,False,,f1360a2ce911197128693e30e673db88fb496dad,decision_key_rate,statement,Заявление Председателя Банка России Эльвиры Набиуллиной по итогам заседания Совета директоров Банка России 14 февраля 2025 года,14.02.2025,"Мы считаем, что запас капитала над вот этим минимальным уровнем, который мы регулируем, должен быть всегда, поэтому ужесточаем требования, чтобы банки сформировали этот запас, и макропруденциальные надбавки тоже работают на формирование запаса капитала.",Financial sector & Macroprudential policy,Forward-looking,Hawkish,10,0,0,2025-02-14,2025,False
manual_002138,manual,False,,f1360a2ce911197128693e30e673db88fb496dad,decision_key_rate,statement,Заявление Председателя Банка России Эльвиры Набиуллиной по итогам заседания Совета директоров Банка России 14 февраля 2025 года,14.02.2025,"На начало 2025 года за счет таких макропруденциальных надбавок банковский сектор уже накопил дополнительный буфер капитала — 1,2 триллиона рублей.",Financial sector & Macroprudential policy,Backward-looking,Confidence-building,10,1,4,2025-02-14,2025,False
manual_002139,manual,False,,f1360a2ce911197128693e30e673db88fb496dad,decision_key_rate,statement,Заявление Председателя Банка России Эльвиры Набиуллиной по итогам заседания Совета директоров Банка России 14 февраля 2025 года,14.02.2025,"Что касается влияния высоких ставок на банки, на капитал банков, запас капитала не связан с тем, что надо подстраиваться под высокие ставки.",Financial sector & Macroprudential policy,Backward-looking,Neutral,10,1,2,2025-02-14,2025,False
manual_002140,manual,False,,f1360a2ce911197128693e30e673db88fb496dad,decision_key_rate,statement,Заявление Председателя Банка России Эльвиры Набиуллиной по итогам заседания Совета директоров Банка России 14 февраля 2025 года,14.02.2025,"Но, конечно, высокие ставки означают, что банки должны учитывать риски заемщиков, которые берут долги по этим высоким ставкам, и должен быть достаточный запас капитала.",Financial sector & Macroprudential policy,Forward-looking,Risk-highlighting,10,0,3,2025-02-14,2025,False
manual_002141,manual,False,,f1360a2ce911197128693e30e673db88fb496dad,decision_key_rate,statement,Заявление Председателя Банка России Эльвиры Набиуллиной по итогам заседания Совета директоров Банка России 14 февраля 2025 года,14.02.2025,И банки должны наращивать долю высоколиквидных активов.,Financial sector & Macroprudential policy,Forward-looking,Confidence-building,10,0,4,2025-02-14,2025,False
manual_002142,manual,False,,f1360a2ce911197128693e30e673db88fb496dad,decision_key_rate,statement,Заявление Председателя Банка России Эльвиры Набиуллиной по итогам заседания Совета директоров Банка России 14 февраля 2025 года,14.02.2025,"Мы дали некоторые послабления по графику, но все равно они должны это делать и улучшать ликвидность баланса.",Financial sector & Macroprudential policy,Forward-looking,Confidence-building,10,0,4,2025-02-14,2025,False
manual_002143,manual,False,,f1360a2ce911197128693e30e673db88fb496dad,decision_key_rate,statement,Заявление Председателя Банка России Эльвиры Набиуллиной по итогам заседания Совета директоров Банка России 14 февраля 2025 года,14.02.2025,"В целом мы ожидаем, что банки будут улучшать свою позицию по капиталу и по ликвидности, и это будет очень хорошей базой для финансирования экономики.",Financial sector & Macroprudential policy,Forward-looking,Confidence-building,10,0,4,2025-02-14,2025,False
manual_002144,manual,False,,f1360a2ce911197128693e30e673db88fb496dad,decision_key_rate,statement,Заявление Председателя Банка России Эльвиры Набиуллиной по итогам заседания Совета директоров Банка России 14 февраля 2025 года,14.02.2025,ВОПРОС (проект Pro. finansy ):.,Other,Other,Other,11,2,5,2025-02-14,2025,False
manual_002145,manual,False,,f1360a2ce911197128693e30e673db88fb496dad,decision_key_rate,statement,Заявление Председателя Банка России Эльвиры Набиуллиной по итогам заседания Совета директоров Банка России 14 февраля 2025 года,14.02.2025,Cегодня был повышен прогноз по инфляции на 2025 год.,Inflation,Forward-looking,Hawkish,0,0,0,2025-02-14,2025,False
manual_002146,manual,False,,f1360a2ce911197128693e30e673db88fb496dad,decision_key_rate,statement,Заявление Председателя Банка России Эльвиры Набиуллиной по итогам заседания Совета директоров Банка России 14 февраля 2025 года,14.02.2025,"Возможно ли, что Центральный банк будет снижать ключевую ставку до достижения цели по этой инфляции?",Interest rate,Forward-looking,Dovish,1,0,1,2025-02-14,2025,False
manual_002147,manual,False,,f1360a2ce911197128693e30e673db88fb496dad,decision_key_rate,statement,Заявление Председателя Банка России Эльвиры Набиуллиной по итогам заседания Совета директоров Банка России 14 февраля 2025 года,14.02.2025,Э.С. НАБИУЛЛИНА:.,Other,Other,Other,11,2,5,2025-02-14,2025,True
manual_002148,manual,False,,f1360a2ce911197128693e30e673db88fb496dad,decision_key_rate,statement,Заявление Председателя Банка России Эльвиры Набиуллиной по итогам заседания Совета директоров Банка России 14 февраля 2025 года,14.02.2025,"Для того чтобы мы начали снижать ставку, необязательно, чтобы инфляция уже пришла к 4%.",Interest rate,Forward-looking,Dovish,1,0,1,2025-02-14,2025,False
manual_002149,manual,False,,f1360a2ce911197128693e30e673db88fb496dad,decision_key_rate,statement,Заявление Председателя Банка России Эльвиры Набиуллиной по итогам заседания Совета директоров Банка России 14 февраля 2025 года,14.02.2025,"Нам важно убедиться, что инфляция устойчиво замедляется к целевому уровню.",Inflation,Forward-looking,Dovish,0,0,1,2025-02-14,2025,False
manual_002150,manual,False,,f1360a2ce911197128693e30e673db88fb496dad,decision_key_rate,statement,Заявление Председателя Банка России Эльвиры Набиуллиной по итогам заседания Совета директоров Банка России 14 февраля 2025 года,14.02.2025,"Иначе говоря, если мы будем видеть выраженную, обеспеченную устойчивыми, а не разовыми какими-то факторами, тенденцию к замедлению, которая, по нашему прогнозу, приведет инфляцию к 4%, то это возможно.",Inflation,Forward-looking,Dovish,0,0,1,2025-02-14,2025,False
manual_002151,manual,False,,f1360a2ce911197128693e30e673db88fb496dad,decision_key_rate,statement,Заявление Председателя Банка России Эльвиры Набиуллиной по итогам заседания Совета директоров Банка России 14 февраля 2025 года,14.02.2025,Пока мы таких предпосылок не видим.,Inflation,Backward-looking,Hawkish,0,1,0,2025-02-14,2025,False
manual_002152,manual,False,,f1360a2ce911197128693e30e673db88fb496dad,decision_key_rate,statement,Заявление Председателя Банка России Эльвиры Набиуллиной по итогам заседания Совета директоров Банка России 14 февраля 2025 года,14.02.2025,Мы еще не видим этих устойчивых тенденций.,Inflation,Backward-looking,Hawkish,0,1,0,2025-02-14,2025,False
manual_002153,manual,False,,f1360a2ce911197128693e30e673db88fb496dad,decision_key_rate,statement,Заявление Председателя Банка России Эльвиры Набиуллиной по итогам заседания Совета директоров Банка России 14 февраля 2025 года,14.02.2025,"Мы следим за широким кругом показателей, но последние данные, которые есть и по кредитованию, и по сбережениям, о чем мы говорили, по динамике денежных агрегатов, — если они станут устойчивыми, — да, то возможно снижение ставки.",Interest rate,Forward-looking,Dovish,1,0,1,2025-02-14,2025,False
manual_002154,manual,False,,f1360a2ce911197128693e30e673db88fb496dad,decision_key_rate,statement,Заявление Председателя Банка России Эльвиры Набиуллиной по итогам заседания Совета директоров Банка России 14 февраля 2025 года,14.02.2025,"Если мы, наоборот, увидим, что начинают преобладать проинфляционные тенденции, то возможно и увеличение ставки.",Interest rate,Forward-looking,Hawkish,1,0,0,2025-02-14,2025,False
manual_002155,manual,False,,f1360a2ce911197128693e30e673db88fb496dad,decision_key_rate,statement,Заявление Председателя Банка России Эльвиры Набиуллиной по итогам заседания Совета директоров Банка России 14 февраля 2025 года,14.02.2025,А.Б. ЗАБОТКИН:.,Other,Other,Other,11,2,5,2025-02-14,2025,True
manual_002156,manual,False,,f1360a2ce911197128693e30e673db88fb496dad,decision_key_rate,statement,Заявление Председателя Банка России Эльвиры Набиуллиной по итогам заседания Совета директоров Банка России 14 февраля 2025 года,14.02.2025,"Для того чтобы мы сочли, что достаточно сведений, чтобы судить об устойчивости тенденций, все-таки мы должны это увидеть, в том числе и в динамике самой инфляции, и в снижении инфляционных ожиданий.",Inflation,Forward-looking,Dovish,0,0,1,2025-02-14,2025,False
manual_002157,manual,False,,f1360a2ce911197128693e30e673db88fb496dad,decision_key_rate,statement,Заявление Председателя Банка России Эльвиры Набиуллиной по итогам заседания Совета директоров Банка России 14 февраля 2025 года,14.02.2025,"То есть пока то, что мы видим в данных, — это замедление роста кредитования, замедление роста денежных агрегатов, но пока это еще не переложилось в инфляцию и инфляционные ожидания.",Credit,Backward-looking,Neutral,3,1,2,2025-02-14,2025,False
manual_002158,manual,False,,f1360a2ce911197128693e30e673db88fb496dad,decision_key_rate,statement,Заявление Председателя Банка России Эльвиры Набиуллиной по итогам заседания Совета директоров Банка России 14 февраля 2025 года,14.02.2025,То есть снижение ставки без синхронного снижения инфляционных ожиданий всех типов экономических агентов крайне маловероятно.,Interest rate,Forward-looking,Hawkish,1,0,0,2025-02-14,2025,False
manual_002159,manual,False,,f1360a2ce911197128693e30e673db88fb496dad,decision_key_rate,statement,Заявление Председателя Банка России Эльвиры Набиуллиной по итогам заседания Совета директоров Банка России 14 февраля 2025 года,14.02.2025,"Надо, чтобы инфляционные ожидания пошли вниз.",Expectations,Forward-looking,Dovish,4,0,1,2025-02-14,2025,False
manual_002160,manual,False,,f1360a2ce911197128693e30e673db88fb496dad,decision_key_rate,statement,Заявление Председателя Банка России Эльвиры Набиуллиной по итогам заседания Совета директоров Банка России 14 февраля 2025 года,14.02.2025,Э.С. НАБИУЛЛИНА:.,Other,Other,Other,11,2,5,2025-02-14,2025,True
manual_002161,manual,False,,f1360a2ce911197128693e30e673db88fb496dad,decision_key_rate,statement,Заявление Председателя Банка России Эльвиры Набиуллиной по итогам заседания Совета директоров Банка России 14 февраля 2025 года,14.02.2025,Спасибо!,Other,Other,Other,11,2,5,2025-02-14,2025,True
